College Name,Overall_Performance_Score,Placement_Rate,Avg_Doc_DSS,Fund_Utilization,Infrastructure_Quality
Indian Institute Of Technology Jammu,90.17198729232311,98.12384296576676,97.13997263316404,99.6374487513284,63.121387283237
Indian Institute Of Technology Dharwad,89.20537034400724,93.94388082809276,93.24823087142914,97.4781685924206,66.11111111111111
Indian Institute Of Technology Goa,88.21384887161705,93.9971024913187,93.689541899262,97.18627190666916,61.81818181818181
Indian Institute Of Technology Bhilai,87.48021021877042,92.21538860263374,98.21717371833752,93.05924384640892,61.54613466334165
International Institute Of Technology And Business,82.53573802126057,98.73281566493938,98.1931895181036,96.7689698451155,20.0
Homi Bhabha National Institute,82.2848769178633,97.5899012585524,97.84565306745009,97.43648005031258,20.0
Visvesvaraya National Institute Of Technology Nagpur,82.18932392329782,97.8049969359275,97.4320456953354,99.96943700165912,20.0
Remote Sensing Applications Centre,81.61418917354924,73.546783106781,79.47706809967863,82.12902820572918,75.38461538461539
Brm International Institute Of Technology,81.56280077104944,97.4145479454588,92.63885757141315,98.48951779088134,20.0
Indian Institute Of Technology Ropar,81.45824947454052,98.01037034020148,99.81590429237258,97.9633667768192,20.0
Maharishi Arvind International Institute Of Technology,81.43572681896097,96.41713660974484,95.4430615634179,98.29270415105591,20.0
Indian Institute Of Technology Tirupati,81.27806716629041,97.7861341205206,96.97124617571674,98.5568064010447,20.0
National Institute Of Technical Teachers Training And Research,80.81924857555893,95.22630458883756,96.58583148626649,99.65892976286386,20.0
National Institute Of Technology Arunachal Pradesh,80.77232612132647,97.09981725772596,99.046938890308,94.43488470721373,20.0
Indian Institute Of Technology Palakkad,80.59216455896063,93.95584435011558,98.85046939242434,96.09137738581492,20.0
National Institute Of Fashion Technology,80.53941927347057,94.05378237354678,98.7898842184192,99.31321562430938,20.0
Indian Institute Of Technology Bhubaneswar,80.50178361096785,98.67858429677776,96.94724696513772,95.00982448974416,20.0
National Institute Of Technology Goa,80.49059402369164,97.02985859433508,99.53910718804424,97.27983069443792,20.0
Sr International Institute Of Technology,80.46789463313442,96.19550586230396,99.45986494468276,96.1764025553349,20.0
Govind Ballabh Pant University Of Agriculture And Technology,80.46304620587233,76.03439133262842,57.32731557422238,67.99747197421829,100.0
Indian Institute Of Technology Patna,80.37640738890434,96.98064246255,95.09464521870387,99.51377994708623,20.0
Babu Banarasi Das National Institute Of Technology And Management,80.29244378733402,93.05411215277684,93.54859181811284,98.72727869882284,20.0
Indian Institute Of Technology Hyderabad,80.16948400206827,94.71597049443496,90.8102963157803,99.32171117804651,20.0
International Institute Of Information Technology Bangalore,80.08866323005495,98.6316843740475,94.81053138089258,95.16724982178523,20.0
Scad Institute Of Technology,80.01837274229743,79.25107120674326,65.52764585285982,82.27877522372862,76.80981595092024
National Institute Of Technology Mizoram,79.89332386674856,93.0154609147912,99.90332182525972,97.29518762644368,20.0
National Institute Of Technology Andhra Pradesh,79.8372466361392,98.65948739992538,93.04025728095796,97.39178516273806,20.0
National Institute Of Technology Durgapur,79.82052992523525,96.23777605316748,97.44729543677472,99.68849843108896,20.0
Indian Institute Of Technology Guwahati,79.75706253093382,93.28596961577132,97.3316225069873,99.92163184944738,20.0
National Institute Of Technology Uttarakhand,79.70485247088749,95.75342979440784,98.86883064537328,93.7723144852051,20.0
Meerut International Institute Of Technology,79.68324378189095,93.3390154081934,94.88003282358378,91.66525553109908,20.0
National Institute Of Technology Manipur,79.66853671733173,96.3265454370076,91.45984546894906,99.09254023986348,20.0
Sine International Institute Of Technology,79.63562954812701,94.62848634407592,92.82885810113628,92.78332164428453,20.0
National Institute Of Technology Nagaland,79.57697381768253,96.0432104067498,92.56649610006691,98.93449055522196,20.0
National Institute Of Technology Silchar,79.52539764689305,98.018356723941,95.80689330911542,93.43394457374916,20.0
National Institute Of Technology Sikkim,79.51617299908628,92.29457100792442,99.98647900028163,95.76487534929836,20.0
Indian Institute Of Technology Mandi,79.49273367668745,98.3604851791386,93.64424512377477,91.67414565142587,20.0
National Institute Of Technology Raipur,79.46565212917831,96.88994875064488,95.24209039081384,95.2009754159342,20.0
National Institute Of Electronics And Information Technology,79.3764916801948,93.9827451974214,96.3734847500852,92.06541423017414,20.0
International Institute Of Technology And Management,79.34464573288761,92.97560528408492,95.17041805185346,96.13329423219352,20.0
National Institute Of Technology Rourkela,79.24868188452925,94.76655034408807,99.11812592325862,91.22110547366016,20.0
National Institute Of Pharmaceutical Education And Research Sas Nagar,79.20742238185323,98.8886149268874,95.17145778342784,90.74597755783802,20.0
Indian Institute Of Technology Gandhinagar,79.15737429109592,98.51271941760884,90.838439154914,97.11374774177644,20.0
Dr B R Ambedkar National Institute Of Technology Jalandhar,79.0958608704199,95.38365700543336,94.2669349058319,96.91723519280544,20.0
National Institute Of Aeronautical Engineering Research And Management,79.05003311728494,94.29425364611586,90.41539398033358,99.74982023528752,20.0
Malaviya National Institute Of Technology Jaipur,78.98964388370067,95.48663431406392,99.17488054095972,95.92567414260913,20.0
Indian Institute Of Technology Banaras Hindu University Varanasi,78.8638905752798,95.52145197367108,92.36909512061186,98.91942457296524,20.0
Navsari Agricultural University,78.80971303823736,69.6652227887224,73.60210119747424,77.97876580144836,76.10837438423644
Indian Institute Of Technology Indian School Of Mines Dhanbad,78.79525938050334,97.61676264437288,94.29839533529348,99.76557834218352,20.0
National Institute Of Technology Jamshedpur,78.75278215416226,97.9285887349846,92.83229058241824,93.970125635163,20.0
Satyam International Institute Of Technology,78.7208382851402,97.47826345119752,97.66911586057827,91.110480381618,20.0
Dr Shyama Prasad Mukherjee International Institute Of Information Technology,78.71931571716203,94.73668872236344,94.51016073027516,93.45306583576422,20.0
Maa Buddha National Institute Of Engineering And Technology,78.3940657902013,95.75788158423528,95.42090320438554,95.31027252927665,20.0
National Institute Of Industrial Engineering,78.19195914461537,98.71690542487518,91.23216111110447,90.79949169720987,20.0
Sardar Vallabhbhai National Institute Of Technology Surat,78.18555965406577,97.17845477140489,99.8528686894691,91.15542266527552,20.0
National Institute Of Food Technology Entrepreneurship And Management,78.18021244071167,93.22838027444936,98.9787821472362,95.58006710306068,20.0
Indian Institute Of Technology Indore,78.10514631179615,92.85097321610353,97.12203261442102,90.53760108697983,20.0
National Institute Of Technology Puducherry Karaikal,78.08538569610229,94.50137730568304,96.45410114421446,92.83985265063596,20.0
National Institute Of Science And Technology,78.05497629922492,94.78050124640993,92.8035165419937,91.26345366396043,20.0
National Institute Of Technology Patna,77.96374307117213,98.80515403521932,90.78923031069736,96.3499152540441,20.0
National Institute Of Technology Meghalaya,77.89939779488921,96.05598666690356,90.36591660037853,90.95375719487924,20.0
Maulana Azad National Institute Of Technology Bhopal,77.86808423898984,97.2345515872578,99.37839918871424,90.06806471608041,20.0
National Institute Of Technology Agartala,77.77766694958818,95.71911398425866,99.010294906872,98.36963237842998,20.0
National Institute Of Technology Delhi,77.76003897058445,95.02466099273778,91.31403099755276,92.31822793037412,20.0
National Institute Of Foundry And Forge Technology,77.75428369310208,96.08768513771014,90.89431319616608,93.53444290738662,20.0
National Institute Of Technology Hamirpur,77.69389684467461,97.41367870349228,90.49520944239372,98.35030927622596,20.0
National Institute Of Technology Kurukshetra,77.47649218687282,97.44623850875932,91.9241825058276,94.67487999284768,20.0
National Institute Of Technology Srinagar,77.31339145521949,98.54299623777304,95.98391629945988,92.62239423922838,20.0
Indian Institute Of Technology Jodhpur,77.03299313257583,94.56682577065112,90.49279823167946,90.74163708063774,20.0
International Institute Of Information Technology,76.92863209680206,93.15904138641574,93.85010013038556,90.45639711505513,20.0
The National Institute Of Engineering,75.74390966650964,93.08559794307182,91.85529670209112,92.63401089316164,20.0
Mother India Polytechnic College,75.70688446513724,73.90206719327651,41.09298773021186,60.10681435530709,100.0
Minerva Polytechnic College,74.91018434588334,46.4923616456656,77.33699053353213,52.15707041373351,100.0
Sankalchand Patel University,74.39080548839124,68.35091798043464,54.19573231203388,84.88117492748347,68.84615384615384
Amity School Of Distance Learning,73.74661111738436,74.94746644565757,66.94322284352504,68.4271579232306,64.63054187192118
Trimurti Institute Of Technology Polytechnic,73.65224015011286,57.50584360284906,72.96462267731562,83.69579910301754,60.90909090909091
National Dairy Research Institute,73.3507112917526,42.88221967022381,82.05269813398962,82.69517962068048,71.25475285171103
Safa College Of Engineering And Technology,73.18761839703784,55.39114973878425,47.00543857591291,66.41990447601074,100.0
Bharat Engineering College,72.61878579046397,79.45380767050102,83.53586344934227,83.61686349275959,20.0
Assam Science And Technology University,72.48974117995738,55.53649894104522,60.41215392243064,73.59096398272008,77.5
Kalka Engineering College,72.29449507619584,63.806207859487785,49.342590978095394,58.78505499358767,88.33333333333334
Vindhya Institute Of Technology And Science,72.16704947790696,78.07095788492387,82.99413145294548,84.77491427162954,20.0
Pm College Of Architecture,72.095103761751,73.3931621730465,50.61470324435237,69.35139032303258,67.14285714285714
Sdncres'S Late Narayandas Bhawandas Chhabada Institute Of Engineering And Technology,71.65858448193731,61.12890009776935,70.28668972040481,73.90458786720444,60.0
Hon Shri Babanrao Pachpute Vichardhara Trust'S Group Of Institutions,71.61161269005488,77.31547442554074,48.19988719044994,61.34401117978662,67.84810126582279
Charotar University Of Science And Technology,71.39492669276459,62.53600023035613,61.476265297635926,69.16583991574936,65.58139534883722
Ghani Khan Choudhury Institute Of Engineering And Technology,71.28926204613309,79.96355218932953,81.73241719969134,80.58249619886783,20.0
Dr Nallini Institute Of Engineering And Technology,71.2267355009583,66.50543258975796,46.76445746792551,65.15668080064204,77.5
Seshachala Institute Of Engineering And Technology,71.16394348102699,76.08070882998823,84.75373308304182,82.46554167416318,20.0
Amani Group Of Institutions,71.0274944159364,79.71085794564543,82.99799430420585,79.49828314795099,20.0
Avn Institute Of Engineering And Technology,70.81302521467948,75.61625020167236,84.98566350696841,80.44728747174969,20.0
Aj Institute Of Engineering And Technology,70.7638984834216,77.99597174663225,82.47744245780078,80.95484386008603,20.0
Ghanshyam Hemlata Institute Of Technology And Management,70.56913528164588,54.37508491219065,50.58070547407044,77.39490882796306,76.74418604651163
Itm- School Of Architecture Art And Design,70.52549158817965,79.92482572340253,76.83789881268021,83.08279787004838,20.0
Mahant Bachittar Singh College Of Engineering And Technology,70.37206895950062,77.94020073508665,84.52526009282619,80.56254810733951,20.0
Unnati Management College And Technology,70.36933475737199,79.14913035530131,79.93468826088476,81.30076344246477,20.0
Gurgaon College Of Engineering,70.33182201611064,79.32066157069676,82.38960576760252,80.97740857939601,20.0
Turbomachinery Institute Of Technology And Sciences,70.31747589626522,79.81901042866718,82.51725165601161,72.05987040156853,20.0
Am Reddy Memorial College Of Engineering And Technology,70.29433067138183,75.07061146365933,78.24380847598874,84.53041467202814,20.0
Csir-Central Electrochemical Research Institute,70.19097345560326,52.71555886772372,68.70026304332241,75.07837381155187,61.95804195804196
Saintgits College Of Engineering,70.12322509761644,77.66259193881943,83.15708052403122,75.76483656660653,20.0
Centurion Institute Of Technology,70.01618548978746,77.33291301860922,81.72863381527785,72.67412907312321,20.0
Tsm Jain College Of Technology,70.0102253049903,74.70863209126492,81.79426388073088,79.58809670685265,20.0
Faculty Of Engineering And Technology,69.97882332615224,78.72271214506101,78.63042761455766,73.67410542782058,20.0
Smt Premalatai Chavan Polytechnic,69.96572982590648,78.09944322025443,83.5254026867633,80.15671854490554,20.0
Abha Gaikwad-Patil College Of Engineering,69.9509183237703,72.94473285346803,84.15060262385032,77.99484305186233,20.0
Asifia College Of Engineering And Technology,69.90514886358635,78.06223491966261,76.54411049978165,81.01810152289222,20.0
Bharat Institute Of Polytechnic,69.82928896625272,79.98406975217459,70.52136569164296,80.14131314293843,20.0
Punjabi University Regional Centre For Information Technology And Management,69.71570137083333,77.90861293635281,75.64486807704483,77.67167327949592,20.0
Nibedita Institute Of Technology,69.71500972437363,79.42411486946517,77.06312239257838,80.58791062567427,20.0
World Institute Of Technology,69.66702483290048,78.08174933442086,74.53941334599776,77.56968531716923,20.0
Avs College Of Technology,69.6638018119582,75.30553764478108,84.71773345223656,75.07218154703168,20.0
Dr Pauls Engineering College,69.62922900926402,73.51709294944934,83.76087988850358,74.84234148514935,20.0
Sri Parashuram Institute Of Technology And Research,69.61552676185735,74.45322306767206,76.50992779785244,78.90353035343934,20.0
Dpg Institute Of Technology And Management,69.6074825192589,78.01509497198414,73.51155804158998,84.39026683391816,20.0
Gyan Sagar College Of Engineering,69.60419264302058,77.77982101760682,75.03723026920831,84.03562164897009,20.0
Ganpati Institute Of Technology And Management,69.59859807766082,75.94240088497247,79.56541146468984,78.69784978827758,20.0
Bn College Of Engineering And Technology,69.56451948080792,79.94534310896557,76.69486561064255,81.58931715538625,20.0
Army Institute Of Technology,69.45296165721685,76.27482485548049,81.14183241177332,83.59481529550263,20.0
Bharathiar College Of Engineering And Technology,69.45082993960393,78.64908804689075,74.39506944836353,78.48291413313031,20.0
Bapatla Engineering College,69.43041021330286,75.47566793304313,83.83372632178761,80.84195536084299,20.0
Cambridge Institute Of Technology,69.423520635363,75.81309429913202,75.9705180789636,78.85682931445487,20.0
Matha College Of Technology,69.3978557798695,79.08782418320243,72.21679464405412,84.76520828277684,20.0
Harshith Group Of Institutions,69.3814996208879,76.01534494473725,53.2035665258197,51.91721993954693,60.0
Megha Institute Of Engineering And Technology For Women,69.36333317215556,77.1636020228382,75.76477943966086,76.32737605428981,20.0
Ilm College Of Engineering And Technology,69.35827988795259,73.39125797728457,82.50848425744425,73.74569974597125,20.0
Rte Society'S Rural Engineering College,69.33774897440628,70.00721413721101,84.89909787425276,82.39948889071607,20.0
Siddaganga Institute Of Technology,69.3130219629968,76.90920175095772,84.34243928863066,76.24702324900704,20.0
Kiet School Of Engineering,69.28435040175194,76.62118073810593,77.73778149849636,84.89212151418022,20.0
St Judes Polytechnic College,69.2728233754029,75.68606086740098,84.38142556389488,76.05570919404673,20.0
Modern Engineering And Management Studies,69.25892357528997,78.97480024864254,81.132758012667,82.3867016261951,20.0
Carmel College Of Engineering And Technology,69.23175020380516,79.03960553466874,77.28511204147996,78.99739347025088,20.0
S Padmavathy Polytechnic College,69.17647125649134,68.08523024116732,52.795619130513685,59.00913669583179,64.21052631578948
Bhai Maha Singh College Of Engineering,69.17435037050986,66.95082133062884,84.15242770282546,83.88420057015227,20.0
Jaya Sakthi Engineering College,69.16434508928565,68.48900416189952,80.18529134731224,83.93379861969173,20.0
Annai Jkk Sampoorani Ammal Polytechnic College,69.15682118539077,78.23368584426677,73.68203923029948,81.7033480183197,20.0
Shri Yogindra Sagar Institute Of Technology And Science,69.11884453455815,70.62811380698523,82.02679104524917,81.54561659431081,20.0
Mnsk College Of Engineering,69.09893244758021,78.61849734764738,84.55052382151584,59.732784213863184,20.0
Bahubali College Of Engineering,69.09849797696012,70.68682419202233,82.87885012441589,82.3830310173958,20.0
Dev Bhoomi Group Of Institutions,69.07606605845857,63.50519362424114,83.89568390019909,83.37057749713904,20.0
Arya Institute Of Engineering And Technology,69.0268549416168,79.79347802164338,71.45504962265433,82.40052167600749,20.0
Shekhawati Engineering College,69.01715600067362,78.57871669051487,80.43030142279106,71.66319737699835,20.0
Guru Nanak Institute Of Engineering And Management,69.0149062701312,76.36758799769945,83.44878156012693,65.11057528009528,20.0
Birbhum Institute Of Engineering And Technology,68.99182659692971,72.97514796056947,84.90527259024327,72.3199244864539,20.0
Grow More School Of Architecture,68.98253849100547,70.08837045436204,41.34612131140543,70.52946254852672,64.21052631578948
Alpha College Of Engineering And Technology,68.92631884466653,75.01631268344072,74.0758506568521,79.5243682792632,20.0
Maharishi Markandeshwar Group Of Institutions,68.88640526609336,72.29472369180687,80.56711664842547,81.78922092706948,20.0
Buchepalli Venkayamma Subbareddy Engineering College,68.86576575728323,77.48095377218718,82.67469669095286,69.7994753958613,20.0
Centurion University Of Technology And Management,68.84135733452578,76.1591335862533,71.05846535602647,83.39098915839975,20.0
Apex Institute Of Technology,68.83827865101017,77.65235512682959,76.83268624146218,71.39699118905338,20.0
Vks College Of Engineering And Technology,68.83656749288744,71.54776488143732,81.57234294065381,74.69903102729539,20.0
Nc College Of Engineering,68.8165442114336,70.9907995703638,75.17414027185472,84.6616615958806,20.0
Alpine Institute Of Technology,68.81594341147361,68.56794674749979,77.53769582115547,81.88803921023629,20.0
Swaminarayan College Of Engineering And Technology,68.81532436459013,75.33462034019561,83.37775166043808,65.91139776502118,20.0
Azad Polytechnic,68.79502436836731,73.48706227085985,81.04762074670282,74.71337881710409,20.0
Brahmdevdada Mane Polytechnic,68.78726121797895,79.84758426735571,79.59227644933614,64.07075709984333,20.0
Konark Institute Of Science And Technology,68.70716685801659,77.13510558024964,76.56849080872996,75.56169136477973,20.0
Nadimpalli Satyanarayana Raju Institute Of Technology,68.69793141110323,68.51084694328677,83.02870383683768,78.40371559524368,20.0
Asn Women'S Engineering College,68.67738792525277,74.12198889967911,79.50547707686951,79.24249996736016,20.0
Gsss Institute Of Engineering And Technology For Women,68.66526406725562,78.03993929800001,82.24818733080278,72.73679883583705,20.0
Jk Institute Of Engineering,68.58698073544221,77.5003390330607,80.17590850905196,67.57809516911085,20.0
Kopal Institute Of Science And Technology,68.58467596531904,70.21418521157095,83.37281468827217,77.12564951017494,20.0
Arkay College Of Engineering And Technology,68.5585434100127,78.8565782815374,65.77646450243891,81.85805590415836,20.0
Sjvp Polytechnic,68.5224739768661,74.93754917404013,81.77399597389476,70.88858325718073,20.0
Dhirajlal Gandhi College Of Technology,68.51028896126738,72.37805967928395,77.37497691747706,84.43296883078435,20.0
Poornima Group Of Institutions,68.50623499342096,74.00508297004555,81.0596150852592,74.5405028126128,20.0
Sri Vaishnavi College Of Engineering,68.49265445584862,71.42650575052194,77.30197815268133,84.89737831104154,20.0
Raj Kumar Goel Engineering College,68.45304731013455,69.5688135203232,84.50616877631246,73.27018699458263,20.0
Malhotra Technical Research Institute,68.41104090726175,76.86494953630725,73.79996212574113,77.58516040666453,20.0
Vision Institute Of Technology,68.33271123765326,71.31946316199304,84.36122879664873,70.59826315180989,20.0
Saraswati Polytechnic College,68.3203922048531,69.57746718547324,84.97366006579114,72.07013632311102,20.0
Mahendra College Of Engineering,68.3143678157057,76.7872022097405,78.80170158530841,69.02203585054289,20.0
Uttaranchal Institute Of Technology,68.2676094076204,65.03282161580034,83.39288523304658,80.28738439210254,20.0
Suraj College Of Engineering And Technology,68.26386848170961,76.54969532076242,76.07991624625342,66.46278878912058,20.0
Datta Meghe Institute Of Engineering Technology And Research,68.26123987721604,71.37227011067024,78.1115004232942,82.51049346183736,20.0
Government Polytechnic For Women,68.23546863442232,79.0476530595779,81.94922175700938,68.66389355999321,20.0
College Of Advanced Technology,68.23126826168291,68.27366323771264,77.25260085862895,83.60726966975743,20.0
Vif College Of Engineering And Technology,68.22903988766896,73.85835801266269,71.09566470248701,80.20629570213914,20.0
Savitribai Phule Pune University,68.21413179099105,75.48095724323747,77.23484026543767,76.58526229659782,20.0
Dr Tma Pai Polytechnic,68.21013261680035,70.1918200877843,82.27017068661576,78.73347594535618,20.0
Pydah College Of Engineering,68.20020876001946,66.34442177061246,78.14407124708438,83.96541918315523,20.0
Vijay Pratap Institute Of Technology,68.19432796250386,67.55923325982576,84.3665467444984,82.90892335850631,20.0
Bhawani Institute Of Technical Education,68.18330977297867,64.18613977074364,83.2858008788823,78.98121481389244,20.0
Laxmi Institute Of Technology,68.18182308897738,71.25739048682698,73.81636737350496,80.65505893409917,20.0
Professional Institute Of Engineering And Technology,68.17224534485847,76.47623115622214,73.54308360101099,78.14436112622711,20.0
Ldrp Institute Of Technology And Research,68.17218867813098,78.9914925940195,80.11979901102758,60.05730285196744,20.0
Bengal Institute Of Technology And Management,68.14188463048843,72.97197283660121,83.63180980193646,69.0613075174501,20.0
Mayurakshi Institute Of Engineering And Technology,68.13960680854825,74.15776602717729,68.29909914724293,82.28185226303407,20.0
Sdm College Of Engineering And Technology,68.12973146488775,77.72484131423668,75.48596810278727,79.6286626888089,20.0
Malabar Institute Of Technology,68.10861098630413,79.41765733149933,84.55395757303222,55.78495842107651,20.0
Punjab College Of Engineering And Technology,68.0919392430847,71.28833267464861,78.67263448885684,74.36624679858944,20.0
Maharaja College Of Engineering,68.06038033249004,74.37602068553849,79.94856720498431,83.22712751677307,20.0
Green Hills Polytechnic,68.05304801658163,70.69508962344969,79.38682252577156,78.95550164652684,20.0
Warangal Institute Of Technology And Science,68.03990865213731,73.76510002466176,81.21655148383496,66.43386297843907,20.0
Erode Kongu College Of Polytechnic,68.03797914859221,72.71447058387702,84.40872725862468,66.04646189819246,20.0
Rr Institute Of Modern Technology,68.03725138515726,72.98499813659673,84.1298755698533,68.25899808370212,20.0
Anu College Of Engineering And Technology,68.03599541515665,73.74104886800632,75.4367187034847,79.97662986859456,20.0
Mspvl Polytechnic College,68.02767353347943,74.67838585577135,82.99284888278194,73.73594832488273,20.0
Neelkanth Institute Of Technology,68.00779092253799,79.06282719410575,77.73259835790363,62.3331372179935,20.0
Indo German Tool Room,67.9886173582805,73.84769678199358,75.81830418688472,78.55910439158987,20.0
Skn Sinhgad College Of Engineering,67.96124220143646,74.84916867124241,72.88680376191942,83.46623558147746,20.0
Aditya Polytechnic,67.94043437865886,76.99876949988169,65.74614963881466,80.4037312998208,20.0
Sri Ramakrishna Institute Of Technology,67.93729890674497,72.51705063490515,84.17488013372737,70.5173711721244,20.0
Madha Institute Of Engineering And Technology,67.92358515659429,79.20922662461803,67.00340809003654,71.86109240417075,20.0
Bagula Mukhi College Of Technology,67.91910350754803,73.09052240379386,78.66235783435471,74.20320493651792,20.0
St Michael College Of Engineering And Technology,67.91668178346046,73.19618982978207,78.90440085785794,71.50734155654108,20.0
Thamirabharani Engineering College,67.89436561094243,70.14206350253653,83.46935091119317,71.1311625916694,20.0
Adhi College Of Engineering And Technology,67.87630905848083,77.24901198440841,79.94803567387781,68.76633813145239,20.0
Baldev Ram Mirdha Institute Of Technology,67.86803198258127,62.32574178093024,82.44780178123719,82.92276994297407,20.0
Devasya Polytechnic,67.86301173519709,71.77652289828481,69.14174577814327,82.30513300156885,20.0
Sandipani Technical Campus Faculty Of Engineering And Polytechnic,67.8548716120365,69.13798403621605,83.55039418511528,82.31047517175571,20.0
Sd Shanti Niketan Institute Of Engineering And Technology,67.85117578681393,48.5775272351633,62.89008069457878,60.73914002034459,70.52631578947368
Baldev Ram Mirdha Institute Of Technology East Campus,67.84766622588478,75.7362506665331,70.67111850407757,76.63176315880406,20.0
Bhubaneswar Engineering College,67.84399013358635,78.6921473707595,73.78396794993023,72.3848616981081,20.0
Geethanjali College Of Engineering And Technology,67.80830195019287,79.26969366734791,78.92603083760108,66.0754226098447,20.0
Banaras Hindu University,67.76067257663293,79.8216342038867,68.29281264026513,82.81931861094685,20.0
Thanapandiyan Polytechnic College,67.7585364242639,79.46831627951477,71.75909460938945,67.33092288338206,20.0
Ves Ahinsa Polytechnic,67.75619106087345,75.796443639333,77.86890012469385,76.7503027274686,20.0
Bajaj Institute Of Technology,67.74005772067817,77.38081346319052,83.00305035174074,76.00607300799366,20.0
Amity School Of Engineering And Technology,67.73278042163794,79.93441315852505,74.18497767492235,71.58658699090077,20.0
Mes College Of Engineering,67.73073631355517,75.58169406980095,68.6975092095412,77.42555521830226,20.0
Dsr College Of Polytechnic,67.71298897863053,75.78124845040928,84.47811856912327,75.0359099035793,20.0
Sva College Of Polytechnic,67.71149908990726,78.69897421308538,77.19542905788549,57.80952393538029,20.0
Mg Institute Of Management And Technology,67.70538771409323,71.34700766706857,75.5096204502118,80.75955953003975,20.0
Guntupalli Venkateswarlu Memorial Polytechnic,67.69902612199459,73.01150352040169,78.92715171536096,74.86534682950564,20.0
Thandra Paparaya Institute Of Science And Technology,67.68251575069397,78.00102272987976,65.4074270632287,80.14533531069279,20.0
Karur College Of Engineering,67.6825045226787,68.1431113730881,82.62391958863695,70.84912745512278,20.0
Hastinapur Institute Of Technology And Management,67.66354379458218,69.71889011934195,84.9971418831501,71.87373036522226,20.0
Mohandas College Of Engineering And Technology,67.66284006198188,75.96084310233324,77.09009078348558,69.23306258938621,20.0
University College Of Science,67.65853848878946,79.23265767032785,84.74462758170822,52.45410147688352,20.0
Nehru College Of Engineering And Research Centre,67.65711701120374,79.55907399849117,77.61509645789394,64.47886146668102,20.0
Kodada Institute Of Technology And Science For Women,67.65251412803597,66.489827119967,81.58638583363395,77.8963849415352,20.0
Gonna Institute Of Information Technology And Sciences,67.64477052384764,64.97708597432461,79.0201593061583,78.89478782033922,20.0
Ad Patel Institute Of Technology,67.63678121385169,71.30616536697326,78.96324175458051,82.73835942903108,20.0
Pulla Reddy Institute Of Technology,67.62856593911195,66.68562483081234,79.36621204750178,80.76685622013083,20.0
Jp Institute Of Engineering And Technology,67.61418202343461,76.24543778744078,84.41280468742065,57.32726978612744,20.0
Chamber Of Commerce Manali Ramakrishna Polytechnic College,67.59384433368058,70.70199407237749,71.72994600651535,81.14032949827096,20.0
Rathinam Technical Campus Institute Of Technology,67.58999288982139,79.24279078154166,69.9920074181435,74.05998857313777,20.0
Rimt Institute Of Engineering And Technology,67.58994331417689,75.56841136757222,70.34783331117401,76.12360966634473,20.0
Vignan'S Institute Of Management And Technology For Women,67.58865761983357,79.21412400211645,62.13601704227413,82.67883766582678,20.0
Blm Institute Of Technology And Management Sciences,67.58722621952359,76.8142333391083,78.10456505794699,73.14852455120615,20.0
Es Engineering College,67.57818448394077,74.01776281593332,82.61489301302251,60.59808363849325,20.0
Mahendra Engineering College,67.57316790887383,68.9222288963793,77.30471341847007,81.23049322660648,20.0
Institute Of Aeronautical Engineering,67.57135909062674,75.52565312128758,74.43252270395931,79.01226564016966,20.0
Mnr College Of Engineering And Technology,67.56891270565791,43.44658163124241,48.50345449884656,69.67347228348297,83.33333333333333
Lingaya'S Vidyapeeth,67.56082751464191,71.22741021906874,80.46039121706708,75.99702916079313,20.0
Gandhi Institute Of Technology And Management,67.55372716864554,75.79519006509977,75.79916075449003,72.94167565084284,20.0
Ganapati Institute Of Engineering And Technology,67.55294562131978,78.30282700143447,71.66061031753863,76.36138477696228,20.0
Global College Of Engineering And Technology,67.53399486788516,75.50808932894455,78.07553078290007,69.69591686440806,20.0
Sri Venkateswara Institute Of Science And Technology,67.50580600650208,75.71213602799855,74.9941546625488,69.82039142701004,20.0
Ramakrishna Mission Shilpamandira,67.50026825470238,79.9232183107087,83.74275250801712,66.86781623120685,20.0
Rv Reha Polytechnic College,67.49374277245002,70.05300156263465,76.67592163961842,79.42304134677215,20.0
Shree Siddhivinayak Group Of Institutions,67.4924736166655,75.93878663808535,62.286277809168,81.35903152429267,20.0
Vadodara Design Academy,67.49085620030056,78.71077773187085,82.69798380152662,56.6271855169356,20.0
Ashoka Institute Of Engineering And Technology,67.47968846649232,76.28547964497069,73.13573635574774,71.98662476004426,20.0
Bharath College Of Engineering And Technology For Women,67.47331202270249,76.2301701191213,72.4712477987754,68.49714384239721,20.0
Jorhat Engineering College,67.44430572066149,74.99353550108063,83.20730460504171,64.63243309858024,20.0
Dr College Of Engineering And Technology,67.43235245315692,75.54544433934068,84.43007096963436,71.11589721201531,20.0
Miracle Educational Society Group Of Institutions,67.42959727017563,60.97883442362655,49.987742846434685,67.62837885437182,62.3463687150838
Shobhit Institute Of Engineering And Technology,67.42633797035731,65.46044698030288,84.47799959763208,78.23138954239361,20.0
Vinayaka Mission'S Kirupananda Variyar Engineering College,67.41553796634864,78.86255351352716,83.22004257810029,55.59639431642764,20.0
Guru Angad Dev Veterinary And Animal Sciences University,67.41179348284602,71.78234486366262,82.15292540397232,74.98788381739554,20.0
Central India Institute Of Technology,67.4117432227066,75.08364785365146,76.6480856610726,68.57726334969729,20.0
Pt Ram Adhar J Tiwari College Of Polytechnic,67.40896965251345,74.46256129102828,72.6049950187978,78.7183132844232,20.0
Vivekanandha Institute Of Engineering And Technology For Women,67.37703904810719,74.50153412117291,69.2867801526173,74.8591159235005,20.0
Pragyan Research Institute Of Diploma Engineering,67.35067971840839,46.83397614409864,52.65471585442248,66.81232381403524,76.36363636363636
Saint Joseph College For Technical Education,67.33366109676919,79.55204700025192,63.25565262160337,81.5990143714591,20.0
Sarvepalli Radhakrishnan University,67.33038744498526,79.59449522572652,60.353515705711125,78.06997152884541,20.0
Doaba Faculty Of Engineering And Technology,67.32831308052795,66.7784612588419,79.49257541171514,84.93413970052922,20.0
Chandy Polytechnic College,67.32701722616169,65.58211072840108,83.78906863467213,77.27905090205869,20.0
Bvvs Sr Vastrad Rural Polytechnic,67.32657422434139,75.11904402303453,73.2447838699216,78.52210809808919,20.0
Scms School Of Engineering And Technology,67.32497412845797,74.21225819031955,70.89942436968222,80.50837495911861,20.0
Aarushi Group Of Institutions,67.31958426734842,75.22697332857652,67.05245813045303,75.86637431147005,20.0
Ponnaiyah Ramajayam College Of Engineering And Technology,67.3093672115445,67.38556532510543,73.31889438473215,84.88353557770029,20.0
Pragati College Of Engineering And Management,67.30762727474225,79.77690310701311,72.11732318057878,70.06012658318053,20.0
Veerappa Nisty Engineering College,67.30289167493012,78.68025185487957,65.52370576008045,76.79237859975586,20.0
Vnr Vignana Jyothi Institute Of Engineering And Technology,67.29793410790663,79.61472233311062,66.50748071153768,80.85176661781003,20.0
Apex Group Of Institutions,67.29180166397943,79.09665190105463,81.39673937455997,56.74677535999906,20.0
Tirupati College Of Engineering,67.27730907086581,77.6176438333259,80.35102438666283,68.0574610741846,20.0
Rimt University,67.27236457833351,73.32975944461583,71.7288391278426,84.21163696062206,20.0
Maharana Pratap University Of Agriculture And Technology,67.2575565624184,78.77469905389569,77.39062706937702,79.38924236325354,20.0
Sardar Patel College Of Technology,67.23451498125378,75.87805918592466,74.0810443522428,69.08247707491762,20.0
Nizam Institute Of Engineering And Technology,67.22789133132484,72.37489401407787,68.87461055393887,76.88440566627952,20.0
Nandha Polytechnic College,67.2272647598163,70.40744172029373,84.485475341288,69.74428396545733,20.0
Bal Krishna Institute Of Technology,67.22318893007056,65.36955747552841,76.53943316601658,79.87770731589362,20.0
Academy Of Scientific And Innovative Research Chennai,67.22077673003079,74.20443129921448,61.54014632637559,83.96005445523136,20.0
Shree Ramchandra College Of Engineering,67.21971004902065,76.1362099406055,69.9344274827217,75.96862537636908,20.0
Vidyasagar Institute Of Technology,67.21657695479385,65.72085041078103,77.2950803527873,77.7173646119836,20.0
Government Girl'S Polytechnic,67.1900088353315,68.12277800674579,78.35423723328313,78.18977924658954,20.0
Pandian Saraswathi Yadav Engineering College,67.18870500760433,73.01607169656553,70.16630508979398,78.95345990572093,20.0
St Joseph Polytechnic College,67.1879321608475,70.08503840423349,77.02316752497471,72.8808301658643,20.0
Shree Institute Of Technical Education,67.18571961823112,73.00988093331046,68.80179537205024,77.666658294856,20.0
Christ Institute Of Technology,67.17155059713278,77.79692886976724,81.82692750182261,53.76372101105068,20.0
Jdt Islam Polytechnic College,67.17030787465681,70.45882512211091,77.44245406393759,83.72590448744312,20.0
Sahyadri Valley College Of Engineering And Technology,67.14888692610916,69.11061849283391,74.19960874890629,78.3992132112723,20.0
Abmsp'S Anantrao Pawar College Of Engineering And Research,67.14788044294521,71.92492234624282,71.79163184904259,84.53858169794614,20.0
Pa College Of Engineering And Technology,67.13445359775906,76.6377003686678,72.3316683219615,74.81987036990358,20.0
Central University Of Rajasthan,67.1322843027876,63.3790558462816,81.99418896053119,84.75495968413159,20.0
Ellenki Institute Of Engineering And Technology,67.12785884561599,72.31417941806467,78.49212914746698,67.58972522050237,20.0
Vidya Rattan Polytechnic,67.12593725008725,64.82524993822011,79.4078317439516,80.167701272903,20.0
St Joseph College Of Engineering,67.11288095623269,78.44394534276998,69.56540792851425,72.68408972977194,20.0
Gk Bharad Institute Of Engineering,67.10366671885373,69.28757989542578,66.34776227800522,84.21653818203156,20.0
Kings Engineering College,67.09705918472994,64.15754305072915,80.52550494719037,80.7504828840639,20.0
Devraj Group'S Technical Campus,67.09701335959444,78.03101248137924,81.46032910980216,57.3317234656887,20.0
Jyothy Institute Of Technology,67.09050131649322,79.28405548348559,66.88284410733442,75.85605880155579,20.0
Surya School Of Planning And Engineering Management,67.08442217188325,76.66713131158312,71.26161503633939,76.68235582504418,20.0
Synergy Institute Of Technology,67.07978880143565,67.85347225425284,82.50376423319281,76.76569922069199,20.0
Rawal Institute Of Engineering And Technology,67.07271348727798,77.62129092224102,65.31903746944917,76.15856855353276,20.0
Shri Krishan Institute Of Engineering And Technology,67.06381008022456,72.7625700956174,65.67022080827618,84.80304485332199,20.0
Kk Wagh Women'S Polytechnic,67.06179525583424,73.10657434540937,84.56816215681995,79.18210893044791,20.0
Scient Institute Of Technology,67.04017316844251,73.06404950462763,66.81570024263743,81.51380084316101,20.0
Thadomal Shahani Engineering College,67.03614650468045,77.17742689818859,76.28447731766249,70.4487903935003,20.0
Vet Bvl Polytechnic,67.01534988134568,74.63866882585239,76.83666057841297,72.8896573227711,20.0
Ravindra College Of Engineering For Women,67.01508005431457,77.00794503558585,78.14833370416997,66.00779326711987,20.0
Vignan Institute Of Technology And Science,67.01387190496328,66.23680430980384,79.33507414461567,82.33539135766841,20.0
Syed Hashim College Of Science And Technology,66.98936057081774,75.49407910752193,70.18353605173748,73.15932949206766,20.0
Shree Hari Polytechnic Institute,66.98855757662557,60.05647135891684,83.17813905676925,80.98467209620927,20.0
Jagannath Institute For Technology And Management,66.97419170705844,67.06782849228266,72.33986753126105,83.41729607379267,20.0
Haralaiah Polytechnic,66.96290352571867,71.41704834456722,73.82679624462628,76.1774368265663,20.0
Saraswathi Velu College Of Engineering,66.96141931416777,66.67529585167736,73.35238470293609,78.72187955115861,20.0
Vidyalankar Institute Of Technology,66.95726804160753,79.95606905953537,70.48280994922031,78.10932910481296,20.0
Royal Institute Of Technology And Science,66.94028504017638,66.28515405584525,80.89771721967354,69.7157723657735,20.0
Vel Tech Rangarajan Dr Sagunthala R And D Institute Of Science And Technology,66.93591102887794,71.4480231251909,74.21712271282068,80.90977894921446,20.0
Berhampur School Of Engineering And Technology,66.9310010833413,75.00951762251854,71.70273939947883,79.06864013358746,20.0
Vaagdevi Engineering College,66.92050666099003,72.2802199654727,82.60882028605768,67.2043929238346,20.0
Balaji Institute Of Technology And Science,66.91836811896646,62.46121888667582,83.87807330423844,77.50483065679184,20.0
Visvesvaraya Technological University,66.91818395864368,79.77679409008783,59.301171643802206,74.3403402518124,20.0
Keonjhar School Of Engineering,66.91751164410768,70.58448947917806,77.36317842269193,71.95750256431046,20.0
Vedang Institute Of Technology,66.91343515525435,64.65190214238581,79.82059142558634,79.8405661618948,20.0
Andhra University College Of Engineering,66.89643324504372,75.1623450255527,76.16061866264428,64.4266059735291,20.0
Mount Zion College Of Engineering And Technology,66.89624605439246,63.00796593419277,84.22582666235957,82.30217198341424,20.0
Hasvita Institute Of Management And Technology,66.88911534073702,79.42251385474209,58.02931816507173,80.33230310839582,20.0
Dr Dy Patil Institute Of Engineering Management And Research,66.87306472369913,79.55570919221272,72.14429327102346,77.83693472899839,20.0
Union Christian Polytechnic College,66.87260513329954,73.48768339606754,73.30938766610788,75.95270074477878,20.0
Atharva College Of Engineering,66.86848614702357,78.39540014188245,82.01081311988938,59.84811384879118,20.0
Ramrao Adik Institute Of Technology,66.86561018509019,66.18433643896638,82.64724442109488,80.57712279466527,20.0
Adarsh Institute Of Technology,66.86253128187519,77.71761905377961,68.928383953187,76.54985317586974,20.0
Dr Apj Abdul Kalam Institute Of Technology,66.82808249384934,61.731750879832994,81.82682421957313,74.38210774573675,20.0
Asiatic Institute Of Science And Technology,66.82430660790449,79.46165760366048,80.51515375513074,65.55154802841695,20.0
Koustuv Institute Of Self Domain,66.81986483675634,63.184879043710296,75.16694581775948,83.29306410653716,20.0
National Sugar Institute,66.81427952792691,44.410104176109,84.23212511125283,52.36313475895378,65.3012048192771
Annai Vailankanni College Of Engineering,66.80729226653966,75.80451120108887,70.79183788755608,67.89341618402234,20.0
Maharana Pratap College Of Technology And Management,66.80413573947602,66.83139351134443,79.09742260842512,84.55152510587207,20.0
Maratha Mandal Engineering College,66.78918499923606,79.00337041440369,70.220429594555,70.92467280779059,20.0
Slbs Engineering College,66.77918927668179,68.29300642488376,79.71778192791946,67.32527694191474,20.0
Teerthanker Mahaveer University,66.77901574791976,77.4398692073135,81.9793647608971,63.037620175863225,20.0
Cochin College Of Engineering And Technology,66.7531957310854,59.736253222447246,82.49888025767378,84.15705369740738,20.0
Bhimavaram Institute Of Engineering And Technology,66.75248800728069,59.83271611203946,81.18520717815571,84.72693728856714,20.0
Sri Nandhanam Polytechnic College,66.74598101316201,56.57461671859286,82.95711758459674,82.03901874362626,20.0
Annie Institute Of Technology And Research Centre,66.72296080227403,62.34018415792619,79.64703885923268,80.67370673702533,20.0
Patel College Of Science And Technology,66.72048737001106,69.2326602030845,82.36313801290159,66.34355148593427,20.0
Azad Institute Of Engineering And Technology,66.71740735503181,78.51617925687893,59.96047192939123,83.72887478664606,20.0
International Institute Of Engineering And Technology,66.66676629099852,98.55725860337311,90.88388348121688,90.4469238685034,20.0
Sri Venkateswaraa College Of Technology,66.65105676735561,70.38234202797362,82.89240914761984,59.25581029772917,20.0
Visakha Technical Campus Varaha Lakshmi Narasimha Swamy Educational Trust Group Of Institutions,66.63710403292266,75.90004519823296,66.78610403272853,71.97995425959952,20.0
Dvr College Of Engineering And Technology,66.6332324803149,69.78737269190452,80.9349755143565,64.02823945126049,20.0
St Xavier'S Technical Institute,66.62656167779262,66.4950749814674,80.3483393025287,73.54109525070874,20.0
Gwalior Institute Of Information Technology,66.62377180602412,72.61479036184028,64.16929596533245,82.51921126109487,20.0
Swetha Institute Of Technology And Science,66.61717459022758,76.51817432878298,69.86241172647168,66.29611303613615,20.0
Jain Polytechnic,66.59893257227458,71.53709205388171,76.2576473687287,77.38383019668575,20.0
Smt Rajshree Mulak College Of Engineering For Women,66.59771808130006,78.24811931610844,84.23040319982384,54.85135233602277,20.0
Eternal University,66.5941302466847,76.07045213318193,80.47786668213305,59.80139609123848,20.0
Kishanganj College Of Engineering And Technology,66.58821354535735,59.91559600369745,79.95484400180588,80.68044449536248,20.0
Akrg College Of Engineering And Technology,66.58414523535532,66.0381530253899,79.60146828192899,72.7031229208907,20.0
Saraswati College Of Engineering,66.576279481173,78.7464092922508,79.9497397641706,60.974852031439646,20.0
Capital Engineering College,66.57192994435316,67.9189560120931,80.8904833537058,74.8297642730606,20.0
Adarsha College Of Engineering,66.56975420331848,78.65820171149389,75.15191082644657,62.94867523301632,20.0
Bcm Polytechnic,66.56585636019791,76.79283644882497,76.15494636177799,70.64842690828088,20.0
Vidya Memorial Institute Of Technology,66.5537655868058,64.41273786353315,79.11757680964371,84.26452247737585,20.0
Neelkanth Institute Of Engineering And Technology,66.55186950075247,78.04753434668542,83.70046360544629,53.83171053979999,20.0
Neelam College Of Engineering And Technology,66.52147786507054,75.60031880015711,67.61342253978147,70.65024790991154,20.0
Shri Andal Alagar College Of Engineering,66.51264780668693,74.894108410532,67.38140292579268,72.79905108503362,20.0
Jyothi Engineering College,66.50900254068108,79.19993353996526,76.54016012280326,60.84988571749892,20.0
Harcourt Butler Technical University,66.5043510645878,68.06783836364254,75.92858869119928,77.81425246972265,20.0
Dhaneswar Rath Institute Of Engineering And Management Studies,66.50236797906214,75.991021596712,62.56766423746818,79.56446317320163,20.0
Sanjeevan Engineering And Technology Institute,66.47976090964987,77.37518395364432,76.14120388243938,63.13896474751196,20.0
Padmabhooshan Vasantraodada Patil Institute Of Technology,66.47265581468116,62.81762029868729,77.06219503554124,81.10258773438052,20.0
Adani Institute Of Infrastructure Engineering,66.46906070194419,78.47466315428028,82.48428236015036,64.50507109044183,20.0
Rp Educational Trust Group Of Institutions,66.46740259281806,77.7513818272985,76.4566818756124,53.99937723083827,20.0
Lord Krishna Polytechnic Institute,66.46556125120239,73.30497517082173,76.37526760102439,60.0117595886138,20.0
Marwar Engineering College And Research Centre,66.46342611934132,69.76311726177164,82.9927135765619,67.99311651042788,20.0
Bhartiya Polytechnic,66.45269486373996,70.62966808539404,80.81051016585266,73.59401156764568,20.0
Shanmuganathan Engineering College,66.44950555795654,76.41615506631845,79.5622127632113,56.15955553095844,20.0
Bansal College Of Engineering,66.4401049461645,68.64764707191839,82.72719202141003,66.91762441861192,20.0
Spintronic Technology And Advance Research,66.42386379946421,64.7261784121917,76.05867705479557,80.68353986784423,20.0
Maa Vaishno Maa Sharda Polytechnic,66.42187506589262,73.47950657552362,67.1488737017267,80.43852824814623,20.0
Jayaraj Annapackiam Csi College Of Engineering,66.41808606730139,71.30137209402213,73.40152426080587,75.91556873984159,20.0
Camellia Institute Of Technology,66.41637974439817,66.63253232780562,75.84038188134454,80.27929616072595,20.0
Maharana Institute Of Technology And Sciences,66.39240765680415,70.70651347669035,73.09831989761909,79.13985797390595,20.0
Klr College Of Engineering And Technology,66.3866188866148,74.50884319342971,71.67428031928782,68.23034682933198,20.0
Kk Polytechnic,66.38643785669397,70.02014380311851,84.20306484898452,57.8094637783205,20.0
Gmr Institute Of Technology,66.37907061541723,72.57855635581635,75.37894582021431,75.55944151889994,20.0
Hi-Tech College Of Engineering,66.37194656898139,56.33226180437229,82.51374572555548,83.94130175944304,20.0
Siddharth Polytechnic,66.36886449226579,62.9406419203611,84.17291459166668,69.72387035534422,20.0
Kmea Engineering College,66.36211248278045,69.10473239625503,72.54457077107719,80.21848536839208,20.0
Samarth College Of Engineering And Technology,66.35367873968468,40.42795272977951,65.85605706449559,74.02780751642031,60.0
Nri Institute Of Technology,66.34800354964601,74.6761568230844,78.06693437192001,65.8334095450337,20.0
Er And Dci Institute Of Technology,66.33040613644661,74.73413289923779,78.83318022401707,56.009659920305786,20.0
Rsr Rungta College Of Engineering And Technology,66.32789529234219,59.367155927624296,83.71040888004347,76.59496115113544,20.0
Sree Chaitanya Institute Of Technological Sciences,66.32747643234565,73.48591929363874,79.76729757956139,64.74600259269224,20.0
Kdgm'S Dr Uttamrao Mahajan Institute Of Engineering And Technology,66.32044422286239,79.09162630601513,70.91891437248081,76.98712331568427,20.0
Kala Vidya Mandir Institute Of Technology,66.31828007425304,74.99767330695812,73.6995986526043,74.26702085402502,20.0
Jai Narain College Of Technology,66.30049994845857,79.44742119016433,66.92734681931624,66.3973869039483,20.0
Amrutvahini College Of Engineering,66.29861414182879,77.46360986082794,84.01153233092757,55.98483647916128,20.0
Avanthis St Theressa Institute Of Engineering And Technology,66.29790124687746,78.64588534418239,68.0311524170514,65.92266990415087,20.0
Hanagal Sri Kumareshwara Polytechnic,66.29617002802588,74.69486040647402,69.66333509902623,71.4708911849761,20.0
Aadishwar College Of Technology,66.28797326106869,64.85483552219024,75.736565272516,81.01838518420546,20.0
North Eastern Hill University,66.28028061796864,79.92271825453233,54.32273459452157,84.55595002674204,20.0
Vasantrao More Polytechnic,66.2648446858182,74.82153507639569,78.61417691897448,57.36201533734101,20.0
Shaheed Udham Singh Engineering College,66.25188957684134,69.43958933361027,77.9437324468314,72.87878121762608,20.0
Shriram Institute Of Engineering And Technology Centre,66.24747088478567,77.73526727031722,62.195860055935256,73.82534522606981,20.0
Maharashtra Institute Of Technology,66.23446628011011,66.0311469579836,81.648854896382,68.87584430962798,20.0
Yogi Vemana University,66.217452665638,79.44092213088491,80.02247130574916,53.47134485317395,20.0
Calcutta Institute Of Technology,66.20590538823564,71.67994432919389,82.63695384174372,56.373096233495474,20.0
Kavayitri Bahinabai Chaudhari North Maharashtra University,66.20487971785928,72.30199001265208,78.72311131140266,84.21586000023183,20.0
Sri Andal Nachiyar Polytechnic College,66.2044610585036,63.60821617985629,78.11946586568851,81.4889428440581,20.0
Nigama Engineering College,66.19967390310445,63.4311873550832,83.23746806315526,67.91919591107963,20.0
Hooghly Engineering And Technology College,66.19488588960033,73.62876042897636,70.10845100973387,84.44003720272977,20.0
Ar College Of Engineering And Technology,66.1830132376282,79.9672560894353,56.87301734105426,79.0973049803902,20.0
Mahabir Engineering College,66.18172137129494,66.97107314029951,70.48561390361898,79.76035018478997,20.0
Pace Institute Of Technology And Sciences,66.1806387038497,74.23051442696107,75.38029310434294,67.66298903428142,20.0
Mangayarkarasi College Of Engineering,66.18011414711606,72.24652713342135,73.5380440890819,72.19635187278016,20.0
Satyasai Engineering College,66.17480650257859,74.44079790852871,81.16749199808802,63.16336568162604,20.0
Doaba Women Institute Of Engineering And Technology,66.16410745222595,74.8500751505155,65.57520428547537,77.2912710976324,20.0
Shri Girraj Maharaj Polytechnic College,66.16255407282657,69.58343895751955,77.03144856712001,73.15302426420344,20.0
Ivs Polytechnic,66.14406882945525,64.20483510776828,82.23458251588579,66.80478882740525,20.0
Patnam Rajender Reddy Memorial Engineering College,66.14336237707194,62.90299745721636,77.21162973043542,82.4221416980997,20.0
The New Horizons Institute Of Technology,66.12569792638426,69.11198288845762,79.56438858348602,77.6148792998671,20.0
Holycross Engineering College,66.12520085785027,64.81460799587728,75.13750203128882,82.53359193858299,20.0
Acn College Of Polytechnic,66.12351472001839,60.80684163266582,84.25525345491405,72.43465376875716,20.0
Lendi Institute Of Engineering And Technology,66.11985517567209,79.64841448062592,72.82540763981146,65.0867756526642,20.0
Shaikh College Of Engineering And Technology,66.11887111206177,71.58310448751308,80.4291430716209,64.82838830518675,20.0
Meerut Institute Of Technology,66.10875725633944,77.05665544004647,66.22051614169362,68.83660111992731,20.0
Aryanet Institute Of Technology,66.10367268627515,75.11101483816088,73.67290255762262,70.64184491210233,20.0
Kvg College Of Engineering,66.10008570667898,71.19471178002235,70.61140566785787,76.46631922760311,20.0
Loyola Institute Of Technology And Management,66.09808941016678,72.25037715450568,75.40733014305648,65.9360669687334,20.0
Pt Lee Chengalvaraya Naicker College Of Engineering And Technology,66.0837925227585,60.36270639050282,77.30420448577533,83.24784659174696,20.0
Shree Ramkrishna Institute Of Science And Technology,66.08196540286774,77.20745801978609,79.23541433732888,58.48222846514446,20.0
Kalaignar Karunanidhi Institute Of Technology,66.07913362971502,75.74135383969517,70.68604468838497,70.81746658258996,20.0
Dr Bhim Rao Ambedkar Institute Of Technology,66.07671333512044,78.77009010688312,69.89095696500235,58.29825436091959,20.0
Adesh Institute Of Technology,66.06693168291515,64.75721343293321,79.36941156457726,79.89657835004756,20.0
Hosur Institute Of Technology And Science,66.06310536323778,70.26824983282188,67.15091772041424,76.64646981373718,20.0
Karpagam Academy Of Higher Education,66.06201116339744,68.38844768764267,82.09564078034288,73.02658470266351,20.0
Government Polytechnic College For Girls,66.05974526769754,71.31506964203932,70.21300958371216,81.30028404741293,20.0
Institute Of Advanced Research,66.04993106715364,63.195611354155474,83.23914679398935,72.75465913211268,20.0
Shyam Institute Of Engineering And Technology,66.03924139970243,60.53319054339615,84.05810779239626,79.32511099879068,20.0
Kiet Group Of Institutions,66.03302650699047,76.04677065110508,72.88725532751079,71.14577545204466,20.0
St Vincent Pallotti College Of Engineering And Technology,66.02876648665699,76.17967511754802,61.51865018225446,83.62517879125838,20.0
Narasu'S Sarathy Institute Of Technology,66.02553601750735,67.64352389352638,81.65698336171528,64.94012790688035,20.0
Columbia Institute Of Engineering And Technology,66.01919212052177,72.54538196564437,65.34917556446001,79.75221536499423,20.0
Techno International New Town,66.0136342556981,73.42808457619621,72.35489020504676,63.421142016825016,20.0
Nagarjuna College Of Engineering And Technology,66.00487004822014,78.85718268793946,60.19352340095459,80.08509033861974,20.0
Asian College Of Engineering And Technology,65.99662661098053,77.56980841766699,70.56447441475277,62.73198761421166,20.0
Narasimma Pallavan Polytechnic College,65.98936235817376,71.09330471000563,81.69319120134526,59.87934963271872,20.0
Shri Shankaracharya Group Of Institutions,65.98553427269823,70.90987458904405,83.54641058030347,65.09079460085127,20.0
Shanti Institute Of Technology,65.9789460702187,73.36043140040547,63.04688880626074,75.91492157761974,20.0
Gicts Group Of Institutions,65.97584948588442,79.53687190710623,59.0903207510712,79.94723918274761,20.0
Vidya Pratishthans School Of Architecture,65.96476002928088,57.05967523600374,66.67294783751865,56.18315916665624,60.8
Dr Navalar Nedunchezhiyan College Of Engineering,65.96457653508216,78.25888361277576,55.94474101145325,80.04097016557114,20.0
Sjes Polytechnic,65.96257149883778,65.53885219199346,69.23157393262998,83.79759268272433,20.0
Rudrapur Institute Of Technology,65.94443424704832,65.36183605858628,82.88562959526098,74.30765039309057,20.0
Ramco Institute Of Technology,65.94396443738756,77.82553467657581,78.11444001543502,60.2317386157833,20.0
Jaipur Institute Of Engineering And Technology,65.9417452289393,73.41775483998308,75.24390878489645,58.314802760921005,20.0
Panipat Institute Of Engineering And Technology,65.93883514504373,75.78363340102086,68.79460388815548,76.45997872702856,20.0
C Byregowda Institute Of Technology,65.93596903202487,55.5548644896428,84.39965916814725,82.8932516176759,20.0
Padmashree Krutartha Acharya College Of Engineering,65.9286629218876,72.31921853329413,79.23837335387587,65.61750039486887,20.0
Girdhar Shiksha Evam Samaj Kalyan Samiti Group Of Institutions,65.92852985461795,62.44125546198386,79.3213981724641,77.3595756975278,20.0
Nandha College Of Technology,65.92625146696102,76.57748964461514,59.537809514407485,83.65511155171774,20.0
Kalahandi School Of Engineering And Technology,65.92101503973498,67.32787309528247,79.18806038830894,79.27623125501718,20.0
Sangam University,65.91800139155293,76.98500777659493,84.10682357238952,58.7415419584857,20.0
Seacom Marine College,65.90875796923261,48.43102806234382,68.6428689946989,54.24130180432604,60.0
B K Birla Institute Of Engineering And Technology,65.90677322138305,64.05914900598646,76.6286075254976,83.71954087635713,20.0
Yashoda Technical Campus,65.88973989866619,79.11819207233698,60.09811169833032,70.47819307470499,20.0
Dr Ambedkar Institute Of Technology,65.87114212734588,76.3918438607304,71.27946313999469,69.91913194385562,20.0
Eshan College Of Engineering,65.86441736831443,67.09545638956428,82.65252327632271,64.07454201161971,20.0
Dr Bheem Rao Ambedkar Polytechnic College,65.86349287374013,69.5322281469447,66.46591232111082,76.32983730002675,20.0
Indian Institute Of Carpet Technology,65.86327693386555,79.01235832458867,67.88215592851046,67.61763370603452,20.0
Kar Polytechnic College,65.85999774937457,71.73381517461841,63.49590348872091,81.98887333274187,20.0
Glocal University,65.85977133932583,61.05212870893932,82.07974280715055,76.78277410042787,20.0
Unnamalai Institute Of Technology,65.85481847433118,73.95709601190055,60.19212684233285,84.0982543367235,20.0
Vsb Engineering College,65.85078823288019,72.33847784173568,65.26652061147796,84.0985357264196,20.0
Chhotubhai Gopalbhai Patel Institute Of Technology,65.85026439149406,79.02869838250237,59.89339162198837,70.46208954836742,20.0
Mother Theressa College Of Engineering And Technology,65.84990525036167,70.890793475196,80.07134727560927,58.79085655567594,20.0
Christ The King Engineering College,65.84976665700906,69.35220601922803,77.79399017821085,63.602780777065895,20.0
Samarth Group Of Institutions,65.8455843134153,74.10812948430112,74.19751361081018,63.817679425204496,20.0
Sankara Polytechnic College,65.84370869048166,58.99944439767912,82.53319068404338,83.18354689932245,20.0
Mda Institute Of Polytechnic,65.83272419177104,62.68924727058918,79.64885904080718,70.97429627954195,20.0
Vivekanand Institute Of Polytechnic,65.82704982887161,72.32205974795897,82.45375502504021,69.60065074909349,20.0
Sphoorthy Engineering College,65.82688724900801,70.38626244897083,71.23270663285135,79.92234492510981,20.0
Bansur Polytechnic College,65.82448819876669,75.58961537582427,79.30937786546149,61.83155060828093,20.0
Shinde Polytechnic College,65.8207217113846,75.62438234566142,72.2534272355816,64.83516007457516,20.0
Pp Savani University,65.81897542326652,61.69739182989481,79.71283095961385,81.96682824555343,20.0
Karmayogi Engineering College,65.81824728102737,76.73281854682142,80.9860929425833,51.94806680478425,20.0
Dmi College Of Engineering,65.80352501932441,77.9030451199186,64.70938175660416,70.64504635494211,20.0
Tolani Foundation Gandhidham Polytechnic,65.79868243302313,78.09300683492093,82.4485883719896,50.7057872576978,20.0
Brindavan College Of Engineering,65.79561859974106,62.29732817606611,75.34392946460042,80.55080763154768,20.0
Rizvi College Of Engineering,65.79112575152608,66.16980972197562,82.75700745011096,73.90100412592513,20.0
Rajshree Institute Of Management And Technology,65.78322713660035,72.93191318123061,65.51727735705987,76.27732376457274,20.0
Khaja Banda Nawaz College Of Engineering,65.77699012532844,74.96659510786034,80.23465716300916,55.95565458244302,20.0
Samalkha Group Of Institutions,65.77608547202964,78.15283708182666,80.6919935093284,53.68279117451918,20.0
Npr College Of Engineering And Technology,65.77347311142103,57.54389533841999,82.04538893680845,80.03524774064081,20.0
Mangalam College Of Engineering,65.77018783693103,79.90143174101172,60.104156622328446,76.25534118456812,20.0
Kr Mangalam University,65.76855383456194,78.34282617897972,63.44828333890791,76.43133729030264,20.0
National College Of Engineering,65.75561108623641,73.8180433586491,75.10493909023089,62.63509295786318,20.0
Paramveer Polytechnic College,65.74886083674252,70.80139882343182,68.68186784078321,78.13286513680092,20.0
Himalayan Polytechnic,65.72727182193265,69.68815817934589,72.30206948915692,66.8049620346048,20.0
Trinity College Of Engineering And Research,65.72258677096505,78.93550172766993,70.77848489478023,72.55166539884652,20.0
Mit College Of Engineering,65.71707842220496,69.66357023931145,69.7623267190441,78.38913094250195,20.0
Lnm Institute Of Information Technology,65.71546419656143,74.74255208603414,72.96963799288136,79.09818270203633,20.0
Vishveshwarya Institute Of Polytechnic,65.71454635492526,63.019397568270826,77.3768927306516,81.22878944484822,20.0
Rajeev Institute Of Technology,65.71427112697988,77.7841185823175,82.1013978767331,52.73641270702587,20.0
Guru Premsukh Memorial College Of Engineering,65.7015795780245,72.77401560943551,67.35174816507475,77.37872112169691,20.0
Aryan Institute Of Engineering And Technology,65.70134996866202,70.1980646633402,75.0639953274196,79.15837973043507,20.0
Vidya Prasarini Sabha'S College Of Engineering And Technology,65.67507619054822,61.35007589331517,78.57584030649096,72.72485302490298,20.0
Sukhjinder Technical Campus,65.65892542107821,61.177580090872056,75.71981860975995,77.7578296388784,20.0
Dumka Engineering College,65.65705742441058,77.08190796279082,64.37264952262376,74.2390670199843,20.0
Awh Engineering College,65.65475947891727,57.07678165192733,84.20726277492466,77.07824021348868,20.0
Rajiv Gandhi College Of Engineering,65.65471681979176,77.05770417717959,84.13934047927565,51.451560233020544,20.0
Vns Group Of Institutions,65.65184987992998,77.63027300048995,63.51256763687495,70.81284555060826,20.0
Gandhi Institute Of Science And Technology,65.63900581121464,70.90365946413309,80.48902204053266,74.48442390836783,20.0
Techno College Of Engineering,65.63815011572463,65.84692686734502,74.70543458100857,80.86802185038965,20.0
Nannapaneni Venkat Rao College Of Engineering And Technology,65.63758699255943,74.53623546985958,77.15759988095525,55.95321287783354,20.0
Sinhgad Institute Of Technology,65.62765420698655,72.94705190159037,68.20054383062919,80.16049593952634,20.0
Balaji Institute Of Engineering And Technology,65.60195578305422,68.58017182184597,76.09226850690291,63.97194973030315,20.0
Sachdeva Institute Of Technology,65.59233399012268,79.44617264003898,54.91477309211294,77.51890807793563,20.0
Jeppiaar Institute Of Technology,65.58080694332381,76.1325599569804,63.0011015662062,75.05705167965714,20.0
Swetha Institute Of Technology And Science For Women,65.57723277295075,60.61339084654621,74.65873043552172,79.47604844595183,20.0
Prs College Of Engineering And Technology,65.5725742527098,57.554899511286905,78.76779787919791,83.02546140542131,20.0
Geethanjali Institute Of Science And Technology,65.57104008982311,74.24249167152608,71.565281819393,71.50092390560513,20.0
Sana Polytechnic,65.56468061234449,78.21398685248082,76.64857624496328,60.57377567587368,20.0
Quantum University,65.55978258031071,60.37258136081601,76.94224359230289,83.284019573737,20.0
Arvind Gavali College Of Engineering,65.55439201255747,73.2695386694464,72.22953671157933,69.51103705623711,20.0
Hayagriva Polytechnic College,65.54948538428704,67.22134971119357,78.7270610544435,68.05865759121139,20.0
Nagnathappa Halge College Of Engineering,65.54681974386932,74.118671622299,76.29443092722073,84.7588080560399,20.0
Malla Reddy Institute Of Technology And Sciences,65.54153041311814,75.84008294413613,75.95180866471961,59.89420266853689,20.0
Symbiosis International University,65.5348131544893,51.00191220777167,52.61793680357977,52.41673354881527,72.08556149732621
Puri Engineering School,65.53289694061021,70.85519639310976,70.23932355788864,78.73915180263118,20.0
Shri Usb Polytechnic College,65.52947519748605,70.41962565294536,76.38180201316757,58.77549549096779,20.0
Guru Brahmanand Ji Government Polytechnic,65.52304617910924,69.24976132907898,75.76728527852279,82.81062157052926,20.0
Matoshri College Of Engineering And Research Centre,65.51692597327055,72.44639373869322,72.6161087993263,71.11856527385102,20.0
Gm Vedak Institute Of Technology,65.5152441910507,69.92727960035667,74.53901058366864,67.77430033363194,20.0
Jeppiaar Maamallan Engineering College,65.50593853242788,68.41758035447103,76.55721719258159,70.38585188714386,20.0
Dr Sau Kamaltai Gawai Institute Of Engineering And Technology,65.5013062982133,63.74136085341495,74.77477357218073,77.08928215202909,20.0
Gudlavalleru Engineering College,65.50113908338247,62.265858294325,76.77152697931933,83.97540761948576,20.0
Ipcowala Institute Of Engineering And Technology,65.49918512567766,63.501467608402486,80.240321760291,68.1973335024332,20.0
Vemu Institute Of Technology,65.49145956495524,62.30808036632889,77.71496514609892,73.15285283756478,20.0
Shri Vasantrao Potdar Polytechnic,65.49040776362358,76.11003577184704,68.17391676023699,80.48373275372576,20.0
Parul Institute Of Engineering And Technology,65.4882138442312,79.3065589329597,55.75717691954556,83.94768743714249,20.0
Met Bhujbal Knowledge City,65.48438409539736,74.71561983516536,80.43410520649417,54.464468273707865,20.0
Trinity College Of Engineering,65.4835654144261,64.39051331764688,71.65369350491798,81.45440897995827,20.0
Calicut University Institute Of Engineering Technology,65.4779423242267,56.73311165151549,82.36701960575087,82.02910342019138,20.0
Raffles University,65.47407947330021,77.6353885776072,69.56970961103649,62.99499726909722,20.0
Dr Dy Patil School Of Engineering,65.45651122881272,71.09246652911969,71.86696367186839,75.87923946753419,20.0
Siddhi Vinayak College Of Science And Higher Education,65.44972355007079,73.46387116939795,60.16215266761438,79.34957556873019,20.0
Jaya Engineering College,65.44408831188686,69.22527615889372,73.56591906092252,70.6555553405618,20.0
Christ College Of Engineering And Technology,65.44318779694616,66.71126210126178,80.0905077337074,65.81050853629868,20.0
Sarada Institute Of Science,65.43998262540195,67.50131907454286,72.26104868986268,75.423342132346,20.0
Nimra College Of Engineering And Technology,65.43961021783083,62.62975125385461,81.27924838794593,66.70482317227776,20.0
Aar Mahaveer Engineering College,65.43591653330336,64.32981185450558,70.60316553074273,79.38696092494726,20.0
Chhattisgarh Institute Of Management And Technology,65.42661696294232,79.94057274104398,69.8308966342008,51.8320757270248,20.0
Katgara Polytechnic Institute,65.4249683659174,59.90163497941703,82.19687606668512,78.21604419965556,20.0
Government Women Engineering College,65.42476230724799,71.8075162287761,76.75122384544942,74.17785923336322,20.0
Lakhmi Chand Institute Of Technology,65.42281968458796,72.76224652024693,77.82885307255151,59.46547182232845,20.0
Central College Of Engineering And Management,65.42126530512056,67.06974003039696,71.26524759783514,77.23396335629658,20.0
Srk Institute Of Technology,65.41977102931446,67.82877313317162,76.75913812326783,73.25912487183292,20.0
Met Faculty Of Architecture,65.41615732043883,71.74426630576654,69.7194922485304,67.74852833875231,20.0
Dusi Polytechnic College,65.41477644649889,74.97168582050719,64.01892825975779,78.30364544598673,20.0
Maharaja Prithvi Engineering College,65.40771720660987,77.54049248627628,66.0066829285414,62.22913109086351,20.0
Geeta Engineering College,65.40752584028786,79.85508540093852,77.76063912348548,60.52537435023753,20.0
Kommuri Pratap Reddy Institute Of Technology,65.40619464793286,71.4590241794969,79.46046680304087,56.21256616660103,20.0
Rkdf College Of Technology And Research,65.40361093527775,70.58089325198868,78.41318920202409,61.85808496559154,20.0
Anubose Institute Of Technology,65.39951683825817,64.42056278135831,79.7388930722425,67.71149407165711,20.0
Rakshpal Bahadur College Of Engineering And Technology,65.39723281453577,79.69503691545646,59.19277089125444,68.55378370379273,20.0
Jalpaiguri Polytechnic Institute,65.38747125478613,73.22109888427228,78.08397425842415,84.6335420777524,20.0
Sri Vengateswaraa Polytechnic College,65.38673036833266,67.60343067063567,81.66137107311555,58.49954546255982,20.0
Malla Reddy Engineering College,65.3769269231857,72.57341279637166,72.25208538289549,73.23895233466601,20.0
Jeeva'S Polytechnic College,65.37073525151584,73.16276828124859,70.89786980205128,62.91480905030383,20.0
Annai Mira College Of Engineering And Technology,65.36996872402713,78.48490104994977,52.85712281588687,80.71545932241538,20.0
Jawaharlal Nehru National College Of Engineering,65.36536197682094,75.39764679470622,66.73319596501794,76.57206267759403,20.0
Sri Krishna Polytechnic College,65.36053369950744,78.28637237753784,77.16695284690763,53.15876583949403,20.0
Sudharsan Engineering College,65.34663085403584,60.32316107646233,79.3931247182908,77.62613748069998,20.0
Vijnan Institute Of Science And Technology,65.34125782230774,72.42476911370454,65.89866321409278,77.26530785266141,20.0
Sigma Engineering College,65.33292525788339,73.07960409071447,84.26149256120758,50.42706037531061,20.0
Elenki Engineering College,65.33167291401787,58.63201682195557,76.6025000874836,80.4677765568449,20.0
Karunya Institute Of Technology And Sciences,65.32601068756973,76.79012579534019,69.33024439098898,71.70140465652344,20.0
St Joseph'S College Of Engineering And Technology,65.3182771751151,68.33668483527404,68.82123170684953,81.75926317115291,20.0
Cbs Group Of Institutions,65.31707769629658,69.6034631372873,70.60599289159964,71.16055400731122,20.0
Eranad Knowledge City Technical Campus,65.31501955137348,71.48240553429223,81.05834817061802,58.74823808775995,20.0
Global Engineering And Management College,65.29804153180021,70.00587825947981,74.4297771905658,61.52559167359542,20.0
Rc Patel Institute Of Technology,65.29733896652286,74.03408655566372,77.77363057707824,64.93065639045396,20.0
Bonam Venkata Chalamayya Institute Of Technology And Science,65.29671940941002,76.97520465996192,64.21877967244504,77.09634487392147,20.0
Ideal School Of Engineering,65.29624606243357,75.89562518822017,80.54857645093408,63.844846928628485,20.0
Sri Lakshmi Ammal Engineering College,65.29292431008855,67.6199604258326,64.75607819169834,80.29176423834289,20.0
Rishi Ram Naresh Technical Institute,65.28846362206889,78.95774011019876,72.92123044705679,57.04626245235294,20.0
Hindu Institute Of Technology,65.28739151097636,77.26619832342197,66.69805336204763,80.35635653289037,20.0
Padmabhushan Sri N Ramaswami Ayyar Memorial Polytechnic College For Girls,65.28408912703915,66.03797869412499,84.6493642261184,64.38703294411702,20.0
Indian Agricultural Research Institute,65.2765212405869,52.8670630870658,61.59823842358406,52.29153558279632,71.12474437627812
Eastern Academy Of Science And Technology,65.2702198451548,79.09115866500284,60.6533872530819,68.71528845885497,20.0
Minerva College Of Architecture,65.25514196757233,50.86383385603656,84.1675329938659,83.62514761923504,20.0
Mailam Engineering College,65.25308908413044,79.5393153956373,56.71739137314454,76.73214220447298,20.0
Priyadarshini Jl College Of Engineering,65.23058766543775,70.08264559093473,65.77936973366714,83.02311683766001,20.0
Guru Nanak Institute Of Engineering And Technology,65.22754502615665,60.806608586719605,82.23186974854664,76.49838016670347,20.0
Vsm'S Institute Of Technology,65.22002664522597,64.94701475656586,78.76602970704812,71.53730743469326,20.0
Dumkal Polytechnic,65.21899185823543,70.48693730536706,69.159949562923,74.50131131548832,20.0
College Of Applied Science,65.21769194749045,68.38712585669074,71.00549369103594,84.6565227451816,20.0
Acharya Institute Of Technology,65.21473968563434,78.38370486391598,61.83696835604239,74.65784788275417,20.0
Sri Rangapoopathi College Of Engineering,65.21380170997634,79.55638877919019,55.2527311436828,71.09333037522336,20.0
Vidyaa Vikas College Of Engineering And Technology,65.20628290214583,78.55838780425655,58.85900618809653,71.68697088668407,20.0
Priyadarshini College Of Engineering And Technology,65.20533925513209,61.616328871212986,69.78978747211252,82.86091462685978,20.0
Chadalawada Venkata Subbaiah College Of Engineering,65.20441579317439,68.65553020522603,77.34228811308965,63.83316113316391,20.0
Royal School Of Engineering And Technology,65.19684747161097,73.30035064893198,65.97856521770363,70.21202894396541,20.0
Sea College Of Engineering And Technology,65.19573029185933,64.78825264921525,80.4833969085665,62.10824741139935,20.0
Golden Valley Integrated Campus,65.19282732117438,74.20232367268176,69.2327428829273,62.26500951839004,20.0
Rajiv Gandhi University Of Knowledge Technologies,65.18635617591275,62.72139346156175,80.94265674845614,72.57705724289961,20.0
Saroj Mohan Institute Of Technology,65.1779154744018,76.8841879815445,52.34595924269033,77.57476428115677,20.0
Mahavir Swami College Of Engineering And Technology,65.17466566641032,77.51527223250491,60.08751285335814,78.46304099149049,20.0
Navodaya Institute Of Technology,65.17448857332761,66.02967995726323,71.8385912628407,75.72565692885973,20.0
Sudharshana Polytechnic College,65.16804682708063,70.85277314657631,71.72655587085264,75.75673746822847,20.0
Dr Sjs Paul Memorial College Of Engineering And Technology,65.16706453275066,64.99404900946125,80.10247725670041,63.51676128924231,20.0
Dnyaneshwar Polytechnic,65.16389598437465,79.64255169818318,72.97328979589372,50.18114352814354,20.0
Women'S Institute Of Engineering And Technology,65.15959220285814,75.45164754861305,69.85661427737233,65.96293057222844,20.0
Sundargarh Engineering College,65.1481639541083,64.15947920999548,73.93659087163803,78.31761762632318,20.0
Alpine College Of Management And Technology,65.14567669221688,60.30513434238434,78.26787978933162,83.87433654725204,20.0
Sardar Vallabhbai Polytechnic College,65.14319119379836,69.10799319283383,70.82613030144249,74.69780359336738,20.0
Vignesh Polytechnic College,65.14291081970873,63.16859391035208,75.18738392251291,76.44483140704857,20.0
Shri Pillappa College Of Engineering,65.13740285833187,71.45526236979964,79.36982512265402,59.78833128221029,20.0
Yashwantrao Chavan Institute Of Polytechnic,65.13722793644492,63.79628364242714,82.23085359318789,72.6435450783067,20.0
Suryodaya College Of Engineering And Technology,65.13459052746353,72.69482286501461,80.22299590308683,57.50583114458931,20.0
Technocrats Institute Of Technology And Science,65.13407240448092,72.07352573396497,74.77242469588566,65.5821142861577,20.0
Adarsh College Of Engineering,65.13080123042892,61.09626945088621,80.5512917431655,78.20054717634198,20.0
Viva School Of Architecture,65.12924111906818,67.2467098265482,84.37841071788165,75.39032123680981,20.0
Maharshi Dayanand Saraswati University,65.10929514711147,59.91311000121629,79.96798920944354,79.4050209216801,20.0
Surendra Group Of Institutions,65.10928239042508,79.22367317587064,55.26022915528379,77.36434399155993,20.0
Singhania University,65.10564083528753,74.71909074217923,72.26232609710746,63.61656703950054,20.0
Viswajyothi College Of Engineering And Technology,65.10178052737248,72.72237604729474,67.46586790426721,74.03553659290652,20.0
Sri Venkateshwaraa College Of Enginering And Technology,65.0933208862833,71.65413413497593,76.29150999349432,60.17907798617641,20.0
Manipur Institute Of Technology,65.0893599392602,74.92692715945309,65.08792237939045,73.20948655909118,20.0
Pillai College Of Engineering,65.08865321905313,78.47582990577509,61.949286323099024,76.09619781972077,20.0
Globus Engineering College,65.08264307393225,78.06803732419999,72.52765689258862,60.947690976105385,20.0
Aurangabad College Of Engineering,65.0806095509622,72.94104938282095,59.20265725321163,80.38419738285654,20.0
Jnn Institute Of Engineering,65.0745478313256,63.44543510121286,82.3201991589888,65.61969689306093,20.0
Rajeev Gandhi Memorial College Of Engineering And Technology,65.06910306122215,75.36380262044241,68.83836018250953,69.15652721738904,20.0
Vivekananda Institute Of Technology East,65.05932605461831,74.70009009919056,72.79102423794542,56.82244294529622,20.0
College Of Fisheries Engineering,65.05773898435848,78.42446672104577,63.572583904964674,62.55506246171963,20.0
Malabar Polytechnic Campus,65.05016165646182,79.06491027954925,72.37696886185267,61.11973736039364,20.0
Dhanalakshmi Srinivasan College Of Engineering And Technology,65.04555434595282,79.04640309693873,58.3881614394887,70.1090996796178,20.0
Girija Devi Polytechnic College,65.04188068379887,64.98209416588182,71.58911411153011,81.21492015817388,20.0
Dhivya Polytechnic College,65.03930748959371,63.85652768271434,76.95131327508845,68.5216416482051,20.0
Bhubaneswar Institute Of Technology,65.03603270082617,79.50845012492559,66.34888711027054,65.87533073523845,20.0
Vishweshwarayya Abhiyantriki Padvika Mahavidyalaya,65.02598376175595,70.34226183172048,70.19988660100705,78.35684935585009,20.0
Malla Reddy Engineering College For Women,65.02441780318694,75.88490613897355,60.28124228380867,79.32873835596014,20.0
Sal College Of Engineering,65.01119748190662,76.82247642602428,49.329210309065786,82.14736973061932,20.0
Brahma Valley College Of Engineering And Research Institute,65.0048291737585,58.531948234202176,76.7421622831555,79.53732800707012,20.0
Shri Shirdi Sai Institute Of Science And Engineering,64.99315276036654,71.28730790408055,60.03613463375778,81.24738471434912,20.0
Guru Ram Dass Institute Of Engineering And Technology,64.99266160007366,52.72981417087368,79.31744788067756,82.72297917520962,20.0
Aarooran Polytechnic College,64.98608524372214,71.95932900239143,76.77831009185712,66.37161659936251,20.0
Hke Society'S Pda College Of Engineering,64.97861895249967,66.33436806983434,83.03226057864558,55.10346991631378,20.0
Ravindra Polytechnic,64.97814086189885,76.23901537851134,60.36120240392174,72.12657361773009,20.0
Balajee Polytechnic College,64.97661024900151,66.93849321379382,70.22282924121053,77.09688138948043,20.0
Pydah College Of Engineering And Technology,64.97608836262103,58.49808983793697,75.87604718978494,83.08154780929652,20.0
Phonics School Of Diploma Programmes,64.97075606218986,72.58568078918674,81.46873468109567,53.99780702851938,20.0
Psn Institute Of Technology,64.96923069658882,62.94015849416832,72.22731129929994,78.43962668706774,20.0
Amc Engineering College,64.96130681351147,70.40512723387278,78.46561302095128,57.58847507918035,20.0
Sanmati Engineering College,64.95988665199064,74.40689141677214,67.14486824240811,83.52793432877331,20.0
Chhatrapati Shahu Polytechnic,64.94282237354551,63.77317099627827,77.22998469464588,72.13466234808953,20.0
Ct Institute Of Engineering,64.9417312112646,79.2637491277035,50.637820155584926,79.0115911343437,20.0
Rimt- College Of Architecture,64.93889001448834,54.83392926906076,79.3135158491019,80.59277765743252,20.0
Shri Sai Institute Of Technology Polytechnic,64.92793044645963,70.06800634121379,76.49543980544138,59.74860900345572,20.0
Ar Engineering College,64.92502598528353,75.42077124514893,75.13469725828794,51.138671327219214,20.0
Sai School Of Engineering And Technology,64.92128732721704,59.00216924636297,80.27181521579519,78.378573419142,20.0
Tura Polytechnic,64.91909996325562,67.2503930149864,77.18801098193002,64.23710786526453,20.0
Government Residential Women'S Polytechnic College,64.91402558248882,65.18571025324748,75.54012397897367,70.9897474151407,20.0
South Calcutta Polytechnic,64.90854010650938,67.06162012383467,70.8525216164806,82.32371118787006,20.0
Tamilnadu College Of Engineering,64.8905245882224,67.67813483700195,82.680642987082,59.542016073369005,20.0
Cochin University College Of Engineering,64.88985988036453,79.4224516067663,77.49663413496063,69.54314583879167,20.0
Kottayam Institute Of Technology And Science,64.88948860414013,56.313524012049136,78.84291036085466,77.91905908193495,20.0
Dronacharya Group Of Institutions,64.88464006574591,71.49185281271633,69.385001555621,65.32592820252826,20.0
Raman Polytechnic College,64.8828653902427,74.91087433663745,73.24173975681177,53.205819525300406,20.0
Shri Ramdevi Ramdayal Tripathi Mahila Polytechnic,64.87532326214095,69.17467194520276,79.52017877233698,82.09322105157672,20.0
Bharat College Of Engineering,64.85629766464615,72.08154860043919,65.94836766269064,74.92262563162208,20.0
Cgc College Of Engineering,64.85188551289747,76.66653656132351,77.86401362382195,52.20971274843338,20.0
Maharaja Agrasen University,64.84030767590112,79.22124932596066,67.29019621859504,62.79463524295046,20.0
Sb Jain Institute Of Technology Management And Research,64.83945487673014,79.86164666771418,61.70819515963554,70.84594911233916,20.0
Intellectual Engineering College,64.83819938619726,66.75005510900114,82.62388922788801,57.46119956415467,20.0
Sn Mudbidri Polytechnic,64.83598537741113,73.17748218041675,61.92439024801757,83.19875803853571,20.0
Shadan College Of Engineering And Technology,64.83429207332003,52.6697589938466,81.54214819288131,82.03806338658353,20.0
Radical Technical Institute,64.82376172229536,65.84540350788373,82.61738356925127,55.800050518679015,20.0
Aditya College Of Technology And Science,64.8181041005542,53.0126093935172,83.33595963196224,76.68401026002698,20.0
Valia Koonambaikulathamma College Of Engineering And Technology,64.81729910704291,65.74750397268089,78.53547849530585,70.29781629367525,20.0
Kit And Kim Technical Campus,64.80762948563287,75.31001487164745,51.08138750228525,81.49141475228123,20.0
Rajas Institute Of Technology,64.80609220987277,66.24570541797243,68.03016267784581,77.90065310850095,20.0
Gurgaon College Of Engineering For Women,64.80205496562743,59.00152320831418,81.83610051931869,75.02357456859338,20.0
Swami Vivekanand Institute Of Engineering And Technology,64.80173691230492,70.62688578914967,70.1879171999934,69.75857960723974,20.0
Jaya Polytechnic College,64.798325794473,69.14875709545936,62.48575764537764,80.95004885534937,20.0
Gms Mavmm Polytechnic College,64.79783222016079,77.25526478751414,77.24504092841008,55.562820281857306,20.0
Gh Patel College Of Engineering And Technology,64.79486812221512,69.88240458095854,75.73666102329912,71.95992690587707,20.0
Bsm College Of Polytechnic,64.79242718438496,64.68512326376195,70.60476588211098,71.68030029249417,20.0
Met'S School Of Engineering,64.78716128529757,65.8848815722543,77.5407034818331,62.60387768547345,20.0
Bannari Amman Institute Of Technology,64.7829040547414,71.70606133993627,61.3431792536094,81.10006929412704,20.0
Sri Vignesh Polytechnic College,64.78132114544351,73.53705922322176,73.35523190279322,67.56599231978875,20.0
Indian Institute Of Information Technology Dharwad,64.78047925148738,63.33091324205712,84.53986602531367,67.82074046162462,20.0
Hitkarini College Of Engineering And Technology,64.77301497326977,76.2152102643418,70.60196309007927,59.91235984801762,20.0
Vedant Institute Of Management And Technology,64.77089882147943,74.54382461879993,62.578582636831925,74.01554108162746,20.0
Uttaratech Polytechnic,64.76195523499707,77.83891788774682,57.0114171132698,80.18480078789453,20.0
Shri Rawatpura Sarkar Polytechnic,64.76137894398171,67.28239559986068,81.51682913082264,68.52043082904052,20.0
Ojaswini Institute Of Management And Technology,64.75946784405453,73.87674131260854,70.72906851186282,57.43875895179728,20.0
Sigma Institute Of Engineering,64.75916898666227,79.14720178806843,57.351867321672046,63.96961579172031,20.0
Act College Of Engineering And Technology,64.74882960788017,48.031658836590495,83.63002137677626,82.86130891775332,20.0
Shri Sapthagiri Institute Of Technology,64.72676836054896,72.99175586581585,64.87868434820172,66.16476097384191,20.0
Pr Engineering College,64.70786617422712,55.46025577963596,74.55148614292355,84.30705409524353,20.0
Sharadchandra Pawar College Of Engineering,64.69826049320993,75.94367764763194,57.59910907630383,73.06724555739162,20.0
Sams College Of Engineering And Technology,64.69790416196285,56.94937849739249,76.6252132562659,83.7775199831511,20.0
Shri Balwant Institute Of Technology,64.69739431669981,72.95266845021942,58.89009757793816,72.85599133195518,20.0
Nagarjuna Institute Of Technology And Sciences,64.68552722477651,65.04146132108657,69.70795034749585,84.04298427999439,20.0
Nilachal Polytechnic,64.6834558882937,57.31530492415519,81.71210134103744,78.69726894285577,20.0
Vamanrao Ithape Polytechnic,64.67518615082585,64.87790384605222,73.09844606262752,72.74384354895233,20.0
Gs Mandal'S Marathwada Institute Of Technology,64.67165916877397,71.14137482252323,70.72625065160774,75.32323125106885,20.0
Teegala Krishna Reddy Engineering College,64.67053285632333,57.71473671814749,81.91916419514443,72.14693138783542,20.0
Believers Church Caarmel Engineering College,64.6668691385907,77.69603558174381,56.44706363275552,74.34715297437936,20.0
Sri Ramanujar Engineering College,64.6634619321486,65.85738984450455,64.02710060085977,84.77152166103733,20.0
Adhiparasakthi Engineering College,64.65850613337146,70.57513833697752,68.54563288491593,72.3612623310262,20.0
Prime College Of Engineering,64.6528760931335,63.29504584407556,77.97171899421033,67.95255285111872,20.0
Ksr College Of Engineering,64.64335589490514,75.23987226331793,73.43471065460818,54.89271647902876,20.0
Gitam School Of Technology,64.64281329149782,78.75411744695938,54.42891775184097,71.29546174570706,20.0
Anand College Of Engineering And Management,64.6359966151193,68.99072580618468,77.26926062130093,62.35840856617983,20.0
Brahma Valley College Of Technical Education,64.62230426035947,62.48466987929085,69.60467144777628,83.7553834920837,20.0
Dr Kn Modi University,64.62139863860097,79.47249016614433,58.8856432565396,76.16249597407719,20.0
Djr College Of Engineering And Technology,64.62121821449651,69.44067431241983,66.84792361107472,69.52845014168632,20.0
Aditya Institute Of Technology,64.61666901579636,66.00279473749507,78.39387173246129,74.4257510106467,20.0
Ace College Of Engineering,64.6088768896823,77.25958455548187,51.475197239678224,82.73046214799905,20.0
Invertis Institute Of Engineering And Technology,64.60803656903356,58.640512244202974,80.72362832517774,80.0847110164738,20.0
St Marys Group Of Institutions,64.60632800900449,61.19670946540138,77.85239003429038,73.70401784632212,20.0
Advanced Institute Of Technology And Management,64.60363601602438,61.06130276712448,84.05139160142357,60.84428743379764,20.0
Rizvi College Of Architecture,64.60035105771067,66.80583205501645,77.25140340512077,63.65741575288271,20.0
Kalyan Polytechnic,64.6003239220979,77.48118973335755,72.24673924293228,84.00452426781371,20.0
Manav School Of Engineering And Technology,64.59865872462653,78.99994605743838,54.045500774926566,76.54451545626347,20.0
Regional Institute Of Science And Technology,64.59734570073006,47.89479251297605,84.88918448043461,81.93788314180608,20.0
Sri Eshwar College Of Engineering,64.59021625587175,56.54589308010575,77.74420311706268,83.25007372056635,20.0
Nandha Engineering College,64.5893299021542,76.85586094576347,64.58449489327734,67.95778786179807,20.0
Ideal Institute Of Management And Technology,64.58603758914575,58.80351934440648,78.46368051667346,75.24016228874748,20.0
Itm Institute Of Technology And Management,64.57772398984014,74.95560472697682,66.83625508604719,66.24929717131081,20.0
Musaliar College Of Engineering And Technology,64.56904823899538,79.23551641460153,51.67370876733193,76.6491638439872,20.0
Stella Mary'S College Of Engineering,64.56557081086531,60.435508416453786,71.83940232828552,82.94764382952057,20.0
Arasu Engineering College,64.56238912331538,63.719674375814265,79.83934494473067,65.95344560641426,20.0
Ramachandra College Of Engineering,64.55965389082274,72.26562610584179,84.24133723298982,53.31048182968149,20.0
Shree Mahavir Education Society'S Institute Of Technology Polytechnic,64.5441189186124,68.45451823142727,72.97977214802756,68.7601474042483,20.0
Dronacharya College Of Engineering,64.53960934878792,61.045966349308,78.11466579791137,70.92942661706431,20.0
Ramu Seetha Polytechnic College,64.53407999356878,50.9582735039161,83.75658028174226,81.64021627115946,20.0
Dr Zh Institute Of Technology And Management,64.52980174790761,78.28607824145779,55.9541332603752,75.57691774047993,20.0
Snd College Of Engineering And Research Centre,64.52954997650126,76.3537802437439,55.298418841578425,80.0260740472597,20.0
Vidya Bhawan Polytechnic College,64.52188906094051,70.7815666944422,80.06780750264852,65.46895529471774,20.0
Government Polytechnic For Women,64.51555876826657,75.39230614397732,61.65284704822133,71.48280046003192,20.0
Sanjaybhai Rajguru College Of Diploma Engineering,64.51274218991006,61.29563952699641,76.21510750537396,75.4800085551775,20.0
Maulana Mukhtar Ahmad Nadvi Technical Campus,64.49144965694471,60.29862326418008,73.32760603006673,77.03501822925888,20.0
Balaghat Engineering College,64.49119035673012,71.74110169708294,66.29807035032147,67.66422797152278,20.0
Bharti College Of Engineering And Technology,64.46937162244286,74.4403134212057,52.7630200087542,82.87478378184929,20.0
Gulzar College Of Engineering,64.46291156239718,73.39989365869201,76.9186316840611,52.75683690934775,20.0
Periyar Maniammai Institute Of Science And Technology,64.4596454871216,77.48522145565789,64.8003366683771,69.20471497640368,20.0
Ramchandra Chandravansi Institute Of Technology,64.45696438151276,70.82888006574932,67.20890826106924,72.75530697463279,20.0
Cbs College Of Engineering And Management,64.45368157844119,68.49064284971406,69.75761868432123,63.38077451178316,20.0
Sr Engineering College,64.45024303854551,76.72951413677492,61.16642572153826,70.31090731755181,20.0
Mepco Schlenk Engineering College,64.44799622747726,65.77057042400367,76.51350464715046,71.78470970324744,20.0
Park College Of Engineering And Technology,64.44070241688036,54.39550345117041,80.94813417276302,78.3357144898099,20.0
Veer Kunwar Institute Of Technology,64.43956071906507,56.07906019465261,74.27374414986704,83.9743863435974,20.0
Ac Patil College Of Engineering,64.43341042036475,69.3733804051966,60.340867851705,76.55067312388505,20.0
Don Bosco College Of Engineering And Technology,64.42992024554263,70.01650477275149,77.85277358924247,57.05468198312811,20.0
Indraprastha Institute Of Technology,64.42946207331771,66.5829901973777,81.05384433825911,51.79719101969641,20.0
University Institute Of Technology Rajiv Gandhi Proudyogiki Vishwavidyalaya,64.42332186940806,71.63287665747417,65.08119266111866,75.15818373862614,20.0
Svs Group Of Institution,64.42083207511263,66.09047986891974,71.90901822645296,67.6002279572417,20.0
Dhabaleswar Institute Of Polytechnic,64.4199499453545,69.55561335632991,76.94029927841035,59.86408176662167,20.0
E Max Polytechnic College,64.41853308519025,56.73872889860263,79.14571148179665,78.98842746490543,20.0
St Mother Theresa Engineering College,64.41580335507734,79.96665715073718,46.43950151236058,83.22026741148187,20.0
Gold Field Institute Of Technology And Management,64.40683085501104,73.75971375904257,54.10790500007215,84.76269027226554,20.0
Lakshmi Narain College Of Technology,64.40517017418429,68.74902960639275,78.79721773111184,63.7055843161091,20.0
Peri Institute Of Technology,64.39715318376898,73.47874773923347,72.10060655054549,61.471188481232325,20.0
Icfai Tech School,64.38669280063233,62.069159372382686,75.24374098540959,76.40705867239191,20.0
Sreenivasa College Of Engineering And Technology,64.3851944930773,69.62389044983797,62.86846699043484,74.24706676041569,20.0
Sidhartha Institute Of Engineering And Technology,64.38512929731615,66.73271181212053,73.86728640774936,68.56581775706135,20.0
Sinhgad College Of Architecture,64.3844136899349,68.49286994818158,81.41829885167549,54.96135399480718,20.0
Modern Institute Of Technology And Management,64.38032981620002,76.39903277295993,56.97460234433869,77.2666598678617,20.0
Sri Sarada Institute Of Science And Technology,64.37935524126125,69.19391918230386,59.59112225323418,84.87822080428208,20.0
Bharath Polytechnic College,64.37907311264493,76.7160430021851,62.21038435241237,63.64935654022777,20.0
Prasiddha College Of Engineering And Technology,64.37810173645242,54.42086951910424,77.63336247542907,78.59867736786862,20.0
Baba Ghulam Shah Badshah University,64.37017122268047,66.53048675901368,84.6004118198918,58.19052186706529,20.0
Smt Kamala And Sri Venkappa M Agadi College Of Engineering And Technology,64.3700937333951,67.20775260476002,84.58801020911028,59.3939341716592,20.0
Regional Polytechnic College,64.35676945144068,52.78599224783207,82.84863227270685,81.70790640388215,20.0
Vkr,64.35355025500934,76.90836070715848,52.96610021280435,79.35610316170232,20.0
Sambhram Institute Of Technology,64.3490080859309,65.54748889285682,76.05957470698148,66.31034131033175,20.0
Sant Baba Prem Singh Memorial Government Polytechnic College,64.34220109342007,69.86214490074815,69.09590140808632,65.64818784239574,20.0
Sambalpur University,64.33512052347649,77.69965323243886,61.9359532881078,76.13439609925378,20.0
Jawaharlal Nehru Government Engineering College,64.334177285284,79.53921945903781,76.47835095609395,82.8024593064828,20.0
Radhakrishna Institute Of Technology And Engineering,64.33282816230562,78.33808288430815,44.47052961363224,84.56730551630147,20.0
Shri Ram Group Of Institutions Integrated Campus,64.32878118566256,54.97045159547675,79.16770502214047,75.78519198344533,20.0
Rajasthan Technical University,64.32359883817766,68.43723739801378,79.47388788083067,70.98510587174704,20.0
Kadwa Polytechnic,64.32213563199913,74.41594032082364,56.28727676688234,80.33625858773566,20.0
Shri Shankaracharya Institute Of Engineering And Technology,64.32193895385242,66.55281738036318,71.50281039706843,67.11415431087929,20.0
Arham Veerayatan Polytechnic Institute,64.32013225518817,51.63292653826166,84.39403853222274,84.66506387229916,20.0
Surajmal College Of Engineering And Management,64.3197858147824,78.8959031923757,52.19692292351082,69.91240143063344,20.0
Bs Anangpuria Institute Of Technology And Management,64.3154954441616,59.48521771284343,84.45363939771316,69.67740856370835,20.0
Mvj College Of Engineering,64.31169533681506,65.92042910787511,83.07006987289309,61.51000110773518,20.0
Trinity College Of Engineering And Technology,64.31040550129755,79.63301749982553,45.69933727180428,78.84208299305817,20.0
Laxminarayan Institute Of Technology,64.3086593917713,76.72421270212294,63.63648628158694,78.55761528837678,20.0
Mount Zion College Of Engineering,64.30456721919242,78.65242067087073,54.29422572994254,71.78401260314146,20.0
Apollo Engineering College,64.30372359577524,60.47354739338955,71.45548119222175,82.12196994534243,20.0
Prince Institute Of Innovative Technology,64.30105421942619,64.72570289986862,71.44041795955464,73.74565288567425,20.0
Icl Institute Of Architecture And Town Planning,64.28801339306058,70.24009615232305,77.91005648778918,51.12133519762796,20.0
Mgm'S College Of Engineering,64.27827743185571,72.7239478319219,79.24031271009491,58.733983313824304,20.0
Gurukul Education Society Institute Of Engineering And Technology,64.27698578625474,75.32022160152052,73.08797447414932,55.330072864274925,20.0
Madin Polytechnic College,64.26499070249977,62.513729811441024,83.89110790629383,69.97113334476057,20.0
Raja Kishore Chandra Academy Of Technology,64.2605284679997,69.27236219875968,68.02909542840473,84.10033470118566,20.0
Applied College Of Management And Engineering,64.25834510521831,67.05918258601275,68.92995383925941,75.17760544311402,20.0
Aryan Institute Of Technology,64.25700710449668,68.03845597371277,77.34026301914695,59.70988909587966,20.0
G Pullaiah College Of Engineering And Technology,64.25656310620668,71.52850018853134,75.21746626770394,62.444497686850745,20.0
Aishwarya College Of Engineering And Technology,64.25432363200967,57.85086491603536,70.05434266291195,83.51603691390069,20.0
Ik Gujral Punjab Technical University Campus,64.25391152273328,79.96315747199986,64.06173681747313,63.30146157122086,20.0
Rajahmundry Engineering College,64.25152592390491,77.59099895787419,61.74069614919487,61.30155705046524,20.0
Dhanalakshmi Srinivasan Institute Of Research And Technology,64.24961116078067,62.6252666697774,81.72732757420235,59.96330430108347,20.0
Swarnandhra Institute Of Engineering And Technology,64.24592213568488,72.9807240271085,64.62650388891909,69.23020840143224,20.0
Svs Educational Park,64.24431602497069,59.56698986371052,81.70595036566063,63.30817980506282,20.0
Prasanna Polytechnic,64.24164076470484,72.01354400905669,71.85768298745955,60.4951022317338,20.0
Vikas College Of Engineering And Technology,64.23484483261274,72.20578233645274,61.49446811535415,73.99223895664841,20.0
Kbr Engineering College,64.23194071161961,71.23782238558667,61.11481749017475,70.25801935825137,20.0
Chandigarh Engineering College,64.23173810619308,60.60233766679948,77.625300813098,80.49741363594752,20.0
College Of Architecture And Centre For Design,64.23079176657133,56.69993754033314,82.70095270700278,75.78993602203911,20.0
Umrao Technological Institute Polytechnic,64.22608754520797,77.82972069903627,55.38483861326824,68.41721111049738,20.0
Bharti College Of Polytechnic,64.2213658970993,58.43193405341663,76.62936085117005,73.95027773368017,20.0
Mes College Of Engineering And Technology,64.21830522811823,66.90332366771497,74.51389097104982,66.13964077986344,20.0
Hke Society'S Polytechnic,64.2096908525973,56.02510502042455,79.73524180850504,80.09294662243948,20.0
Alpha College Of Engineering,64.19803335783789,63.9449316938613,76.94669824297542,60.870857041312654,20.0
Future Institute Of Engineering And Management,64.1972546587873,74.14015969607934,56.31696367691445,74.33697424877076,20.0
Swami Keshvanand Institute Of Technology,64.19392775424534,76.7417347136938,57.71076355285873,77.45269243500091,20.0
Siddartha Educational Academy Group Of Institutions,64.19102994003137,60.09717808069989,78.01414131315997,77.8334551222368,20.0
Sri Basaveshwara Institute Of Technology,64.1891548963495,73.73713897167607,76.82859564020002,56.74684561589297,20.0
Mansa Polytechnic,64.18378694641453,74.65696721045325,71.80937674630724,54.680761593228105,20.0
Archana College Of Engineering,64.18222836628614,56.40575712348885,79.79496012020269,79.12022413675456,20.0
Thapar Institute Of Engineering And Technology,64.18044236613747,75.41936283151719,65.20263181824369,70.26380302445935,20.0
Universal Institute Of Engineering And Technology,64.17297709077843,79.0849585280119,59.8158456357252,67.61107410090383,20.0
Iimt College Of Engineering,64.1642496127934,70.38749745019301,69.86026901938357,66.31663572941275,20.0
Kongunadu College Of Engineering And Technology,64.15437466806878,54.14167027586312,79.29319513803316,83.63351701079137,20.0
Kings Group Of Institutions,64.14768207397566,64.41283800041825,65.33333857977897,81.98753374111556,20.0
Sahayog Sevabhavi Sansthas Indira Institute Of Technology Polytechnic,64.1422950889378,68.64910923010035,61.92216478977559,78.33500993416169,20.0
Baba Banda Singh Bahadur Global Polytechnic College,64.13713008256708,77.34995946774933,43.575612693758615,83.79577441151002,20.0
Khammam Institute Of Technology And Sciences,64.12958386978514,52.32391311419897,78.85772980591238,75.55249055694186,20.0
Acharya Ng Ranga Agricultural University,64.12764769098465,64.4610400868509,71.11092512092088,84.16385096725153,20.0
Saraswathy College Of Engineering And Technology,64.12034929125656,68.09070669140951,78.22922040618218,52.290822726417474,20.0
Talla Padmavathi College Of Engineering,64.11992916567213,76.44805754019782,60.28876126784082,68.91545660238177,20.0
Vishwabharati Academy'S College Of Engineering,64.1193195932494,62.16258651677279,66.93865154895629,82.62770337113713,20.0
Kk Wagh College Of Agricultural Engineering And Technology,64.11142513101693,69.41645598900585,71.47420807443028,69.83868568141827,20.0
Mother Terasa Polytechnic College,64.0980797610909,66.27859103944293,67.47040039898926,82.71488851576342,20.0
Uv Patel College Of Engineering,64.09552482306648,76.74104583368818,79.84159748416556,52.10041431587473,20.0
Bharat Polytechnic College,64.09088109917533,75.05911657544846,67.50213430308882,80.47885960566195,20.0
Thevanesam Erudhaya Ammal Polytechnic College,64.08981923282276,68.28825516006822,61.32628075392458,79.96269369283706,20.0
Shri Shivaji Education Society'S College Of Engineering And Technology,64.08530275870261,76.04420696146934,74.71829083603235,59.46163555598868,20.0
Rd Foundation Group Of Institutions,64.07994611491247,66.71155982676972,76.1279886219255,55.16012939629803,20.0
Ifet College Of Engineering,64.07281833724817,77.99405002289414,60.23387823021133,66.75431855183396,20.0
Aryabhatta Knowledge University,64.07020618790435,78.9859091689348,43.86196913719411,77.54996325681124,20.0
Kle Dr Ms Sheshgiri College Of Engineering And Technology,64.06977142947544,65.07661854580604,69.29577452011051,81.49374313143076,20.0
Omdayal Group Of Institutions,64.06905961325495,61.55255154198576,84.72567357758786,61.399073908766745,20.0
Easa College Of Engineering And Technology,64.06871147760775,70.52022316311161,78.76387519259696,51.28613323856386,20.0
Flora Institute Of Technology,64.05941143891151,67.18972428353322,68.20717363838288,68.4566590448393,20.0
Bms College Of Engineering,64.05016369811136,70.7800104769148,66.73503654719352,76.7881392235861,20.0
Om Polytechnic,64.04586021104973,66.60822332533243,70.9816922302054,67.35347659487404,20.0
Rishi Ms Institute Of Engineering And Technology For Women,64.0427795943428,72.61716906655826,64.12190323937995,65.56925820739532,20.0
Bhajarang Engineering College,64.03638813024087,59.97584603392784,82.45679773593025,57.71990209044383,20.0
Chameli Devi Group Of Institutions,64.0330673368656,76.40545968266915,60.03385565616964,72.07327927349989,20.0
Shri Venkteshwar Institute Of Technology,64.02828519861161,68.61098418115257,55.65095863094467,81.35787173645245,20.0
Rourkela Institute Of Technology,64.02749108564554,74.93566886534447,63.86830315689766,58.49876799142801,20.0
Bhopal Institute Of Technology And Management,64.01928966533958,66.09182884087048,77.21245759791219,66.58116179248577,20.0
Vivekananda Institute Of Science And Information Technology,64.00955911571198,63.49056490952568,60.60261052189624,82.77597189300873,20.0
Shri Jeet Ram Smarak Institute Of Engineering And Technology,64.0032788130379,60.44227417554493,80.00392615215387,63.40394470258364,20.0
Maharaja'S Technological Institute,64.002092578229,73.55872673200476,69.47221388574914,84.99158232564807,20.0
Dr Dy Patil College Of Engineering And Innovation,63.99381203451421,74.87161319938006,70.08749387409924,59.66808825691909,20.0
Ksk College Of Engineering And Technology,63.99050162304625,75.22626067209524,52.09216704056881,80.1727980905023,20.0
Baba Institute Of Technology And Sciences,63.98260986653271,70.06145081794314,81.28057481464539,50.25055874680719,20.0
Berhampore Polytechnic College,63.97970644729311,61.93868429183493,81.74304313122957,66.30951165392305,20.0
Cpcl Polytechnic College,63.97275932462041,74.95272618783514,61.86969722346223,77.86927612925955,20.0
Tawi Polytechnic,63.970355075588806,74.46801644452466,68.5926382696442,78.76548873685867,20.0
Fatima Michael College Of Engineering And Technology,63.969105212029135,64.54724049818735,83.47249648150802,53.680543369776096,20.0
Dr Samuel George Institute Of Engineering And Technology,63.956401143513474,61.49644472636146,71.94196114058323,75.24090117819222,20.0
Idhaya Engineering College For Women,63.95565976973268,64.16344909002366,66.77956105790004,78.36293894134869,20.0
Indus Institute Of Engineering And Technology,63.95514164526284,62.96620722570552,69.83311381084762,74.08733606666844,20.0
Tirumala Polytechnic College,63.954479685714126,71.12094077725274,67.31734044102723,71.76415038027771,20.0
Avanthi'S Research And Technological Academy,63.946970580078755,53.35336557225908,77.37508977380428,80.37402971456916,20.0
Ba College Of Engineering And Technology,63.94495434921686,66.35916026321901,58.319088246960405,83.25396400999803,20.0
Ksr Institute For Engineering And Technology,63.938231737090604,79.92618453990713,45.3970899938174,82.34094318149472,20.0
Dav College Of Engineering And Technology,63.937712487214746,65.30973912251237,74.08082787151275,63.84062742844057,20.0
Rajiv Memorial Institute Of Education And Technology,63.93714532712636,74.25305435861006,80.35333814586542,55.97698294422726,20.0
Maharana Pratap College Of Technology,63.93428130722346,70.51583641101277,68.57175889497478,60.96826931951406,20.0
Adyapeath Annada Polytechnic College,63.934026186724566,62.014496071276206,83.09814972113105,68.72678559142928,20.0
Axis Institute Of Architecture,63.92940254126878,72.78556320281223,62.42134093873613,65.31261133977759,20.0
Akula Sreeramulu College Of Engineering,63.922719815851856,58.64406480983239,67.98371160187631,82.11446752239907,20.0
Millennium Institute Of Technology,63.91528061624016,74.86404177800422,69.91850269403525,52.47820832729114,20.0
Kruti Institute Of Technology And Engineering,63.91318129434516,75.62833418531235,66.85741793389599,55.1501510531326,20.0
Kc College Of Engineering And Management Studies And Research,63.912691997569596,70.35965112116173,75.60050730370052,67.55562948803814,20.0
Rayat Polytechnic College,63.9086868659992,60.79707217223738,84.6714165939091,61.01942187957204,20.0
Maharaja Aggarsain Institute Of Technology,63.907444240803684,62.87377557258204,68.80270056249122,78.58973490106618,20.0
Shreeyash College Of Engineering And Technology,63.9072602590535,68.95734718931135,56.60318275718383,82.46132221466875,20.0
Sree Kavitha Institute Of Science And Technology,63.90467473628984,73.65272791677285,60.30106792695325,65.87012301653687,20.0
Sree Sowdambika College Of Engineering,63.902294021037605,78.30423893240548,46.538848066606654,81.50527121293938,20.0
Institute Of Science And Technology,63.9012296132619,74.52341024804355,70.30444689653773,51.634132372343416,20.0
Silicon Institute Of Technology,63.899443053580846,78.44522388643418,72.88095998648653,54.04350020316301,20.0
Alard College Of Engineering And Management,63.89722342447221,76.87385056658349,55.27028767357055,71.78910146628803,20.0
Prabhu Kailash Polytechnic,63.89588678840211,68.68243416377322,77.22664889083211,64.57249596812206,20.0
Noble Group Of Institutions,63.894100607232225,73.14718386096328,49.63261226428632,81.07978249546214,20.0
Pankaj Laddhad Institute Of Technology And Management Studies,63.88740202362739,75.648168384421,53.18991326919965,82.32125389662014,20.0
Indian Institute Of Science Education And Research Bhopal,63.886958963587766,56.21034262706247,82.94797060821658,79.13863630227623,20.0
Swarnandhra College Of Engineering And Technology,63.88178489831384,65.54378976987624,81.40858924069965,60.090546488641664,20.0
Dr Rajendra Gode Institute Of Technology And Research,63.877700041569966,75.81997541634236,84.91128216496213,58.04744280772414,20.0
Dnyanshree Institute Of Engineering And Technology,63.86851681532046,59.56801826282024,82.5801739041348,62.72528050353341,20.0
Grandhi Varalakshmi Venkata Rao Institute Of Technology,63.867902360704576,57.16370233780082,83.55091645926404,66.21296666368717,20.0
Maharishi Markandeshwar University,63.86622476068224,61.06685690003511,76.83220054028092,70.6000172067307,20.0
Savera Educational Trust Group Of Institutions,63.86509190501237,64.51933365799393,79.96671420558445,62.073318500005726,20.0
Vedhantha Institute Of Technology,63.86457700344063,75.23021863586004,61.51936568358943,60.77327158541589,20.0
Gopalan College Of Engineering And Management,63.85852167870176,52.21954880811356,83.28745227379008,78.84096014610236,20.0
Vilasrao Deshmukh College Of Engineering And Technology,63.8567487881029,70.88259013183622,54.986742972585645,76.16649921899291,20.0
Swarnadhara College Of Engineering And Technology,63.849158098307996,53.43600705257892,76.82405981730584,79.36160836130733,20.0
Shri Jaykumar Rawal Institute Of Technology,63.84573599142283,72.245588904199,62.84777689810157,70.52749647349391,20.0
Sawai Madhopur College Of Engineering And Technology,63.840589549813025,53.641676383730285,81.72712351624557,77.84601742250962,20.0
Shri Bhavani Niketan Institute Of Technology And Management,63.835394221756985,60.0769189874235,71.81046160756105,81.1506044793828,20.0
Priyadarshini Institute Of Technology,63.835315465867225,77.17689808972298,40.81766904391784,84.17630682361197,20.0
Cooch Behar Government Engineering College,63.82758911991121,57.16614484023691,80.84705936495837,84.1387180235132,20.0
Niit University,63.81252654474746,72.99853734163696,76.90758984490287,52.6091616023843,20.0
Kavikulguru Institute Of Technology And Science,63.80492094910154,69.27917111046253,74.00115882697997,65.04745752208095,20.0
Star Academy Of Technology And Management,63.80476508162052,65.44333618608903,71.7059051050153,74.56534197430993,20.0
Indus Institute Of Technology And Management,63.80251850672353,77.30202463487878,59.68485934285881,64.56817109744841,20.0
Tirumala Engineering College,63.796840851814835,71.954363907629,71.06638042434751,57.30970181013041,20.0
Prasad Institute Of Technology,63.79188811130354,79.4618267130431,54.23299394186628,66.36618953406747,20.0
Ms Ramaiah Polytechnic,63.79008759695828,75.2235262236669,53.09120112640957,81.72182338711553,20.0
Kailash Narayan Patidar College Of Science And Technology,63.78859614067816,71.50869703472736,66.96146016753713,61.87714108695256,20.0
Sect Group Of Institutes,63.78801239167035,59.02720317259626,77.01493074354003,67.88959416684634,20.0
Jaypee University Of Engineering And Technology,63.787978203197056,75.02820656149473,50.03790558674437,77.29537727112513,20.0
Jainee College Of Engineering And Technology,63.78689318784092,52.46478900773678,71.75617474188982,84.87909392202633,20.0
Mckv Institute Of Engineering,63.7857423397718,65.82068508443288,71.90942875306561,72.97271693515124,20.0
Sai Meer College Of Polytechnic,63.781951927465016,47.56832093181299,83.78280682900963,79.95386962434918,20.0
Vriddhi Polytechnic College,63.78066562766114,74.74503072638491,48.9779279380969,81.9315429956975,20.0
Shree Guru Gobind Singh Tricentenary University,63.779839137257724,65.70028588645172,80.96400264591423,61.99773428546535,20.0
Sirda Polytechnic,63.77661243591044,73.48615252823336,64.90760417831136,70.03736500160738,20.0
Lord Krishna College Of Technology,63.77340737282365,66.1649859606966,77.2889670768328,52.768798988235474,20.0
Techno Engineering College,63.768186742187666,72.14226135618875,57.078719156190346,82.85325788675678,20.0
Arjun College Of Technology And Sciences,63.76190048825325,71.68222819737174,71.5628651116959,52.99060157593965,20.0
Gandhi Institute Of Advanced Computer And Research,63.7609372145127,65.47253549443617,70.75754874070316,71.33220118752584,20.0
Sriguru Institute Of Technology,63.75877213510843,54.21909928086258,75.13235154669226,79.25410160565633,20.0
John Cox Memorial Csi Institute Of Technology,63.75521934346808,69.5932055699729,70.22850586509296,65.13033407526396,20.0
Ratnavel Subramaniam Polytechnic College,63.75428788798663,71.84714880234993,60.25534432947299,73.53852600361563,20.0
Assam Don Bosco University,63.745762360991094,59.98952716148217,78.47912311954687,71.44532247302396,20.0
Sa Engineering College,63.74556320034877,66.04555744093936,57.72594796886622,81.20736972307927,20.0
Shri Ram Institute Of Science And Technology,63.74404849618614,64.03124892208106,76.95849559171789,60.71318974584189,20.0
Sanghavi College Of Engineering,63.74032079703453,56.11418236076669,77.13923573559563,79.74470558334342,20.0
Mahatma Gandhi Institute Of Engineering And Management,63.73920066444282,60.848539312677445,76.85619496844718,71.49939312125257,20.0
Government Maharaja College,63.73890056660086,72.68052596278909,73.90758060309219,55.58168636856767,20.0
Siddharth Institute Of Technology,63.73235782198107,66.78814633154637,66.07639979103547,76.49904063801466,20.0
Nmdc Dav Polytechnic,63.72854050815665,61.30778577278959,82.7440674796114,62.277796386172376,20.0
Silver Oak College Of Engineering And Technology,63.70918188051174,71.24337954643217,79.37209395658729,57.11210353529132,20.0
Maharishi Arvind College Of Engineering And Technology,63.705903811446305,79.06841100801947,50.91276893043515,70.63682506095014,20.0
Guru Gobind Singh Government Polytechnic,63.70195518354663,58.99184161983072,83.89979347857681,75.78457917682921,20.0
Shridevi Polytechnic,63.70065061227011,60.74052341056214,82.42241374689245,59.45382698192076,20.0
Shri Vaishnav Institute Of Technology And Science,63.697357010739914,69.79244142966236,77.29802952155697,52.31612351193802,20.0
Pk Technical Campus,63.695022237129045,77.56427162235298,65.85569865021388,64.93963121865892,20.0
Shivalik Institute Of Engineering And Technology,63.68852167298753,65.07793921686348,74.50582362698248,67.24636179319347,20.0
Cauvery College Of Engineering And Technology,63.68638754334265,78.32648663062133,54.66454272268463,65.20029650435542,20.0
Ptr College Of Engineering And Technology,63.68476801802141,71.12389297578395,67.28181735454321,59.421965046546944,20.0
Chitkara University Institute Of Engineering And Technology,63.67608965071051,73.74626015671517,52.94650191733509,73.19534828166059,20.0
Nuzvid Polytechnic,63.674618057834536,57.97523783665368,76.99333584699536,78.18958483712223,20.0
Satyam Polytechnic And Pharmacy College,63.67359808166971,57.29872004642377,83.74895425387027,75.83463730238725,20.0
Hindustan Institute Of Maritime Training,63.67190690983375,71.88263511380643,81.81264031869362,54.09858962474533,20.0
Institute Of Chemical Technology,63.671090871482406,72.97457110541772,73.14730808219929,58.75286004949166,20.0
Audisankara College Of Engineering And Technology,63.66925162946225,71.91922682161137,65.69372566698082,57.78495687490932,20.0
Brahmanand Institute Of Research Technology And Management,63.66853666460269,50.07364567391181,72.82454526302514,84.27627395412064,20.0
Mekapati Rajamohan Reddy Institute Of Technology And Science,63.665793441780224,60.61823429706861,78.10833676001272,65.59540736836075,20.0
Rvs School Of Engineering And Technology,63.664689791442285,67.81559993135647,55.41161379202897,82.89965687785906,20.0
Lr Institute Of Engineering And Technology,63.65882631815371,79.08499713391605,61.85894410695244,52.1793288293021,20.0
Al Azhar College Of Engineering And Technology,63.65209571080075,51.54329649032341,83.99005337882906,69.13916861026038,20.0
Rvs School Of Engineering,63.65115902321972,66.84163315545072,59.11609210413958,79.6470408203529,20.0
Kk College Of Engineering And Management,63.650603410774764,63.7568416874344,58.12419795240371,84.471202550416,20.0
Kingston Engineering College,63.640114032233896,73.6038342109484,58.15399094028106,73.57708279763807,20.0
Sri Venkateswara Engineering College,63.638818598416556,65.85465303549418,68.6955757664514,73.16807128776782,20.0
Bhai Mani Singh Polytechnic College,63.637809756496324,70.71193096964886,61.59027292206925,80.69823595088818,20.0
Gandhi Academy Of Technical Education,63.63284006601257,71.09118208018555,54.49135858349997,75.09349088749806,20.0
Ekalavya Institute Of Technology,63.63072285262558,53.44777810969718,79.07413663263954,71.95278756549071,20.0
Mats School Of Engineering And Information Technology,63.619791187946056,66.54715974714335,77.2729714957686,58.88549748459485,20.0
Jt Mahajan Polytechnic,63.60967977375962,64.51674434965774,82.09280466146632,68.20971042383823,20.0
Jawaharlal Nehru College Of Technology,63.60655830778654,66.36774091866684,51.95841591584674,84.43093903446643,20.0
Khandelwal College Of Architecture And Design,63.60431168629701,70.899677345779,63.344367096301056,66.87354500736582,20.0
University Of Kashmir,63.603790441805614,62.86486453849207,84.34911217954328,82.10435979450693,20.0
College Of Engineering Roorkee,63.59743817383061,70.50452538354843,66.81546252604056,66.90975273537344,20.0
Annamacharya Institute Of Technology And Sciences,63.596644842812076,55.26534444232514,74.6068275660925,80.45910466421626,20.0
Ludhiana Polytechnic College,63.59309781360696,58.88491831164514,69.7590017528019,84.07823034534638,20.0
Theni Kammavar Sangam Polytechnic College,63.590745665987924,74.26989807228424,62.66368764429599,67.58563631343105,20.0
Secab Institute Of Engineering And Technology,63.58828178925954,54.84823088622312,77.59566136825939,78.90838973812366,20.0
Shri Usb College Of Engineering And Management,63.587018227765554,61.1905543174252,69.89714295194946,79.19355455748814,20.0
Triguna Sen School Of Technology,63.58575391236134,79.48366630036111,68.60054384010107,75.84364500712688,20.0
Dhanalakshmi Srinivasan Institute Of Technology,63.58209972563742,78.57986055207968,58.38841406853173,63.86781663087915,20.0
Vignan'S Institute Of Information Technology,63.57891225350344,77.91076575773312,68.48377490826311,56.03255870166199,20.0
Ganesh Institute Of Engineering And Technology Polytechnic,63.57492880711061,79.25846737600145,59.33222591074903,67.97763039158812,20.0
Goa College Of Engineering,63.57197139384451,76.8873873753706,78.36377468380762,50.85271498432624,20.0
Vidya Vikas Polytechnic,63.57009920126585,79.57389958234666,50.17710326017665,80.85440116921987,20.0
Pydah Kaushik College Of Engineering,63.566895002571265,78.6923511122977,61.11946504835558,57.32079562020567,20.0
Pm Polytechnic,63.56622560868107,63.0987344708836,80.78993350638544,59.09238879990741,20.0
Latha Mathavan Engineering College,63.56161809094641,44.35026157575722,83.3930632147167,83.25318244997732,20.0
Sri Aurobindo Institute Of Technology,63.556032209175775,51.97648989362518,77.12860620266636,82.27924333956142,20.0
Indian Statistical Institute Kolkata,63.55325461425337,65.9976816776983,67.88643980944461,65.42513744571241,20.0
Asia Pacific Institute Of Information Technology,63.551116892668176,79.43842258064814,56.530714815139845,59.63578856318787,20.0
Jaipur Engineering College,63.54918689368074,78.95106178864934,56.16434062796578,62.70010950167301,20.0
Srinivasan Polytechnic College,63.54667527536925,72.16820912672912,74.9073853957446,52.11614672542762,20.0
Bonam Venkata Chalamayya Engineering College,63.5427151106917,74.09222395454512,56.94994322673131,76.21079862965301,20.0
Sinhgad Academy Of Engineering,63.54097179084545,51.73549980055017,83.5178734910476,84.22199946850772,20.0
Noorul Islam Centre For Higher Education,63.536738560006654,73.49729325745399,49.287551315205306,81.19086981865449,20.0
Nelliandavar Institute Of Technology,63.53481580623024,48.88190166624576,81.07711873762634,82.15574057725316,20.0
Sophitorium Engineering College,63.530370913396034,73.59684699933037,55.49603563817553,75.93628401310716,20.0
Mangalore Institute Of Technology And Engineering,63.52944189673506,77.08899289727827,71.5762994805291,53.24730044421502,20.0
Shri Shubhas Nagur Memorial Polytechnic,63.525296144960556,58.926841338815805,74.72719405087942,75.43209111164921,20.0
Seacom Engineering College,63.523651946905034,62.30056775230649,68.8365016456219,75.35555715672888,20.0
Einstein College Of Engineering,63.52177534834426,49.350775124823926,80.45170782381464,81.48979821403388,20.0
Christ The King Polytechnic College,63.518909572109614,69.69386729660536,55.65880945083326,84.19547922288436,20.0
Siddhartha Institute Of Engineering And Technology,63.5143348840798,70.68741042402,70.67767248236447,56.70063953166698,20.0
Shroff Sr Rotary Institute Of Chemical Technology,63.51292318059391,74.10830509365567,56.384468232015664,78.10817325366392,20.0
Chaitanya Institute Of Technology And Science,63.51172514680616,70.63995125600532,73.18661398532768,61.27949717266621,20.0
Mohamed Sathak Aj College Of Engineering,63.51146917512354,69.95615528770637,74.74477761769899,51.62708709967516,20.0
Medha College Of Engineering,63.5059176635786,71.58530763580718,64.9417235271934,62.31911982083655,20.0
Vivekanand Polytechnic,63.502858289982484,60.74016768793738,66.08574125158755,77.57289212109144,20.0
National Engineering College,63.50096479543135,62.605886751161,72.57942498370404,73.46273720024064,20.0
Dattakala Group Of Institution,63.50004484801518,52.89355718677997,80.64718212431208,77.98886825045925,20.0
Sri Vani School Of Engineering,63.4903581969404,76.1896955967534,48.83607985941542,80.66853152918495,20.0
Parul Polytechnic Institute,63.48379229111494,66.1324405774854,55.879404041769135,83.72894934127802,20.0
Satara Polytechnic,63.47840014402542,64.26270586466659,75.62816705024647,76.81105446029362,20.0
Cbs College Of Polytechnic,63.47508106607213,53.73193620559248,82.04900490194706,69.15839632612492,20.0
Om Institute Of Architecture And Design,63.46666818917474,50.572508579274064,84.21066709864924,79.65382860862029,20.0
Sir M Visvesvaraya Polytechnic,63.46532086714031,65.16625499868567,84.77934405250437,54.18044700619586,20.0
Tamizhan College Of Engineering And Technology,63.457141187778404,74.58154924399153,59.96162838181864,60.08111649562793,20.0
St Peter'S College Of Engineering And Technology,63.45609781369099,59.27050988027675,68.60833572605605,79.02506480099812,20.0
Sidharth Institute Of Engineering And Technology,63.45296422153522,77.73824310615576,50.86617519733734,83.67890048130317,20.0
Marian Engineering College,63.44898232570102,73.47833630203044,61.46233428426497,71.8724719151987,20.0
Arulmigu Kalasalingam Polytechnic College,63.44827985948574,70.09315162625492,55.91873649274982,84.01919916331883,20.0
Pm College Of Engineering,63.44685436575585,72.4904455716101,57.30473352166659,74.29170692423298,20.0
Gcrg College Of Polytechnic,63.44314590595954,75.50245915539878,72.39485874847335,53.97134816372023,20.0
Vel Tech High Tech Dr Rangarajan Dr Sakunthala Engineering College,63.44307365159642,63.52908809398817,82.03500299999342,56.8348639968618,20.0
Girijananda Chowdhury Institute Of Management And Technology,63.44167085278429,50.84506461953131,76.72752388715253,79.5161910406876,20.0
Sardar Patel College Of Engineering,63.42730805799393,72.31225732550664,65.74206608165741,74.89936389573245,20.0
Prist University,63.426820709646755,57.31903376517029,78.52894101853894,74.6381233939389,20.0
Jayvantrai Harrai Desai Polytechnic,63.42083043970684,59.298876416055,76.26241479564881,80.04169759459724,20.0
Maharani Polytechnic College,63.4145963141308,56.85876689493794,71.36537031057652,80.1699812996512,20.0
Sushganga Polytechnic,63.41408990176954,64.73904255064006,73.33897782806937,70.47152733863007,20.0
Nalgonda Institute Of Technology And Science,63.40821049472076,49.667921917985055,81.96124049885381,81.12042694038395,20.0
Bhuvan Polytechnic,63.39925480330638,55.65483966109899,76.75839683940242,77.72498766172751,20.0
Sobhasaria Group Of Institutions,63.39908613016048,57.253150465460834,80.67938705810064,64.44033422955467,20.0
Maharishi Arvind Institute Of Engineering And Technology,63.396328266738344,57.69907974486799,68.928610639387,79.88506186378015,20.0
Balasaheb Mhatre Polytechnic,63.39336449308237,56.59878753354367,78.2560762151848,77.83002432473856,20.0
Sri Sarathi Institute Of Engineering And Technology,63.392508307828116,76.16062775899393,65.27429751311251,61.42891829062219,20.0
Wainganga College Of Engineering And Management,63.39175823408328,59.907962653911184,66.09882461193524,81.4084187388004,20.0
Ganapathy College Of Engineering,63.39043614839948,52.191984419019605,77.10573400890868,77.55465335845066,20.0
National College Of Polytechnic,63.38971968371846,68.89667651420999,74.40143524626151,54.17336164436268,20.0
Rise Krishna Sai Prakasam Group Of Institutions,63.384091678027886,63.684643628007166,67.69733248948472,78.577684526175,20.0
Jayalakshmi Institute Of Technology,63.37651009270181,53.9510762928647,81.03889603784569,72.44192510442998,20.0
Jis School Of Polytechnic,63.37493416072361,64.20973701973236,75.03856343225016,76.19959156328,20.0
Sb Institute Of Engineering And Technology,63.36714241344603,67.08350134732332,64.78733328345686,74.71921697018459,20.0
Gp Polytechnic College,63.36703336085714,66.00114522623605,57.45496020805625,80.68190416621184,20.0
Corporate Institute Of Research And Technology,63.35734560090962,68.93060355761708,70.90507862895078,58.18661807470259,20.0
Smt Shantaben Haribhai Gajera Engineering College,63.356518205115094,71.05533089908884,82.33950483336321,50.06065492773627,20.0
Abhilashi University,63.35551614868707,79.11929162137005,69.24548702767053,51.92428028287272,20.0
Gomati District Polytechnic,63.34254463143412,76.2272090660763,80.54227156169169,73.0607082292993,20.0
Jagannath Institute Of Engineering And Technology,63.34201602983944,62.58924085517149,75.35242446457639,60.42073208013452,20.0
Krishna Polytechnic,63.34189434618048,54.70607076636264,72.45819784641876,82.20484221745266,20.0
Vijayalakshmi Polytechnic,63.34167718974314,69.79883934838534,56.80560940541832,79.82934018079129,20.0
Vkk Vijayan College Of Engineering,63.341181508888106,72.89198230203255,76.04846276948561,69.3632891965523,20.0
Vp Muthaiah Pillai Meenakshi Ammal Engineering College For Women,63.340329357059346,58.3140841276518,64.99444424668475,80.716256609796,20.0
Sanjay Bhokare Group Of Institutes,63.339876331701866,74.43581565150683,43.69055159068327,83.79008690178627,20.0
Dr Sri Sri Sri Shivakumara Mahaswamy College Of Engineering,63.339407196741675,74.80806638980704,49.9460329275457,75.95085638816812,20.0
Aryans College Of Engineering,63.32914246763713,58.987460533889255,65.46445633198051,82.05390169840388,20.0
Shri Sitheswarar Polytechnic College,63.32692614019951,70.08703605852652,76.15138736414242,53.38815324048487,20.0
Dr Br Ambedkar University,63.32316401934272,68.89892421273078,81.47817959466809,64.94877298380032,20.0
Shree Swaminarayan Institute Of Technology,63.31988392967776,75.48413948080804,61.00832912320325,69.3812215655673,20.0
Sri Ramakrishna College Of Engineering,63.31850270242985,54.30571394070266,72.31812549620744,82.86642846351901,20.0
Shri Rawatpura Sarkar Institute Of Technology And Science,63.31674177280519,53.97095103845672,70.43710516721539,80.16247839083881,20.0
Gandhi Academy Of Technical Education Polytechnic,63.31061507231907,61.02576907245145,63.72292666687905,76.32577068310142,20.0
Premlila Vithaldas Polytechnic,63.308733465500694,74.13661730073528,64.4115068045566,74.02932661017842,20.0
Bharat Institute Of Engineering And Technology,63.306067373367966,74.38050329465827,70.47268126797184,53.31642071124756,20.0
Teerthanker Mahaveer College Of Computing Sciences And Information Technology,63.30431300739603,75.70907269831531,68.34395584558885,56.55411367785048,20.0
Sree Rama Engineering College,63.303887498418504,58.17539879759178,77.06322722034281,66.73858025319049,20.0
Sri Shanmugha College Of Engineering And Technology,63.30222489885562,62.738549860057255,81.21188721438155,57.168066606433285,20.0
Sh Jondhale Polytechnic,63.30119232731721,53.57680235965455,80.05403243667894,79.44028937397428,20.0
Adamas University,63.29720894629087,66.11261775144504,71.8908981161396,68.42103724637384,20.0
Sirda Institute Of Engineering And Technology,63.29135620161047,67.35490101803843,76.79494776028778,54.03652934182556,20.0
University Institute Of Engineering And Technology,63.28780557068492,64.53806380266538,66.24083087258597,73.79520767729713,20.0
Amity School Of Architecture And Planning,63.28488740968672,63.32589064179591,76.7636183845491,69.69542840489143,20.0
Pinnacle School Of Engineering And Technology,63.2847955409378,76.44882369262308,60.3523113830149,75.88623614658086,20.0
Krishnasamy Memorial Polytechnic College,63.2790131111897,62.65283818940951,82.27342977915825,62.33337664596371,20.0
Dr Kv Subba Reddy Institute Of Technology,63.277923363540644,73.72570118200024,67.28583880347948,59.620152814100976,20.0
Akula Sree Ramulu Institute Of Engineering And Technology,63.274240859947625,44.46703854908129,82.90915171854004,81.11514672196896,20.0
Alakh Prakash Goyal Shimla University,63.270698497994246,75.59797057918674,75.09609703998561,51.2017487151294,20.0
Government Co Ed Polytechnic,63.2665242079222,70.63416779439265,56.53941320833172,79.63029374734761,20.0
College Of Technology And Engineering,63.26578400702903,61.31396508073881,77.3948073915172,70.00732369425586,20.0
Abacus Institute Of Engineering And Management,63.26558554633021,76.88482010348159,45.99074434826795,83.48711872665541,20.0
Agnel Polytechnic,63.25163522122118,71.17099573454473,68.46443754371421,74.69531100788383,20.0
Trident Academy Of Technology,63.24948708929019,75.4243762131204,54.550843886143305,73.92519876224654,20.0
Bs Negi Mahila Pravidhik Prashikshan Sansthan,63.24732526995563,78.9319889649374,60.991444463343626,57.218038684794784,20.0
Central Institute Of Plastics Engineering And Technology,63.24346286451424,67.42941168655888,57.18575470248838,84.44985013930244,20.0
Gvn Polytechnic College,63.242940957507955,76.5187704444177,51.00226276683704,78.31882694415798,20.0
Jspm'S Dr Np Hirani Institute Of Polytechnic,63.23998753103935,79.39219878596768,61.69061954455886,70.30858029276817,20.0
Axis College Of Engineering And Technology,63.23851410101443,54.27259337844916,77.25516539932252,71.86566983926922,20.0
Sv Institute Of Engineering And Technology,63.23655003749872,61.07045879191191,72.7287111270656,73.28183493140993,20.0
Dreams College Of Polytechnic,63.22598526770828,47.999671179902805,80.22178003650575,82.24844680657985,20.0
Holy Kings College Of Engineering And Technology,63.22360179696109,76.22330771594251,56.84692284774536,69.11648282686832,20.0
Truba College Of Science And Technology,63.217304632621364,60.775908330096016,63.898038470652295,82.52663291248695,20.0
Bharath Niketan Polytechnic College,63.215265508780604,63.33050229152232,66.13499989892442,79.82122543842846,20.0
Bm College Of Technology,63.21427914250357,54.06160434445201,75.41775244930528,71.30352045188434,20.0
Mai Bhago Government Polytechnic College For Girls,63.21220603598012,61.86243902040404,82.87892456521266,60.72848604198741,20.0
Yogananda Institute Of Technology And Science,63.21050050739038,75.2148909087291,49.51654272378988,72.8675726807786,20.0
Don Bosco Institute Of Technology,63.209879583120895,68.41066211081201,74.83173559917402,58.23240619718055,20.0
Academy Of Maritime Education And Training,63.209678976739696,67.58671745927748,62.37399559935744,81.70394530931107,20.0
Krupajal Engineering College,63.20700890378088,73.0273711329165,62.37623389473157,59.282070973021774,20.0
Intell Engineering College,63.20498311309445,64.46454885297999,69.64516336481529,64.3978551607991,20.0
Hardayal Technical Campus,63.202141944984795,73.74862200900887,55.55373236519696,70.27781109121509,20.0
Younus Institute Of Technology,63.199821360627254,65.88035270684095,75.9394002617129,55.61235421049624,20.0
Manda Institute Of Technology,63.19946644337445,70.28121282552725,46.06235880955927,83.97210702803571,20.0
Snjb'S Shri Hiralal Hastimal Jain Brothers Polytechnic,63.198476575628845,76.32024097456802,65.56987229964793,66.33026607515289,20.0
Shri Guru Sandipani Institute Of Technology And Science,63.19134039536152,69.55272202283686,73.13430406619858,63.19384569460248,20.0
Chandy College Of Engineering,63.190570952199025,54.37705372569764,71.17361037649589,81.6596117820968,20.0
Sigma Institute Of Technology And Engineering,63.1872066696869,63.09156848607181,78.3633367941795,68.26898992022896,20.0
Murshidabad College Of Engineering And Technology,63.18695721578807,62.5675828402539,69.82120423408435,72.71424298920938,20.0
Nagaland University,63.18035476840741,62.14293253003902,80.39667061116752,61.45556072430823,20.0
Punjab Polytechnic College,63.17668932625438,62.031943354039,77.99618099394944,56.849198312447975,20.0
Mg College Of Engineering,63.17569030028898,60.43411311317854,61.63663873112005,83.02111739402443,20.0
Meghnad Saha Institute Of Technology,63.165688877934514,43.77819948159652,81.11692439078632,82.35302752918741,20.0
Mahendra Engineering College For Women,63.160069596225384,79.64520811307952,60.1022317048681,55.49915300746543,20.0
Sree Arumugham Polytechnic College,63.14975836347739,71.22364374513906,55.77606957997271,79.54562258494192,20.0
Annai Mathammal Sheela Engineering College,63.14657779690015,65.20383592945535,79.28745236175234,52.40974450346114,20.0
Chhotu Ram Polytechnic,63.1440704615607,56.51692472509015,75.12554877663753,80.35411668735158,20.0
Indra Ganesan College Of Engineering,63.14396701873428,51.91899635849454,76.42386799823231,78.64686420867633,20.0
Garv Institute Of Management And Technology,63.14310150122462,56.6011413181195,65.58750510146368,82.69469360193926,20.0
Sampoorna Institute Of Technology And Research,63.13690567321494,72.35947564603322,69.30577733829217,50.81496620274559,20.0
Shanti Niketan Group Of Institutions,63.13644806853205,63.32894630880731,62.18996915484516,80.20250244302915,20.0
Shah And Anchor Kutchhi Polytechnic,63.135007564891666,62.33044354400603,80.47548226718992,52.76847493296616,20.0
Pankajakasthuri College Of Engineering And Technology,63.133692881432346,77.03074030876834,67.86389187008332,51.90889635369761,20.0
Raak College Of Engineering And Technology,63.131945265667255,78.07494897613736,66.8621964632672,53.63475448949277,20.0
Excel Engineering College,63.12387940269393,66.91004005385889,60.33872707200357,78.59041875165984,20.0
Sahakar Maharshi Shankarrao Mohite-Patil Institute Of Technology And Research,63.123700289534796,63.28412968678161,78.64537956173089,53.42394636995472,20.0
Shetty Institute Of Technology,63.12257602480689,69.97544309240175,63.56951996749709,65.41726023989872,20.0
Priyadarshini Engineering College,63.1217874161334,59.81451765521551,76.59456431991511,66.46024536675446,20.0
Maheshwara Engineering College,63.12168835166305,67.71244838679593,72.14453377335037,62.22501083931908,20.0
Srs Government Polytechnic College For Girls,63.11877027121637,58.86503792429816,71.28731236528668,83.88762370119824,20.0
Pink City Engineering College And Research Centre,63.117512477040904,58.56723151374602,74.77085760277342,77.09533582431465,20.0
Nr Vekaria Institute Of Technology,63.11186300763087,79.66899893068971,63.48630282450725,52.53307603806117,20.0
Meenakshi Sundararajan Engineering College,63.10730569739937,73.73135069024377,73.28933567552296,51.525487413040345,20.0
Govindam Polytechnic College,63.09975629894354,54.67569449557058,79.86039118613667,72.35129221175303,20.0
Loyola-Icam College Of Engineering And Technology,63.09430135810913,59.367483978786325,75.92638325548943,75.80034842026201,20.0
Merchant Engineering College,63.09313089001243,67.60424099343848,84.88301793187514,56.89099248973065,20.0
Shree Pandit Nathulalji Vyas Technical Campus,63.088237626555475,57.35506820296999,66.59983893107494,78.46829020225822,20.0
Fx Polytechnic College,63.08251044928717,48.36149777773656,83.02818422935158,80.05413853736225,20.0
Moodlakatte Institute Of Technology,63.08133428491267,64.78656983819178,74.7271108045913,59.583119084297735,20.0
Techno International Batanagar,63.07347542452784,74.72747806665544,54.8437096361895,70.17006322181064,20.0
Al-Khateeb Government Aided Polytechnic,63.07338104586035,75.45050853676526,43.16170034597266,84.19387006094112,20.0
Vikas Polytechnic College,63.07337498808304,57.1457233740172,78.67724482583233,66.68404193682255,20.0
Coimbatore Institute Of Engineering And Technology,63.07336879439623,64.79577474360089,78.69141432719013,52.76557600755724,20.0
Sree Narayana Guru Polytechnic College,63.071468968782,76.04422552283823,49.64410629773978,83.05011502966937,20.0
Priyadarshini Indira Gandhi College Of Engineering,63.067914198555044,75.77023861263903,49.868910021186885,84.79715027438604,20.0
Srinivasa Polytechnic College,63.06750190870396,61.94549062151427,79.70390129312091,59.39020541922026,20.0
Imayam College Of Engineering,63.06115327301586,48.97608943105169,83.64760196078416,73.66061336385057,20.0
Kps Institute Of Polytechnic,63.05800627509748,71.06211366170746,71.82097540090263,58.608304949687074,20.0
Netaji Subhash Engineering College,63.0578665495301,76.119826131901,51.14378771341125,81.05383355196768,20.0
Senthur Polytechnic College,63.04356955174747,69.13493930200576,73.43028683759125,53.757385781348994,20.0
Ideal Institute Of Technology,63.03876840701636,53.96308998677885,72.564885436272,77.91485105605747,20.0
Thanthai Periyar Government Institute Of Technology,63.03684811244571,71.71110542118872,82.22639989582098,56.64750074211783,20.0
Isb And M School Of Technology,63.03564209888304,54.2813040099408,75.92866454984656,78.70339408236305,20.0
Grg Polytechnic College,63.029842324528566,55.06766467644887,71.67248812396049,78.0267692338956,20.0
Mj College Of Engineering And Technology,63.02849694189507,66.31518213132287,56.97994755334338,77.70128919918102,20.0
Sd College Of Engineering And Technology,63.02793652811323,58.74945848375784,69.38062159261005,77.12806328942443,20.0
Kongu Polytechnic College,63.02666635844747,69.44514607251506,58.13234353128644,83.4836499846519,20.0
Gujarat Institute Of Technical Studies,63.02264507240538,55.92574855109123,79.25197416600724,62.112741950970616,20.0
Government College Of Engineering Textile Technology,63.018243225452686,68.3273018312151,82.70943894974042,50.95994895528148,20.0
Dr Sudhir Chandra Sur Degree Engineering College,63.01319414864715,73.42618587460701,70.16715999105128,56.19080724793699,20.0
Vasavi Jnana Peetha Polytechnic,63.010640939727736,55.7094268320559,82.57241212228479,68.61740887377553,20.0
Ashokrao Mane Group Of Institutions,62.992750987500926,69.73490195791672,56.20762776673049,74.95237380021182,20.0
Ponnaiyah Ramajayam Institute Of Science And Technology,62.98992186200212,72.56970863351586,49.242845862344645,83.11701988089747,20.0
Delhi Institute Of Tool Engineering,62.96791417194824,75.14512529613862,65.20494384523593,80.84873830355372,20.0
Ses Polytechnic,62.96009150013274,61.97473013467882,63.20354890564229,83.4305871614898,20.0
Svr Engineering College,62.96008191078391,63.439977463394186,58.9289844356719,82.00212401275178,20.0
Smt Kashibai Navale College Of Architecture,62.95885634665661,65.95913350786671,65.4007482477274,70.46583800731221,20.0
Tr Abhilashi Memorial Polytechnic,62.94939348913495,68.34473725581961,54.22744416870101,83.91201644695803,20.0
Adarsha School Of Engineering And International Polytechnic,62.93558542064095,59.47211464483811,69.08120912291922,81.39523966226889,20.0
Ranganathan Polytechnic College,62.93219451963048,52.17699835192432,79.41474783169231,84.74441354651734,20.0
The Kongu Polytechnic College,62.92894171400049,54.83479159850019,83.76130317543742,67.7548084968403,20.0
Bsm College Of Engineering,62.92565915851257,65.81384559188558,71.73767204102994,55.55331123779015,20.0
Gcrg Group Of Institutions,62.92536419258526,55.03453003804073,69.41850761143381,75.82102411718965,20.0
Agnel Technical College,62.92385149592151,44.93117739710739,84.05694547982588,83.93852774527065,20.0
Vijay Rural Engineering College,62.916650097472214,63.25596819408355,82.538349591186,51.536715042647934,20.0
St Martin'S Engineering College,62.91510432183422,56.6846754800266,72.04363938293562,80.76640441106804,20.0
Shree Balaji College Of Polytechnic,62.91149772145527,57.07629834184673,72.94833800484616,73.70620092132637,20.0
Dnm Institute Of Engineering And Technology,62.908558889186125,60.20922029516957,82.78485264781685,53.6854575957714,20.0
T John Institute Of Technology,62.900611494882355,62.90890904794146,84.36595188825606,50.64775701476984,20.0
Smt Sharchchandrika Suresh Patil Institute Of Technology,62.89952390866648,75.12213248476422,60.08050001017232,71.74317762684544,20.0
Chhatrapati Shivaji Institute Of Technology,62.89696965174161,65.58834785622322,65.07560596360057,69.39985924180021,20.0
Meenakshi Ramaswamy Engineering College,62.89173702140061,72.69350170570974,50.72533911222934,76.68194041666807,20.0
Indira Gandhi Delhi Technical University For Women,62.890979644312836,67.0850153555131,74.94243984437702,72.57426531562315,20.0
Sant Gajanan Maharaj Rural Polytechnic,62.889864592784335,64.2944634845652,84.41985843743905,62.68364869616994,20.0
G Narayanamma Institute Of Technology And Science For Women,62.87981019774408,71.5729583636729,55.06541891627573,78.66722937072466,20.0
M Kumarasamy College Of Engineering,62.87912736451929,44.12463978383538,83.77543288011432,83.98846709396317,20.0
Gandhigram Rural Institute,62.867296370536806,64.69797157236228,68.56889742042614,73.82841392399405,20.0
Malla Reddy Institute Of Engineering And Technology,62.86595864604949,76.06770430381627,52.7822906824275,74.75150061829086,20.0
Amrita Institute Of Computer Technology,62.863649011083616,61.04526970009096,70.78376279579523,73.43107435003796,20.0
Gh Raisoni College Of Engineering,62.857428378656095,69.54528841650301,64.22364587372967,83.91211106815976,20.0
Francis Xavier Engineering College,62.85375274038681,55.31855003935775,82.00465854470187,68.44959227170622,20.0
Rayat-Bahra College Of Engineering And Nano Technology For Women,62.847795578551406,79.91162053519811,58.60484008659612,58.23042302049123,20.0
Chaitanya Institute Of Science And Technology,62.84774087452404,69.67844178795806,71.35428463869782,56.13970061223178,20.0
Sat Priya Group Of Institutions,62.844972486611795,78.88878440930662,47.51517124115061,71.65013275888525,20.0
Nancy Polytechnic,62.8444191677334,65.67056801823716,56.58396795142526,84.99180967784622,20.0
Cu Shah Technical Institute Of Diploma Studies,62.84202950783263,74.6971010921823,57.80370955708853,66.26897104468453,20.0
Sardar Kewal Singh Group Of Institutes,62.84085354173435,77.73750534517092,49.95887428828102,70.61009294658878,20.0
Purna Chandra Institute Of Engineering And Technology,62.84081911254091,71.12334901683302,60.2363738153081,73.68231156607116,20.0
Yellamma Dasappa Institute Of Technology,62.83341820121891,58.88552616178923,69.72498206625446,74.43423657077298,20.0
Pratnam Rajendar Reddy Memorial College,62.83130148939531,64.6013311135584,73.11885772973983,57.77162782403167,20.0
School Of Management Sciences,62.829623883327834,52.19275930978056,72.85521507814676,79.99362348348565,20.0
Helapuri Institute Of Technology And Science,62.82931041834708,74.89702044122164,53.79891948386656,64.99514274178904,20.0
Shantaben Manubhai Patel School Of Studies And Research In Architecture And Interior Design,62.82736104263512,74.40040128012856,47.79356125882052,84.39773054633324,20.0
Ct Institute Of Architecture And Planning,62.82328926049967,77.71918086473431,52.47455416019871,59.8907157791048,20.0
Lbs Polytechnic College,62.82201433892484,53.29364516374028,79.82470420598449,65.4625099500477,20.0
Sree Narayana Guru College Of Engineering And Technology,62.82101542717687,75.38064463099616,62.96507539937409,58.09529725742697,20.0
Shri Shankaracharya Engineering College,62.81682605906596,54.14988320560873,83.40368433816514,59.83029543971125,20.0
Indira Gandhi Institute Of Engineering And Technology,62.814856010342396,55.23518830534694,64.57638067004409,83.85817374938792,20.0
Guru Gobind Singh Educational Society'S Technical Campus,62.800532312467375,70.15679718668477,55.598748838781205,71.1661105424885,20.0
Infant Jesus College Of Engineering And Technology,62.79833672735039,63.26001977871766,66.23632229029712,71.96208625764422,20.0
Late Annasaheb Patil Polytechnic,62.79601729259154,70.05333832452123,64.95737535606898,61.22859600835815,20.0
Sns College Of Technology,62.79213788421124,77.02893758072152,47.623097131850265,77.70630775411622,20.0
Lord Krishna College Of Engineering,62.78510488431367,78.54653124620576,48.38475974749426,83.19285020447188,20.0
Yrs Polytechnic College,62.78352495595445,53.44616337723262,81.91077231531827,66.70002518623916,20.0
Shiva Institute Of Engineering And Technology,62.78309162320268,74.82997862534471,56.362186949145794,65.26797742716253,20.0
Amk Technological Polytechnic College,62.773972378193335,69.15741255617459,75.2641851671998,52.87137957928347,20.0
Alva'S Institute Of Engineering And Technology,62.772447359824646,78.08161662392888,47.61408435187416,76.41706444533955,20.0
Gnit Girls Institute Of Technology,62.76801103426686,72.0608280721413,65.19883625332122,61.44493646180667,20.0
Babulal Tarabai Institute Of Research And Technology,62.76783253986433,44.44714008408278,82.47406687413445,81.09135519879474,20.0
Jai Polytechnic,62.765208566394975,71.60673360150588,49.46356354764919,83.29259586377057,20.0
Ggs Polytechnic College,62.76321606021922,73.02417782168362,68.17894739837155,67.73514009341933,20.0
Dr Vrk Womens College Of Engineering And Technology,62.762285999379614,55.30646724817628,76.51470047304923,65.20065009185555,20.0
Chadalawada Ramanamma Engineering College,62.76166970478366,50.19182282800058,80.84573402261209,79.38931320330089,20.0
Sant Longowal Institute Of Engineering And Technology,62.76124793260689,67.12859653855502,65.46377908938639,84.20524949690201,20.0
Manoharbhai Patel Institute Of Engineering And Technology,62.75993005051171,76.48644750113706,54.99446955894059,76.62393953403999,20.0
Amritsar College Of Engineering And Technology,62.756399680794445,51.49945370466761,77.06297419950326,83.85643482833802,20.0
Sri Ganesh College Of Engineering And Technology,62.75592541318789,70.477288686293,52.83080585675393,73.99709918187602,20.0
Continental Institute Of Engineering And Technology,62.75495850223844,53.78073827341012,72.45975114301129,74.25514589703573,20.0
Iitt College Of Engineering,62.75328904096353,73.36232828841207,49.00052668135387,76.71578315206749,20.0
Rudhraveni Muthuswamy Polytechnic College,62.74545973880002,75.38569061277947,60.68036756806085,61.514096769261386,20.0
Prbs College Of Polytechnic,62.73925420413616,49.21333729413816,80.93489042315036,81.69253378384325,20.0
Maharana Pratap Institute Of Technology And Management,62.73728688041476,62.37927486937921,76.50731561609182,56.621425834619714,20.0
Rajaji Institute Of Technology,62.7343243358719,57.045832887731926,67.69358666901601,77.58683166085304,20.0
Mauli Group Of Institutions,62.72770630952118,75.79706712165228,63.16767009948256,59.821440076631326,20.0
Shri Krishna Institute Of Technology And Management,62.72026246086898,59.08146863101588,65.20083099338919,84.76115699254414,20.0
Patel Institute Of Engineering And Science,62.71171534893835,65.05734757253924,62.31386529976088,75.47487273503103,20.0
Sri Padmavati Mahila Visvavidyalayam,62.71123177214728,69.4834247643271,60.091049598910246,71.77147477892672,20.0
Periyar Centenary Polytechnic College,62.7111574812863,56.37655380466039,81.79989670062741,69.3326455523524,20.0
Gyanmanjari Institute Of Technology,62.70945634613034,51.13414275995715,84.23698680583016,75.45682196650009,20.0
Walchand College Of Engineering,62.70670570005764,66.66776602097666,67.25202882030399,61.67451075047239,20.0
Ajay Binay Institute Of Technology,62.704141637635075,46.05253677273237,80.6772162906685,80.37458159518518,20.0
Jaypee Institute Of Information Technology,62.70312768710454,78.73836252852465,55.19558760320811,66.98353992960077,20.0
Sri Venkateshwara College Of Engineering,62.70234478505262,65.63719769719222,80.44060583627848,51.50685819992009,20.0
Surendra Institute Of Engineering And Management,62.70182081863749,74.33280342119426,59.197233374943394,67.98236737688043,20.0
Sumathi Reddy Institute Of Technology For Women,62.69740403850582,52.0778302684086,74.52355649114031,83.35277025648276,20.0
Ck College Of Engineering And Technology,62.69724552608784,71.16520036247013,67.17338779276938,58.36077182237708,20.0
Kuppam Engineering College,62.694050843113814,65.12086728234507,79.80287611106635,52.53472769949468,20.0
Shree Swami Atmanand Saraswati Institute Of Technology,62.693873036934896,70.77579322290389,71.90936080789487,80.58188892573813,20.0
Shri Moti Smriti Institute Of Technology,62.69143183904191,67.38551679828785,74.87083119378221,52.9170204492012,20.0
Sagar Institute Of Science And Technology,62.68755526773723,66.66970240952652,58.08526243001908,84.73396482140956,20.0
Indian Maritime University,62.6857299074222,71.60554738228589,81.36639548223684,62.34042643602236,20.0
Government Womens Polytechnic,62.68055074987868,69.55964694740294,79.31104285693485,56.63398072205087,20.0
Mk Group Of Institutions,62.679641175048985,76.88183557783418,62.322313512835294,58.08825397694598,20.0
Shree Tontada Siddhalingeshwar Kalyan Kendra Polytechnic,62.678582817698725,62.13267067079882,73.64982180475386,61.92118707850347,20.0
Sri Raaja Raajan College Of Engineering And Technology,62.678066298952885,59.59214074135394,72.0561089918757,70.5948649043979,20.0
Trinity Academy Of Engineering,62.67793878111232,61.57492626393466,83.72198475025269,52.9320684338541,20.0
Maharaja Surajmal Institute Of Technology,62.67533787251842,57.38489558553447,84.64601696191667,66.02484918429728,20.0
Nirma University,62.675066404925275,52.15997178707792,79.6938169874455,84.45055848935878,20.0
Federal Institute Of Science And Technology,62.67446361643988,63.99649171901203,75.59675793386798,61.62935098100234,20.0
Ct Polytechnic College,62.67435916169788,55.78646871656319,70.7201727500375,76.21616920845014,20.0
Bengal College Of Engineering,62.6693723683148,67.15821711549026,75.69059345151894,56.27799599425625,20.0
Baba Banda Singh Bahadur Polytechnic College,62.66724864032531,78.95931599116983,55.99650132268648,77.53249175973639,20.0
Camellia Institute Of Engineering And Technology,62.66323681216372,66.47706458820971,71.24745887053754,60.95544066870734,20.0
Azmet College Of Engineering And Technology,62.66102409369142,67.05300543158504,63.91435478608656,65.37372160775254,20.0
Sunder Deep Engineering College,62.6594332548259,43.4151099722481,78.29770144855095,82.66299203591339,20.0
Bansal Institute Of Engineering And Technology,62.65916309630672,76.88187147290813,44.519943833521324,83.71724097195708,20.0
Integral University,62.64995989581276,76.68857265717904,79.86605913555036,81.1921028714915,20.0
Technocrats Institute Of Technology Excellence,62.64925177123289,70.58363621979333,60.77097800390497,71.61001237043153,20.0
Brick Group Of Institutes,62.64645042929114,78.43389166011666,57.14641823973791,64.05795910876259,20.0
Apurva Polytechnic,62.64551536865525,55.85534347067517,62.20772802810095,84.9882800231625,20.0
Rukmani Devi Institute Of Science And Technology,62.64497513353086,78.39849724511492,47.75349902780532,81.80479595172966,20.0
Vignan'S Lara Institute Of Technology And Science,62.64296539475182,75.58295206142432,71.00092585848351,51.87161227599116,20.0
Bharath Niketan Engineering College,62.6421283728796,67.84320001330673,61.063842622062296,71.64965822686227,20.0
Siksha 'O' Anusandhan,62.637962408010246,63.09944746717037,66.51992048904954,71.15812629331671,20.0
Institute Of Technology Marine Engineering,62.635430528424706,57.69388964047261,64.01014669522559,82.08715622232987,20.0
Arya College Of Engineering And Research Centre,62.63421663926607,57.83060673374322,68.54010464718486,79.64303781986425,20.0
Dr Radhakrishnan Institute Of Technology,62.633500479436194,64.4465607324279,81.44476681889448,51.2416017725577,20.0
School Of Engineering,62.633247382180905,71.32554848514417,65.03276283544596,53.43574596231784,20.0
Ramanand Institute Of Pharmacy Management And Technology,62.632746805915914,61.36128730458691,75.9286892042025,60.77374759285787,20.0
International Maritime Academy,62.63193641064079,57.01872931639436,68.07637158912787,82.20707926213659,20.0
Aamdar Kashinathji Mengal Polytechnic,62.63148884788154,67.81275416328127,65.1446344741622,63.94397089634009,20.0
Smt Lv Government Polytechnic,62.62331214144383,59.98760092717867,83.25026855893034,67.05226452896387,20.0
Sagar Institute Of Technology And Management,62.61903726376455,54.51711548058263,77.50192058849024,68.77224920164362,20.0
Biju Patnaik Institute Of Technology,62.61708627881213,73.12022086980775,53.37595026000293,71.35964181678338,20.0
Asansol Institute Of Engineering And Management,62.61613446492768,74.65083208810901,51.06585405994057,79.55492058035111,20.0
Institute Of Infrastructure Technology Research And Management,62.614247290196154,63.043060776670345,81.38619349524969,59.75273375763528,20.0
Six Sigma Institute Of Technology And Science,62.61412883053452,67.63175853079139,72.91125505372963,60.98787074222112,20.0
Devo Mahesh College Of Engineering And Technology,62.610090320691526,77.13136793098516,54.43626275327088,76.31602129798978,20.0
Dr Virendra Swarup Memorial Trust Group Of Institutions,62.60864689454079,77.70548397211121,65.77243453039117,53.83497748368934,20.0
Modern Group Of Colleges,62.60234456714125,53.88753326562156,76.34527410520394,68.66991259643456,20.0
St Joseph Engineering College,62.6022357102364,78.13688913001543,66.32893945247774,51.35850616555926,20.0
Cb Kolli Polytechnic,62.60074334995913,72.92659432133416,67.23372831879061,60.07491996504237,20.0
Visvesvaraya College Of Engineering And Technology,62.59750812176073,48.81295656137277,77.34082016040358,78.52398925104691,20.0
Tulsiramji Gaikwad Patil College Of Engineering And Technology,62.59499694280741,68.16274935121653,67.3384266562587,67.19654277739119,20.0
Ngf College Of Engineering And Technology,62.592198481413725,64.89760811242171,78.42209441041933,51.806879281413885,20.0
Adarsh Polytechnic College,62.59121043486405,79.75806612584637,62.64696487390459,56.73265218564229,20.0
All Saints' College Of Engineering,62.584193756141495,54.806919801819376,73.8177852399203,69.11369937233826,20.0
Mahalakshmi Engineering College,62.583366197683475,68.55922270731142,46.78582073609832,82.18867423693814,20.0
Vethamonikam Memorial Csi Polytechnic College,62.58286328515311,59.24258024618167,67.91733464230497,79.93702064632335,20.0
Rama Engineering College,62.58191911542053,59.4443866732955,66.54549355996335,79.8720390713857,20.0
Sreyas Institute Of Engineering And Technology,62.581864965673475,70.89616785497282,58.11425032554648,71.66749634648328,20.0
Imps College Of Engineering And Technology,62.58125390523497,77.48059350379297,57.999455668468286,57.96567172819624,20.0
Daripally Anantha Ramulu College Of Engineering And Technology,62.58062593630798,77.72901277248806,55.974223089695904,63.63789991994588,20.0
Dr Dy Patil University,62.578517147949654,50.22473648099853,83.03481921513557,74.16772351946334,20.0
Swami Vivekananda Institute Of Science And Technology,62.5780389213191,79.9371367611017,50.46839739909329,71.35422236800365,20.0
James College Of Engineering And Technology,62.57633608046412,54.06323993326688,68.72609190846516,79.09676043107143,20.0
Mayurbhanj School Of Engineering,62.57084784447469,72.23430727588993,66.91305994529361,68.49931421121059,20.0
Rajadhani Institute Of Engineering And Technology,62.5701826314015,78.55749078856482,49.85007058173285,69.78724989720264,20.0
Patanam Rajender Reddy Memorial Engineering College,62.56432517055828,76.35106012021072,48.823338049755,73.99951145725854,20.0
Ganpat University Institute Of Computer Technology,62.56251689766088,49.39497068814288,78.6042152474943,77.7076637795393,20.0
Tdr Polytechnic,62.559512477313845,67.58510642437783,68.17124008503194,60.96759371308093,20.0
Gyan Sagar Polytechnic College,62.5594650552274,72.20965469927206,47.6825299056914,80.22231554425505,20.0
School Of Aeronautics,62.558498856035264,77.61456534630842,55.204891845802784,61.341910384700086,20.0
Ms Engineering College,62.557051192778886,50.78155862413868,74.17930141862982,77.50189638101746,20.0
Manthan Polytechnic College,62.5552100193437,74.77525499361319,56.24046328432509,75.99980187161367,20.0
Shree Hn Shukla Diploma Engineering College,62.55236075423444,66.42360924470353,51.315851109637805,81.66035991264508,20.0
Lj Institute Of Engineering And Technology,62.550041957989094,48.09562293058493,69.9648794408245,83.91691000700888,20.0
Orissa Institute Of Engineering And Technology,62.54866516245909,56.47183575221577,68.46725275004174,82.19608358094595,20.0
Dmi Engineering College,62.54695654019528,51.53168202209116,84.03784615496059,67.03637801780175,20.0
Quest Group Of Institutions,62.545987145743965,61.68809183914402,81.21105891767864,59.54243203682001,20.0
Shri Ramswaroop Memorial Group Of Professional Colleges,62.53915425618966,78.48215058889244,55.25271773852411,54.97751893211006,20.0
Bhartiya Institute Of Engineering And Technology,62.53836794451123,75.61108052499736,42.7769633961325,80.03527363125542,20.0
Genba Sopanrao Moze College Of Engineering,62.53773367224616,56.78698114945667,74.17996124645938,84.8403251144604,20.0
Mizoram Polytechnic,62.53408122890089,57.634014343340255,80.89542550384677,66.9210613930876,20.0
Isl Engineering College,62.53349588437131,49.6607019952466,79.40167261999375,73.84841564899352,20.0
Guntur Engineering College,62.53171848468172,50.43526260964714,76.24671914155071,80.62443216043744,20.0
Loknete Gopalraoji Gulve Polytechnic,62.530543413745484,65.35530339003759,64.37501001751825,81.1336593071051,20.0
Sri Manakula Vinayagar Polytechnic College,62.53014364292111,51.02642077689122,80.35333000585481,69.87578047455504,20.0
Dns College Of Engineering And Technology,62.52780365244561,51.90699133050907,75.12875781056138,74.0701965528753,20.0
Amrita School Of Engineering,62.52622093434101,77.431318485759,49.84556201371922,63.734451993642026,20.0
Aizza College Of Engineering And Technology,62.5256483618771,78.68808291089476,50.54545001539567,62.77003582006508,20.0
Dr Sg Reddy Polytechnic,62.521073465303886,77.32884412365209,57.340729162096935,76.36033290203207,20.0
Malnad College Of Engineering,62.518766264972044,63.508088023898736,81.54280270166146,56.92972152312662,20.0
Voice Of God Polytechnic College,62.517600207616255,68.79590091559335,58.857287939358926,76.42556038341863,20.0
Ct Institute Of Technology,62.511598667160534,54.17617720995142,74.84636205852358,69.57584794042135,20.0
Koustuv School Of Engineering,62.50422034547538,74.49584692242058,56.06818516743508,73.13445120449335,20.0
Iec University,62.4970023271039,69.08642790673724,70.93830359432923,60.28448602105793,20.0
Simhadhri Educational Society Group Of Institutions,62.49626537493931,78.02535533123577,43.43250277601887,72.12160534494271,20.0
Sai Ganapathi Engineering College,62.491742914304965,62.01846629934554,75.25968063516311,62.82719400883229,20.0
Sri Annamalai Polytechnic College,62.48933188480355,73.19555856521384,73.5161879205245,52.20709539011999,20.0
Shiv Kumar Singh Institute Of Technology And Science,62.48909517367114,77.96416659431151,42.915650524566686,72.8056161553013,20.0
Sri Rudramuni Swamiji Rural Polytechnic College,62.48763484048937,69.64848517953587,55.41391334050302,76.39598362780971,20.0
Global Polytechnic College,62.48617433927839,79.61949758605357,59.12486417872314,52.94341528137033,20.0
Paavai Polytechnic College,62.48359254849456,61.08360630405207,75.10907831711617,69.51274230062899,20.0
Avanthis Polytechnic College,62.482968731936694,70.26551798917669,56.47068812155369,78.30218284883499,20.0
Christ College Of Engineering,62.48150956837142,74.23527571001608,70.24057601308806,53.5993918105542,20.0
Shree Sathyam College Of Engineering And Technology,62.4764359072537,54.67260997014203,67.43691790779168,78.27608435781784,20.0
Sri Sukhmani Institute Of Engineering And Technology,62.473740470936335,64.2711501720728,65.04659258759091,66.87628446657982,20.0
Coorg Institute Of Technology,62.467004290609914,59.95398868881279,75.11118940275139,65.48282056006855,20.0
Pavendar Bharathidasan College Of Engineering And Technology,62.464564282617275,54.91693649640694,84.81670160067577,55.98420576014274,20.0
St Joseph'S College Of Engineering,62.46431799211605,54.13403177187541,76.73924336646242,77.59868987411917,20.0
Ganga Memorial College Of Polytechnic,62.46364068409261,78.47725847525062,58.72866400298894,57.35062176454772,20.0
Ksr Polytechnic College,62.46339756248159,64.11665538373663,61.45991666632449,74.00926778819178,20.0
Jkp Polytechnic,62.45948547823454,73.86904698560826,67.51913604428717,67.3152360790929,20.0
Shatabdi Institute Of Engineering And Research,62.457339243106425,72.7495614942683,61.830430916812105,59.33041073938739,20.0
Sp Memorial Institute Technology,62.45545802974309,78.62577138804181,45.25852049660886,70.42268691622567,20.0
Regional College For Education Research And Technology,62.45519990503726,63.14432926384238,79.02680419670281,50.0071554105398,20.0
Apex Professional University,62.45507346559272,66.9128728227413,83.48681298349925,50.122543680642806,20.0
Babu Banarasi Das Engineering College,62.449444315547524,63.03892037094515,63.4664484592296,75.55366696912407,20.0
Kanchi Pallavan Engineering College,62.44925551267178,47.15610927321175,74.95219944693321,78.81587265049863,20.0
Rajaram Shinde Institute Of Engineering And Technology,62.448148188242385,60.59496612685262,69.84980398838046,72.4708155296091,20.0
Aditya Institute Of Technology And Management,62.44789004884882,79.29190707924093,59.50071892998783,56.94875568460102,20.0
Chalapathi Institute Of Technology,62.44724008686256,65.15166108032616,75.12394182529991,56.36176228584996,20.0
Konkan Gyanpeeth College Of Engineering,62.44629407941382,51.79418831121825,78.8250959534133,83.6948879151379,20.0
New Prince Shri Bhavani College Of Engineering And Technology,62.4446464026958,63.63123091296664,56.187821348156746,80.30371585629263,20.0
Poornima Institute Of Engineering And Technology,62.43815339263474,68.80453559702889,70.80476749388737,58.284884408444725,20.0
Chintalapudi Engineering College,62.437404006101275,74.45686372846012,64.84566668844927,50.00093164988046,20.0
Kings College Of Engineering,62.436210851906,53.104080703413885,83.75032111195219,65.6249017939272,20.0
St Anns Engineering College,62.434386742440665,78.71755533367404,65.10434724737394,51.90903868064861,20.0
Met Engineering College,62.43351788382061,79.16569603414675,44.25066410007327,69.70139279011421,20.0
Keystone Group Of Institutions,62.43170954897718,66.33064388878344,57.60474459373128,70.24530206805984,20.0
Shaheed Capt Dk Khola Technical Campus,62.42622820669408,71.68473129695572,61.291264288812016,65.91464376731193,20.0
Kottai Mariyamman Polytechnic College,62.42575490747931,76.2865754987351,50.52364410603485,73.04032585503487,20.0
Rr Institute Of Technology,62.42145734934828,64.04908277116397,67.73347076211742,68.07916813455454,20.0
Miet Kumaon,62.4124585412113,73.85105990763043,52.745430862848615,63.81766934991105,20.0
Gv Acharya Polytechnic,62.41184822695794,62.65475168809628,79.67741732636199,64.66229004218762,20.0
Galaxy Global Imperial Technical Campus,62.4083082042452,68.95530961327746,66.80120534385541,61.8153519681188,20.0
Toc H Institute Of Science And Technology,62.40821594666293,74.44558852869078,51.58080059111256,75.16459031342659,20.0
Savita Devi Institute Of Technology,62.40363681481647,63.63304354253516,70.89559034151304,64.06798169879643,20.0
Raj Kumar Goel Institute Of Technology And Management,62.40321851273525,57.3997807510751,81.62174425523054,59.04468167798764,20.0
Aditya College Of Engineering And Technology,62.40159527153803,65.15788168154941,68.07702225339433,68.79073965156995,20.0
Younus College Of Engineering And Technology,62.40109025860052,62.66014210103194,60.19841927947365,79.60543547928168,20.0
Bhopal Institute Of Technology,62.39839153296499,74.47633034637437,58.84674320697664,62.536162933314415,20.0
Bharathiyar Institute Of Engineering For Women,62.39820050677506,76.10410159230685,68.58293323302283,52.03388941059156,20.0
Shri Anar Devi Khandelwal Mahila Polytechnic,62.39729817972287,67.60452967487055,69.89377467813193,61.30125735437748,20.0
Shri Ramdeobaba College Of Engineering And Management,62.39428323903844,62.2193162276199,81.13494689639808,60.35045979680344,20.0
Mewat Engineering College,62.393546072615656,66.34935658513382,69.2535017488847,70.92559939925732,20.0
Vedavyasa College Of Architecture,62.39218210556681,58.98600041985412,79.39778662855656,62.23471200330554,20.0
Vaigai College Of Engineering,62.39107182342547,68.99340791294169,52.26466054470711,76.05043676017598,20.0
Trr Engineering College,62.38720869338137,58.88977497379,80.6965615583151,51.36508655398956,20.0
Kongunadu Polytechnic College,62.386233020375,65.45726433827798,68.173648164642,74.13103223563095,20.0
Maxim Institute Of Technology,62.38484343017561,43.48401467988529,83.070839898896,83.12502604019299,20.0
Asra College Of Engineering And Technology,62.38266579172041,46.83969735813586,79.77117449986537,74.71053297805858,20.0
Sha-Shib College Of Technology,62.382511686529654,77.4226592745681,45.88950450029838,69.06704719292703,20.0
Aurora'S Seethaiah Engineering College,62.38077464140029,76.93865292639182,43.636936036882325,75.68038357172799,20.0
Millennium Institute Of Technology And Science,62.38014287004655,62.667345419543125,61.5343088897868,73.94451203142638,20.0
Shree Datta Polytechnic College,62.37783951843839,74.05104554401996,54.74062474155008,73.53389664836467,20.0
Malik Sandal Institute Of Art And Architecture,62.37567898210603,69.89384492090853,58.66389128611941,64.88268305078648,20.0
Kmct College Of Engineering,62.36996608142769,62.00457245298989,78.5304667691431,50.31878222433231,20.0
St Soldier Institute Of Pharmacy And Polytechnic,62.36533687665819,41.32824737627371,81.87765630265127,82.79108874859597,20.0
Br Mahendra Polytechnic College,62.36522158798992,47.05969004727478,81.34934932318143,71.20286141023288,20.0
Oriental Institute Of Science And Technology,62.363452039465024,68.57844863308738,76.73531168852985,52.752623662406144,20.0
Merchant Institute Of Technology,62.36063796640461,75.03218973405998,41.54862474742063,79.69535661268145,20.0
Sree Rama Institute Of Technology And Science,62.355395108755005,42.66418032450164,77.87052216570216,83.77975177470887,20.0
Ssm College Of Engineering,62.354516386667186,62.844485294226,62.34877116059829,74.46300236533702,20.0
Jj Institution Of Information Technology,62.35280944584202,51.47197744986543,81.36334287547857,68.70499467921763,20.0
Varuvan Vadivelan Institute Of Technology,62.34892083067027,76.09289729501207,60.61487024902891,55.57757000393151,20.0
Vijaya Vittala Institute Of Technology,62.34426919446545,60.12444538991504,81.16749616580836,54.195545442929244,20.0
Keystone School Of Engineering,62.340296927947996,66.3514250490857,68.88092453243313,65.12565567855027,20.0
Ganadipathy Tulsi'S Jain Engineering College,62.33818906115422,63.90307613110955,75.75983984208261,55.33898360124196,20.0
Kls Gogte Institute Of Technology,62.334635965145665,66.23115160074039,63.1663625627201,73.16903813120385,20.0
Babaria Institute Of Technology,62.333749752178115,70.86899666355478,78.00307176087233,52.58946378298852,20.0
Rajkiya Engineering College,62.33286573296555,72.22130618226763,52.8129945769324,81.69960181341442,20.0
Jaya Institute Of Technology,62.331608688853976,79.49312151868712,48.11322523166121,71.34899953011077,20.0
Shivam Technical Campus,62.331290039187,76.7812378577647,40.458330385890775,79.49687533157135,20.0
Naraini Group Of Institutions,62.33031062005069,70.33790097055032,51.01588284272604,76.56072056153478,20.0
Shree Samarth Polytechnic,62.32526402599008,76.07032056042075,53.82632856644312,68.45942599394664,20.0
Cmr University,62.322280565921126,72.98435426801919,60.70597068817804,68.39856124044697,20.0
Fr Conceicao Rodrigues College Of Engineering,62.31283635645955,59.5841929918366,80.10408058967528,66.1064799371023,20.0
Dr Dy Patil Technical Campus,62.311663482769234,67.69515567448012,67.73650419825702,74.7245977768452,20.0
Nalla Narsimha Reddy Education Society'S Group Of Institutions,62.299418297727925,51.31017439834637,82.96908711969061,68.1211351236899,20.0
Rd Engineering College,62.298090817870786,68.87307808485188,60.90870485283904,64.66703756487988,20.0
Dr Rn Lahoti Polytechnic College,62.29804385872213,67.8133814581507,69.1920909157898,56.3512369318978,20.0
Bvrit Hyderabad College Of Engineering For Women,62.29525502133554,68.04517007928533,77.46712349424035,52.74417492026861,20.0
Universal Engineering College,62.29496400974329,63.18963270935,63.08021188520077,78.00120081354866,20.0
Gandhinagar Institute Of Technology,62.29490690261866,70.90739940941158,56.46128072589994,62.25887472077385,20.0
Feroze Gandhi Institute Of Engineering And Technology,62.293098384055455,62.91667784398305,69.09150592544464,74.25974047536066,20.0
Future Institute Of Technology,62.290495141750405,76.35007434632922,69.34551325642934,52.79990009995557,20.0
Sri Shakthi Institute Of Engineering And Technology,62.290409261696205,47.25216772094362,83.27817222367915,72.73103728025649,20.0
Shree Venkateshwara Hi-Tech Engineering College,62.28756425897397,73.71199734911615,60.02295379534034,58.954729711630094,20.0
Mahatma Gandhi Engineering College,62.28702041883514,77.23201697068461,50.41353947747021,66.37709793950899,20.0
Gokula Krishna College Of Engineering,62.28268010877013,71.28667703526601,68.16825785150291,52.62683964213137,20.0
Dr Rizvi College Of Engineering,62.27854278409466,66.8515748576136,68.67889682271804,56.28515287302736,20.0
Iec College Of Engineering And Technology,62.27748712684645,72.23150779310069,45.97017690119891,76.25870900329564,20.0
Swathi Institute Of Technology And Sciences,62.27646074334763,71.93070776811567,71.02027911035407,55.8827393738478,20.0
Biff And Bright College Of Engineering And Technology,62.274844613334295,41.74905760923684,84.59929482259659,80.19221571744589,20.0
Sri Venkateshwara Institute Of Engineering,62.27172206471055,50.74052509352412,68.6419880463072,81.96744172660773,20.0
Kunwar Satyavira College Of Engineering And Management,62.26966188140666,66.62666674633074,57.94649952539915,75.33549094823044,20.0
Sri College Of Engineering And Technology,62.26598687730882,46.72226741175392,84.53878662000494,67.87430191622687,20.0
Ies College Of Architecture,62.26265322315118,71.3720498040669,59.98773063129976,70.04203448126863,20.0
Royal School Of Architecture,62.26191103015631,45.31238984055204,77.73773226221164,80.8315243735834,20.0
Merit Polytechnic College,62.25294137818541,51.55860555544747,80.28085094905947,70.42079866341103,20.0
Sri Venkateswara College Of Engineering And Technology,62.246168029301444,53.75808001767807,77.58302746652399,69.50056844413238,20.0
Bimla Devi Educational Societys Group Of Institutions,62.24126724725972,70.61903533361232,49.76766760386617,83.07887076317625,20.0
Azmet Institute Of Technology,62.240130440008116,77.61491134250926,43.13594037450782,73.76513390023196,20.0
Yeshwantrao Chavan College Of Engineering,62.237550459819005,71.24153830997581,50.0857540011293,71.82217362711914,20.0
Ges Polytechnic College,62.234694970431896,45.449120973605226,83.50560506732971,70.93993788841078,20.0
Government College Of Engineering,62.22460374462585,67.84083981644667,66.46462049142296,74.76178697426037,20.0
Malik Sandal Polytechnic,62.22208341372787,65.76517772059358,66.69879575644062,63.95201921291161,20.0
St Johns College Of Engineering And Technology,62.219704894650874,46.19409722901089,81.69345502038638,77.44070268353272,20.0
Marian College Of Architecture And Planning,62.21885812060192,69.24863026009635,55.51266437274393,71.76724814172627,20.0
Slc'S Institute Of Engineering And Technology,62.21498954869263,73.68818712579136,48.606251493258064,70.4555236948006,20.0
Vijayanagara Sri Krishnadevaraya University,62.21165445129064,52.54175237959198,82.74499924736594,74.70793910595876,20.0
Dg College Of Architecture,62.209070229779925,64.90052386063475,74.0795808063425,53.43761433981194,20.0
Sunrise Institute Of Engineering Technology And Management,62.20525358146219,54.89488699475488,64.41327957333878,83.60936435825263,20.0
S Veerasamy Chettiar College Of Engineering And Technology,62.19960626071131,62.53954456434448,70.55088987979491,64.02173394922777,20.0
Anwarul-Uloom College Of Engineering And Technology,62.19754647650214,74.84741699134916,84.92386437731491,50.411926122795066,20.0
Br Harne College Of Engineering And Technology,62.19708620393716,76.53667393160202,56.27289068333437,61.13447763625655,20.0
Cat College Of Architecture,62.19330948970517,78.04098543269758,53.18280224183942,67.39773718599824,20.0
Shree Devi Institute Of Technology,62.1929302480702,63.59585040872151,56.122043107216605,81.164581530498,20.0
Sri Sai Polytechnic College,62.188163254817354,78.87550338537119,62.19949814889573,52.22554815426568,20.0
Desh Bhagat Polytechnic College,62.186411509201676,49.4076910083393,80.46682526763908,73.4625638210284,20.0
Engineering College,62.18476005225493,54.46414571150833,76.32673456680325,65.96831086477589,20.0
Sai Tirumala Nvr Engineering College,62.18260005037799,57.42389898561617,77.55068153382862,66.66833120645944,20.0
Akila College Of Engineering And Management Technology,62.18090190717375,73.28626832793191,51.22648702954263,71.17855011547637,20.0
Hemchandracharya North Gujarat University,62.17906189785569,66.58187479273732,79.65559869251692,71.02461982242065,20.0
Mvsr Engineering College,62.17246647978415,61.29513727702561,72.137807286096,70.43369171801231,20.0
Gyan Bharti Institute Of Technology,62.16363239358359,64.93735985406161,60.3277659716871,67.61820554912951,20.0
Sri Ramana Maharishi College Of Engineering,62.16146203542996,76.54979690551627,51.17490361662072,66.35459861213295,20.0
Jalpaiguri Government Engineering College,62.16039320155274,75.17634698496454,70.92338317291639,74.07908252578582,20.0
Lord Ayyappa Institute Of Engineering And Technology,62.155446535347195,53.44818782808636,79.9573434034734,69.14008682156526,20.0
Nimra Institute Of Science And Technology,62.15420451515298,45.62859386772861,74.69483794636483,82.43073465385532,20.0
Imps Polytechnic College,62.151643380050636,70.02586988695934,74.86144403855047,52.874802892893605,20.0
Government Polytechnic Ganai Gangoli,62.14952980239761,71.51205709299863,51.496124873354646,79.70415925206905,20.0
Vidhya Mandhir Institute Of Technology,62.14819518116701,69.71452207265644,50.99401133228419,73.68480772955112,20.0
Rajdhani Engineering College,62.14659302435955,53.55968891767596,82.2403383950404,64.84523289409535,20.0
Nehru Institute Of Engineering And Technology,62.14476278211611,71.24367759834593,64.27909592862972,57.86389100663141,20.0
Dibrugarh University Institute Of Engineering And Technology,62.144001109546515,67.61630283231987,72.24211137450183,69.33594676970047,20.0
Mksss'S Cummins College Of Engineering For Women,62.14240703241251,68.4130872820335,60.43237392852008,77.95523617466749,20.0
Jayoti Vidyapeeth Women'S University,62.139472866786775,54.94601743193793,83.26890521003476,70.81744945657438,20.0
Swami Divyanand Polytechnic Of Engineering,62.13896894279481,76.55468698408635,75.46751965537223,76.39822961446248,20.0
Jhulelal Institute Of Technology,62.13878409593114,50.11530137613062,75.9207064837039,81.65359784919953,20.0
Priyadarshini Institute Of Science And Technology,62.13804437885508,53.4858143413729,69.63343373342838,75.3050660178802,20.0
Mount Faran Polytechnic,62.13278319338177,52.972367263844944,84.07575486633431,56.00120953196458,20.0
Rkdf College Of Engineering,62.12861634887126,57.80944198709837,83.59917410618579,50.86394508377887,20.0
Patiala Institute Of Engineering And Technology For Women,62.12834519657655,64.68163640046016,54.12047977965339,78.36353197135493,20.0
Santosh N Darade Polytechnic,62.127052795177704,62.93487812675359,67.92124373869686,70.30345749518044,20.0
Srm University Ap,62.12499473863087,67.31039013347703,65.57937016117695,69.12746714834017,20.0
Roorkee Engineering And Management Technology Institute,62.12299490689073,61.86458208491855,64.5951490831015,67.97193722355698,20.0
Abhay Memorial Trust Group Of Institutions,62.12106572844369,78.80100415194885,45.12638935750474,76.51725400671205,20.0
Shri Ramdeobaba Kamla Nehru Engineering College,62.11854491182897,68.36495408150701,51.25931971371529,74.26651119940038,20.0
Godavari College Of Engineering,62.10808710892445,60.80579717306743,68.11389019263194,68.62079357593637,20.0
School Of Planning And Architecture Delhi,62.1064526886819,58.11614475886406,62.82653234638206,78.4746194807046,20.0
Methodist College Of Engineering And Technology,62.10556760776822,55.577462150602734,81.83505740898619,66.25580321666794,20.0
Residential Girls' Polytechnic,62.10222315580964,63.7367936844231,83.16184247313143,55.57104160051723,20.0
Marathwada Mitra Mandal'S College Of Engineering,62.09800864016766,69.8319372936681,65.62535042954887,76.06570794416781,20.0
Sree Chitra Thirunal College Of Engineering,62.095142004700676,77.36139063441072,68.75937071172133,52.91946802502491,20.0
Ganpati Polytechnic For Engineering,62.091807426677825,57.52701826995787,83.94585516760728,66.18859488716205,20.0
Erode Sengunthar Engineering College,62.08613695082737,68.71733008942167,69.47067888339376,54.90539431773978,20.0
Rvs College Of Engineering And Technology,62.08463990419523,60.42047011322003,75.99104445340075,61.40716926647983,20.0
Av Parekh Technical Institute,62.082102497403156,51.93131766146403,83.05285676381425,73.51888109371272,20.0
Faculty Of Architecture,62.079486449954615,76.27599365133486,53.63895519008233,61.32909110514065,20.0
Chaitanya Engineering College,62.07839754457207,65.08618568958107,65.68216537465268,60.735360580882045,20.0
Vaageshwari Engineering College,62.075942017717125,47.24726244906648,79.58915928443251,71.92132873645842,20.0
Shree Jaywantrao Bhosale Polytechnic,62.0694010477558,54.74474019753449,62.70403309761486,84.58625222755836,20.0
Chaudhary Charan Singh University,62.06705987680137,65.7970919178501,55.00647747794633,79.49635743316637,20.0
Elumalai Polytechnic College,62.066920765172696,63.44547420208868,81.52282939954924,52.88174703270187,20.0
Mes Institute Of Technology And Management,62.0657206210853,75.81237446490306,57.02956981843552,60.27967424273678,20.0
Mata Rajkaur Institute Of Engineering And Technology,62.06565185865739,50.24839005453188,79.66512998163418,79.84302849749004,20.0
Focus Institute Of Science And Technology,62.06533559557199,63.70667710847432,60.23176815645794,71.273698836844,20.0
Mea Engineering College,62.06289215093716,62.45997436102317,70.374986532791,64.04726192207468,20.0
Swami Vivekanand Polytechnic College,62.06178290269981,78.94513805261565,53.5008413478895,58.50703171766104,20.0
Tufanganj Government Polytechnic,62.058456758873476,69.77292253269087,72.00085892164422,81.43369560914606,20.0
Bsa College Of Engineering And Technology,62.054079168816024,60.74635488762653,60.02096135745524,77.0192985226049,20.0
Avvaiyar College Of Engineering And Technology For Women,62.04877657368942,64.4339781928143,73.07288393964002,67.83218696383595,20.0
Shivalik College Of Engineering,62.04805631684327,55.72552242808028,83.78205326956083,60.39516637934096,20.0
Dhanalakshmi Srinivasan Polytechnic College,62.047354207166805,78.87404007097491,53.43693573745141,61.88797448245049,20.0
Punjab Aircraft Maintenance Engineering College,62.047132091002126,55.14902459858527,81.03218730224769,57.956256539375154,20.0
Tezpur University,62.042204997655595,70.04749450642989,70.58422325440506,57.74508388157388,20.0
Zeal College Of Engineering And Research,62.041373963516484,79.19361013193853,52.17863929697617,76.00964313124894,20.0
Amalapuram Institute Of Management Sciences And College Of Engineering,62.04069321929036,77.73929561707484,42.745862172858,73.77157618981767,20.0
Tagore Institute Of Engineering And Technology,62.037593971265245,79.73193884932506,52.78365035190216,59.67749671270399,20.0
Shri Krishnaa College Of Engineering And Technology,62.0357912944078,49.0927908437904,82.88760280828069,65.21900533054558,20.0
Ammini College Of Engineering,62.035386098615476,68.29470464597395,49.408682223938285,80.89249467702791,20.0
Kipm College Of Engineering And Technology,62.0353549802349,76.14137879990197,49.24561995053912,71.62028768597783,20.0
Sri Ramakrishna Polytechnic College,62.03374053446639,65.93186821142962,77.03758899451924,52.41182800815773,20.0
Yagyavalkya Institute Of Technology,62.03229100590137,77.33438555048795,55.25708628904283,58.58184906980547,20.0
Jeevan Polytechnic College,62.02595841902621,73.37406162057937,62.66378102969705,51.36350345079581,20.0
Swami Darshnanand Institute Of Management And Technology Polytechnic,62.02352354573997,52.555714123675166,71.70510447570486,83.9530455715306,20.0
Aarav Polytechnic College,62.022941493086954,63.83173603285277,81.60819696536969,65.05455271076428,20.0
Shri Shankaracharya Institute Of Professional Management And Technology,62.0206437114804,67.76589617460422,51.60530266732549,84.07787041957118,20.0
Bundelkhand University,62.017028454156986,61.54990217207412,78.38201294617889,66.65381092045752,20.0
Jkk Munirajah College Of Technology,62.01616931887339,73.18215322822425,46.87194003430032,72.87971527114365,20.0
Bishnupur Public Institute Of Engineering,62.015615760639776,63.94308208097328,82.05316676171515,54.8441286364056,20.0
Ms Polytechnic College,62.003406211771875,74.35367268842126,63.777090254838015,53.91565177651156,20.0
Tudi Ram Reddy Institute Of Technology And Science,61.98852645692071,60.13366369157935,64.08136752982145,72.713458974956,20.0
Jayam Polytechnic College,61.984422870365655,73.38096545997394,55.47629503389064,63.54384546387799,20.0
Anjalai Ammal Mahalingam Engineering College,61.9759018895979,60.63518629297694,74.17209221249462,66.9562425383873,20.0
Jms Group Of Institutions,61.9750679092182,67.20339093516316,65.92084790195892,55.44565320437691,20.0
Dr Babasaheb Ambedkar College Of Engineering And Research,61.97375602893719,62.943494197518,75.68310499098445,62.07190193923071,20.0
Aerp Itm Polytechnic,61.972821640954606,48.51824172254156,81.66294170314984,70.23623182967435,20.0
Qis College Of Engineering And Technology,61.96975411904894,75.23243129066134,62.39391109617444,57.361029331529096,20.0
Rv Institute Of Technology,61.96904308383904,41.68337097097311,84.48319073389573,78.52893314729594,20.0
Sri Chaitanya Technical Campus,61.964262941896735,45.196626125572415,82.87473517136885,71.86503986134831,20.0
Sb Patil Polytechnic,61.963149396074314,60.61529503711807,76.42482757626867,66.19943784731079,20.0
Hi Tech Institute Of Information And Technology,61.96019283092132,57.42674831044911,69.92400849689258,77.78395295212943,20.0
Sardarkrushinagar Dantiwada Agricultural University,61.95665783287751,66.31476003259786,72.12489012827731,56.47582424970952,20.0
Marathwada Mitra Mandal'S Institute Of Technology,61.9518052850911,48.99189570861206,80.52672973255513,81.51371226665651,20.0
Mangalmay Institute Of Management And Technology,61.947644876039504,66.54096561525216,64.61308221479558,63.07169847468554,20.0
Jnan Chandra Ghosh Polytechnic,61.946758572435805,57.04269586447525,78.75993443621203,69.7606514604972,20.0
Adichunchanagiri Institute Of Technology,61.94167227652251,77.43011761585896,52.68636452618384,77.17055225738758,20.0
Spectrum College Of Technology,61.94157083290251,76.27718111427015,61.1925207650319,59.26217971256095,20.0
Advait Vedanta Institute Of Technology,61.94070531095437,54.78959043867088,66.81963652011714,80.82549894471778,20.0
Jct Polytechnic College,61.935960051614785,77.84851623304428,47.8529745652648,75.31787016496799,20.0
Gitam Institute Of Technology,61.934785490400955,56.161464347330295,61.88852701588578,79.63096992794848,20.0
Hindusthan College Of Engineering And Technology,61.93194880970118,65.45799611263513,73.18522804839205,58.66527951310692,20.0
Vishwakarma Institute Of Technology,61.9318955783234,51.062237880901804,76.10697550637781,69.87276402788085,20.0
Vidyavardhini'S College Of Engineering And Technology,61.9284342959308,79.7369212403236,53.954113118583976,72.76100395268222,20.0
Rajeev Gandhi Prodyogiki Mahavidyalaya-2,61.92755848684784,53.77659906409189,70.88390244928968,69.46676038492392,20.0
Elizabeth College Of Engineering And Technology,61.92468736803228,72.02028700259335,50.824350010006256,66.15041138224473,20.0
Neelkanth College Of Engineering,61.914209293479665,72.34334322774271,55.730811207277455,75.48574434395043,20.0
Bishop Jerome Institute,61.91355212640744,45.025595801322574,80.12825524104346,79.55885139508966,20.0
Rewa Engineering College,61.910206086312414,60.678468393091634,82.61472856503636,71.09539961132603,20.0
Shree Vinayaka Polytechnic,61.907803993206215,77.9997083375327,64.13328477509829,52.24517006239293,20.0
Benaiah Institute Of Technology And Sciences,61.90692005114826,51.32053886688608,73.39163220118871,71.71459368612767,20.0
Dev Polytechnic College,61.89453403172624,63.31199378181785,79.93011340669975,62.408806571599335,20.0
Sal Institute Of Technology And Engineering Research,61.89337368189568,78.42064758967464,40.05465645384775,81.6232422058737,20.0
Yashvir Memorial Technical Institute,61.89187072666228,50.34076415968176,71.82175285223514,80.40565089875551,20.0
Bhabha Institute Of Technology,61.89073140731004,43.425596858434695,81.25346716792873,73.95869495832787,20.0
Kalinga Nagar Polytechnic,61.88559372774939,63.96880637289389,78.4110360577288,57.75234393097881,20.0
Renganayagi Varatharaj College Of Engineering,61.88412320936358,78.00211229567356,44.86512815723605,68.85979669331985,20.0
Itm Polytechnic,61.879299919685096,75.58205811410173,46.19312030068284,71.80299124896626,20.0
Svs Polytechnic College,61.8758478552989,66.1968727395459,63.5150340996277,60.99408697710207,20.0
Aps College Of Engineering,61.866091349568165,72.80523097201225,55.92218748941205,66.41218393442782,20.0
Hjd Institute Of Technical Education And Research,61.84943279476485,60.73645599518005,65.39319168604337,83.63669325448619,20.0
As-Salam College Of Engineering And Technology,61.84783298824951,68.48386577772438,61.10756189758055,61.68215907514662,20.0
Psb Polytechnic College,61.84354558146001,73.18114354167423,72.87313569053286,52.04279628787189,20.0
Dhanalakshmi Srinivasan Engineering College,61.84072434581043,53.50364544892081,79.39905762122316,64.85975207995065,20.0
Lingayas Institute Of Management And Technology,61.83917607616711,64.83381170578127,50.56359918377285,84.64993661636268,20.0
Technocrats Institute Of Technology,61.83910282119984,76.6783391845588,63.8241803225749,52.88335655236579,20.0
Kkc Institute Of Technology And Engineering For Women,61.83734661570266,55.17184374926028,84.32924020141041,50.25305285307049,20.0
Sri Krishnadevaraya Engineering College,61.835284146949775,68.50485249691924,44.19494839636707,82.84378912929773,20.0
Stallion College For Engineering And Technology,61.83427434440161,62.25679453032978,67.88186457674068,63.92312424460941,20.0
Shiv Nadar University,61.83261734117619,56.4010904425848,77.1265070956714,65.73559319963746,20.0
Hansaba College Of Engineering And Technology,61.83206334222475,62.96149740597187,59.44404110260536,74.69933981487274,20.0
Zeal Polytechnic,61.83199436794237,70.30247953813291,68.57141349447642,52.96334282045388,20.0
Sri Krishna Institute Of Technology,61.82666516060174,48.230629942100215,79.25079396431812,76.1735894979782,20.0
Priyatam Institute Of Technology And Management,61.823947179230956,68.57009076465059,66.27304310476602,50.408049343377584,20.0
Bahra Polytechnic College,61.81991497960855,57.444680527238106,69.8252378969405,79.69535552677986,20.0
Rayagada Institute Of Technology And Management,61.81880045273003,58.87780145958889,84.74272237613434,54.54482324668049,20.0
Bp Poddar Institute Of Management And Technology,61.81769681626766,67.54129758865061,55.8628108322312,80.79487028342561,20.0
Malwa Polytechnic College,61.81263915151957,62.19786206417116,72.14953471232994,64.84108578582783,20.0
Cms Polytechnic College,61.81208925442796,61.37276268840058,74.37356176178979,60.02961760150846,20.0
Moti Babu Institute Of Technology,61.81026484021601,61.946090802352224,67.43146605087165,60.88996084795825,20.0
Vel'S Institute Of Science Technology And Advanced Studies,61.8087562834094,76.98820501000938,66.17690741547801,55.1454708255656,20.0
Supreme Knowledge Foundation Group Of Institutions,61.80534868648442,70.1158478818479,52.32444963046581,72.46347654191538,20.0
Kite School Of Engineering And Technology,61.80458761043147,77.0529626195935,46.34191260169328,74.05328455854674,20.0
Cdl Government Polytechnic,61.80234738831214,77.83930621453084,59.76452206179312,61.60598982401904,20.0
Oxford School Of Polytechnic,61.80138604647849,72.59940806482794,62.59787164756669,67.62482937760342,20.0
Annai Teresa College Of Engineering,61.79914810234475,79.43833561512704,51.12356783696646,61.81993444035611,20.0
Lords Institute Of Engineering And Technology,61.79703898684216,70.62868494736716,56.15044839993168,68.07780236874952,20.0
Shri Govind Guru University,61.793670406407536,56.576799837695184,69.7257693175451,75.15599139385724,20.0
Poojya Sane Guruji Vidya Prasarak Mandal'S Dn Patel College Of Engineering,61.790221610262165,62.91514224684676,58.49481800594587,80.9155722355963,20.0
The Salem Polytechnic College,61.789947734991095,64.35355071838885,53.58526188760517,80.28381462667917,20.0
Sri Satya Sai College Of Engineering,61.78933720103709,75.61826870406165,40.13919859237646,79.5709332264383,20.0
Sndt Womens University,61.78440004605152,42.4334215475703,79.21640810326276,79.34075471237706,20.0
Shri Devi Women Polytechnic,61.77888106146745,67.89545489890716,57.119056806848064,66.20803983580694,20.0
Ndmvp Samaj'S Karmaveer Adv Baburao Ganpatrao Thakare College Of Engineering,61.7777327884052,68.08624500550698,77.2315902752002,50.51013432436721,20.0
Rama Institute Of Engineering And Technology,61.77384276980175,60.29855976615453,68.11119273712768,74.39343708592573,20.0
Dalia Institute Of Diploma Studies,61.77345808516483,41.83023446612325,79.59602992163249,82.72870731280096,20.0
Punjabi University,61.772084254886344,69.15837362749164,78.36250469007695,62.65220734043363,20.0
Sudharsan Polytechnic College,61.77038759834083,58.57398367124173,73.46313232972454,63.77197830744678,20.0
Dr Panjabrao Deshmukh Girls Polytechnic,61.766469610629365,62.922124798896846,75.84734847940749,60.633600957300565,20.0
Dewan Vs Institute Of Engineering And Technology,61.76620527807632,58.56007398473047,72.29793167379665,62.45932865139388,20.0
Azad College Of Engineering And Technology,61.76551469013202,74.76172852577636,56.52486355863738,57.91749314169491,20.0
Ppg Institute Of Technology,61.76135525724758,76.44196583694261,55.1193801858867,56.78230591704229,20.0
Ks School Of Engineering And Management,61.760769092324196,67.57211846196536,61.2130916462968,69.9367050863874,20.0
Mahatma Gandhi Mission'S Jawaharlal Nehru Engineering College,61.755158655352844,71.80651606019808,63.40372699270022,51.70615095548485,20.0
Bhutta College Of Engineering And Technology,61.752420655518335,72.6932639465064,45.24607050033822,74.42149268104949,20.0
Longowal Polytechnic College,61.749058182367044,64.15715907931403,72.25211049014564,61.17642287751023,20.0
Sou Venutai Chavan Polytechnic,61.74889089513172,73.76508377346258,53.427672720726,73.23414474167492,20.0
Nagpur Institute Of Technology,61.74867601489694,58.34814304636285,81.42609240986786,58.53531826883265,20.0
Deepshikha College Of Technical Education,61.74777503862302,61.82126250729897,64.60085851875499,67.39197096370145,20.0
Dayalbagh Educational Institute,61.74771130338887,64.60905730413728,84.27074354384166,66.37902549427847,20.0
Adhunik College Of Engineering,61.74329769506725,75.51645680406446,43.3204626062894,71.04408474615789,20.0
Jeppiaar Srr Engineering College,61.729710772916945,76.75257103430516,54.62138567555812,70.10794652086749,20.0
Vidya Vikas Institute Of Engineering And Technology,61.72828720187254,75.89866953595546,64.9158820421847,54.2821227296449,20.0
Shri Ummed Singh Bhati College Of Engineering And Management,61.72595970896446,64.49369393307256,52.92208030777988,83.91468193162802,20.0
Accurate Institute Of Polytechnic,61.718022591034185,72.2703851098272,40.75734012209703,81.54861081660874,20.0
Bhilai Institute Of Technology,61.712562437640734,72.92188182064167,52.141397467490926,75.55113087892846,20.0
Synergy Institute Of Engineering And Technology,61.71225805007691,75.66310850468155,44.43198128895244,72.74399878420795,20.0
Cmr Institute Of Technology,61.70657030334569,65.69869599058543,74.7028865671983,53.27637822204333,20.0
Aryan Mukul Polytechnic College,61.70207134127422,41.98567726353352,84.75839139921132,70.85982497032386,20.0
Shyam College Of Engineering,61.69633387235868,76.75178461430393,58.81263978475927,63.01684285665005,20.0
Alamuri Ratnamala Institute Of Engineering And Technology,61.69440829594565,79.94983751322033,51.02454066526286,62.92494080858886,20.0
Shri Someshwar Shikshan Prasarak Mandal,61.68795993633743,74.83224610752876,66.03014289308942,51.13762682923825,20.0
Jakir Hossain Institute Of Polytechnic,61.68729849648684,74.02384819557555,50.7519435535931,73.1445898507671,20.0
Sai Rajeswari Institute Of Technology,61.68095344184421,70.03407956302021,50.54638760594632,74.45278623107865,20.0
Uttarakhand Institute Of Technical And Professional Education,61.67758486815201,68.44733967270777,57.247060032417664,68.28175912944975,20.0
Sachdeva Engineering College For Girls,61.67299098670095,63.740220765966086,64.95324499694628,62.86426491331093,20.0
Cochin University Of Science And Technology,61.67017941997326,74.99441024036668,45.108248336047,75.63149580535134,20.0
Kakatiya Institute Of Technology And Science For Women,61.66349473626855,45.24599034340172,82.31764089991701,76.84100086570004,20.0
Bharati Vidyapeeth Institute Of Technology Polytechnic,61.65952926998635,78.65918605385514,44.781432200382696,75.435795955794,20.0
City Engineering College,61.65716751253784,64.02547103455491,58.23158276559672,74.70313903400499,20.0
Ibt College Of Diploma Engineering,61.65548224896628,69.4906981708501,46.531997001306806,75.8427220399493,20.0
Bit Institute Of Technology,61.654596354783756,75.25951701923933,47.11549746673792,72.87090865476745,20.0
University College Of Engineering Bharathidasan Institute Of Technology Campus Anna University,61.65419508501151,49.5021510676014,72.77977886707401,75.80669958606616,20.0
Pk Institute Of Technology And Management,61.6525279707856,49.88913764462205,83.26335939084208,75.84462992319474,20.0
Lakshmi Ammal Polytechnic College,61.6490958964416,63.96828224270058,79.91282808853879,53.976004308858265,20.0
Aarya-Veer College Of Engineering And Technology,61.64517255804139,60.17746866896902,54.78357547837268,81.94163177779538,20.0
The Assam Kaziranga University,61.641643394097585,67.53192217883489,68.2842720256597,67.09070798043933,20.0
Budge Budge Institute Of Technology,61.63975227398252,57.229450981938825,78.96332196205094,55.29535927110924,20.0
Sri Nandhanam College Of Engineering And Technology,61.639675679053894,47.54241385712098,84.74433910922198,60.58015049831624,20.0
Dav Institute Of Engineering And Technology,61.63842083397927,62.51331144200557,79.47953671923784,59.153672519048335,20.0
Bhailalbhai And Bhikhabhai Institute Of Technology,61.63791116538121,76.29404258114202,51.09968454654171,65.40753518302685,20.0
Acn College Of Engineering And Management Studies,61.634680358959926,70.44648294842264,47.98995093379814,70.60391117649296,20.0
Vel Tech,61.633300775735975,48.28497971690521,76.9525405449634,79.75981319960823,20.0
Moradabad Polytechnic Institute,61.62471206916065,54.87745441346571,83.82911901979304,64.00087148294449,20.0
Scms School Of Architecture,61.621939939134904,69.18416013201512,81.24400706488026,58.95843439881156,20.0
Shri Datta Meghe Polytechnic,61.6178516954585,53.78262632632671,77.58342940841183,75.22960033203006,20.0
Jan Nayak Ch Devi Lal Memorial College Of Engineering,61.616218812829416,57.45278794073211,66.9367245326813,73.17057887346687,20.0
Shri Jm Sabva Institute Of Engineering And Technology,61.61603459180161,64.95416575007914,51.12517238119285,78.16453933510319,20.0
West Bengal University Of Animal And Fishery Sciences,61.61598350893494,44.24552775933797,82.27409905261278,78.46231317312792,20.0
Sbcms Institute Of Technology,61.615804286953164,53.83755334029623,82.87276304315832,59.567977843871816,20.0
Sasurie Academy Of Engineering,61.61487292908529,52.04092917102796,71.60733696187388,75.922543848579,20.0
Pollachi Institute Of Engineering And Technology,61.611220791526065,53.976647119379095,63.684344602018086,84.14799482465182,20.0
Mizoram University,61.608790279621424,66.34388275331563,57.845447249422,77.106064190584,20.0
Pa College Of Engineering,61.60749510560792,71.95078173059375,63.718924504102816,56.6587119662063,20.0
Sai Ganapathi Polytechnic,61.60427149547967,62.145343819379846,83.58622001608865,54.1826037769546,20.0
Vi Institute Of Technology,61.60114381693224,45.79463859062376,77.81165185536923,75.57178555526784,20.0
Jamia Polytechnic,61.59731749574243,57.36196365704569,79.84100743359251,61.65939188470513,20.0
Sardar Patel Institute Of Technology And Management,61.59450389618268,65.93437004589312,60.19086155534343,66.49974197241963,20.0
Institute Of Architecture And Town Planning,61.59080818056958,77.37112836768424,54.69222206569588,51.39721117006229,20.0
Shivdan Singh Institute Of Technology And Management,61.590526416791164,58.18672029040592,57.1719058163125,84.7713449337798,20.0
Prabhat Engineering College,61.59015861561086,53.23826234349768,68.5461436926866,80.36312876020114,20.0
Institute Of Printing Technology And Government Polytechnic College,61.58696518143338,78.50618384244711,48.80141376996293,84.07934115140912,20.0
Rajarshi Shahu Maharaj Polytechnic,61.58225886195872,55.72111764036229,84.51729463565789,58.87373471517499,20.0
Ssk Polytechnic College,61.582063325690086,51.43293275321594,82.82238493176763,61.58910331141056,20.0
Gulzar Group Of Institutes,61.57709273428608,55.83659524938327,65.13286086237476,76.38367865418074,20.0
St Michael Polytechnic College,61.57419507909634,75.62865503939355,61.075923089617625,51.49540312960246,20.0
Farah Institute Of Technology,61.57172727183657,54.49131538501999,72.15497997367936,67.01408638107658,20.0
Panimalar Engineering College,61.57109346849196,63.430892683260375,82.16462409573296,52.53133733048739,20.0
Shri Pd Patil College Of Engineering,61.57074342151585,48.805755907814174,82.0859585751376,70.14129903425766,20.0
Future Institute Of Engineering And Technology,61.56984528287377,61.31187237022926,66.21898821738678,62.89583895423594,20.0
Sreepathy Institute Of Management And Technology,61.568872847356175,68.47835107380867,67.26825559746024,56.36916146101477,20.0
Bapurao Deshmukh College Of Engineering,61.56811932213515,77.07361670865484,55.18537868298826,69.52870716693641,20.0
Ashokrao Mane Polytechnic,61.56302816758611,67.64026070959164,55.64996533544354,68.00498467251516,20.0
Pt Lr College Of Technology Technical Campus,61.558800374906056,54.98809140163843,80.29359668534124,57.97392326972329,20.0
Radhaswami Institute Of Technology,61.556520230973746,58.2255510623396,70.42775291831822,65.99216203978418,20.0
Kali Charan Nigam Institute Of Technology,61.55323403162755,46.14567145723971,79.56342325611377,77.27246578232892,20.0
Pgp College Of Engineering And Technology,61.55311158368204,66.45929191975875,53.989464462489885,71.39475277030294,20.0
Bhagwan Mahaveer Institute Of Polytechnic,61.551918055384164,73.60181145941132,60.37018012894114,58.287134602560855,20.0
Siddhartha Institute Of Technology And Sciences,61.549528377996005,58.161267965075865,57.47449777083506,83.09083460574766,20.0
Model Institute Of Engineering And Technology,61.54703335507537,40.51789280270116,78.88226301867422,80.87562160600616,20.0
Shri Baba Mast Nath Engineering College,61.546832623669815,76.35692355920447,43.07243615209915,69.67569469215596,20.0
Jr Polytechnic College,61.54562090841518,66.2721238138868,47.24797986507712,82.22613271902657,20.0
Kanad Institute Of Engineering And Management Mankar,61.54326682455662,75.38280265943607,47.72405457901503,70.80660358674827,20.0
New Satara College Of Engineering And Management,61.54086800294867,49.496645388514295,84.63505395149835,59.86528322585268,20.0
Albertian Institute Of Science And Technology- Technical Campus,61.534470599410255,45.37465360816171,72.39939315098488,84.87389070621694,20.0
Government Polytechnic For Girls,61.52616063543664,68.52388413750744,74.4554526128284,52.65009810902789,20.0
Pailan Technical Campus,61.523142464554816,51.68645416105694,81.91625510427559,69.43402200173902,20.0
Maya Institute Of Technology And Management,61.5156614719324,43.67501980376093,84.46282877650762,68.72427893972969,20.0
Sri Prakash College Of Engineering,61.51485434080057,56.94474608128499,80.198074519529,54.48257499937901,20.0
Salem College Of Engineering And Technology,61.50509683838646,60.51459284484279,78.21110854471175,51.043551217629535,20.0
Jecrc Udml College Of Engineering,61.50173282112858,64.74794336533344,64.92076414839708,61.55210914892014,20.0
Shree Ganesh Group Of Institutions,61.499445278758564,42.75470601268785,79.28874024536942,75.4420383377821,20.0
Amrita Sai Institute Of Science And Technology,61.49712736461319,65.32271644341452,68.41749515061991,58.40290756420224,20.0
Gurindapalli Devanandam Mary Memorial College Of Engineering And Technology For Women,61.49651791235114,60.27768521412902,77.24985341568132,51.56156988528119,20.0
Bharathidasan Engineering College,61.49580608782246,72.23696257864249,41.10246183296636,81.09314824154953,20.0
Pns Institute Of Technology,61.49554224583823,67.83145530130267,46.59014496833535,81.8739155689482,20.0
Md College Of Polytechnic,61.4929396528204,54.8102186799742,68.33361261263204,76.08367566126219,20.0
Sityog Institute Of Technology,61.492728316653135,71.68068842215528,59.94116168452173,55.98202150161611,20.0
Prakasam Engineering College,61.4906241298642,60.895303820027486,75.02560136250545,58.97732358184585,20.0
Sri Venkateswara Institute Of Technology,61.48981157332173,76.30530202063855,43.56627038802643,72.24378884595427,20.0
Bhopal Institute Of Technology And Science,61.48735103437981,48.38378565285032,69.49864494271756,83.75748551562133,20.0
Sree Vidyanikethan Engineering College,61.48424354264279,55.14694632968574,68.73619088698352,78.67338255130798,20.0
Rajiv Gandhi Polytechnic,61.48169274274555,58.18051934348993,65.83485525451759,70.3651802743649,20.0
Allahabad College Of Engineering And Management,61.48139520853439,50.06265662870847,81.49647458976222,74.42632380810512,20.0
Dr Dy Patil College Of Architecture,61.481055024563304,70.3974620103132,68.44542468360176,54.16152344592389,20.0
Rmk College Of Engineering And Technology,61.479379860063595,66.1328763086394,58.54732054194396,76.07073145328805,20.0
Indus School Of Engineering,61.47847241891441,79.50660289760145,41.31529136606056,80.45101540127212,20.0
Radical Polytechnic College,61.476856582824254,61.25897384486211,67.78886803254473,67.82281093802428,20.0
Marthandam College Of Engineering And Technology,61.467908009495545,63.42516604641949,53.8472814134358,78.92482526057783,20.0
Rk University,61.46597638627674,61.49626855631364,70.51860823105213,55.11759770521622,20.0
Raj Engineering College,61.459507825878745,56.90878747071133,68.58486163745835,66.59798403378815,20.0
Musaliar College Of Engineering,61.45852144475077,47.87673962692411,74.42396644065403,76.59325129555587,20.0
Anantha Lakshmi Institute Of Technology And Sciences,61.45442659332583,79.03400466409542,41.12105642842141,76.00402020337718,20.0
Mohammadiya Institute Of Technology,61.454244418098,75.32842203287761,49.65899574587671,65.86722233631232,20.0
Dr Kn Modi Engineering College,61.45250275840103,54.16394148148847,67.07878184946362,75.58790173706956,20.0
Hms Institute Of Technology,61.45166552749336,62.67830401185493,63.12772960198287,69.91678036973656,20.0
Aditya Engineering College,61.44672570767314,67.69733918165859,67.57529586263567,61.10256116125524,20.0
Jayaraj Annapackiam Csi Polytechnic College,61.44661413939967,78.59026663992853,56.87669630486098,60.23886287044365,20.0
Acropolis Technical Campus,61.44656819619161,60.86008822975916,72.42170751508459,53.06432720119564,20.0
Eluru College Of Engineering And Technology,61.44103364102327,73.84601659731896,63.705463034881205,55.89923314765984,20.0
Konghu Velalar Polytechnic College,61.42829758457535,53.93938195805063,81.14455479529086,68.62877611268928,20.0
Shri Labhubhai Trivedi Institute Of Engineering And Technology,61.4090557504314,65.56479673511635,83.32621745003652,53.76595852266262,20.0
Dr Ngp Institute Of Technology,61.408905214377285,57.66146914698671,82.18504971508742,54.56904542294632,20.0
Imperial Institute Of Polytechnic And Technology,61.40769916647028,68.22727034933465,66.8888127353812,50.96609269236836,20.0
Government Engineering College,61.401691195053324,62.087260061768205,61.81440810073962,81.96596741299692,20.0
Avs Engineering College,61.400386256440314,74.89012625098681,42.55119798425184,79.17677080268966,20.0
Pannai College Of Engineering And Technology,61.398744928788325,66.5635539690392,57.94656287212322,63.22990594059584,20.0
Krushnaji Purushottam Chousalkar Yogeshwari Polytechnic,61.396655695959,79.76960640364075,52.72846406197174,76.03040855102971,20.0
Pondicherry Engineering College,61.395029298433194,59.21496473541267,66.80267700284503,75.26742296403087,20.0
Gwalior Engineering College,61.38910695817423,43.017023607885456,73.93444553393101,84.81124959741831,20.0
Sri Venkatachalapathy Polytechnic College,61.38635877558368,63.24187229115887,77.70617835727396,57.05154636277393,20.0
Nbn Sinhgad Technical Institutes Campus,61.38168951861297,78.09387740014861,47.64317772367119,68.10000860338833,20.0
Sgbm Institute Of Technology And Science,61.38023997527483,70.20264272706521,48.20494419503439,71.12393636334434,20.0
Acropolis Institute Of Technology And Research,61.371819740199754,72.75143070332311,45.75665568332393,81.06045139542258,20.0
Mysore College Of Engineering And Management,61.36574905351806,59.9876954712975,57.22104164818416,84.86040867000864,20.0
Selvam College Of Technology,61.36538461803572,58.08612516238719,83.76715708177842,50.420540580754654,20.0
Balaji Polytechnic College,61.36253876701741,75.9588267420078,53.373859381457066,83.0981791459381,20.0
Guwahati College Of Architecture,61.35677551375385,52.36543997043406,82.3898851742571,62.13847879751502,20.0
Hindustan Institute Of Technology And Science,61.355842648850306,62.80521740657368,63.88947209614865,69.35957479241152,20.0
Academy Of Technology,61.35306532796051,62.33462980555851,60.427534934355066,83.17088103899823,20.0
Bennett University,61.35280753001419,73.95650493883858,63.40200435702817,60.83298060377048,20.0
Dy Patil College Of Engineering,61.35212030032716,74.3484696970471,63.47201534111972,57.16783314160092,20.0
Shri Guru Gobind Singhji Institute Of Engineering And Technology,61.35083757572558,78.94743820066579,84.01323736710582,53.54612524954727,20.0
United College Of Engineering And Research,61.350489474754674,47.1118596427828,76.06043121520614,72.23528081458224,20.0
Shivalik Polytechnic,61.3439337459509,65.5386729687191,67.50923210518691,62.287555789653545,20.0
Iasscom Fortune Institute Of Technology,61.34214827514634,68.71156321479296,66.7614109544706,51.18739075924874,20.0
Icfai Foundation For Higher Education,61.34127564367827,74.80193074869163,49.83875372673735,80.30575149318935,20.0
Aditya College Of Engineering,61.33976902196826,77.02442149514826,60.13644542948553,50.78484812859276,20.0
Impact School Of Architecture,61.33930265875079,50.43323624621996,67.9253910783753,80.9043931417622,20.0
Vivekanandha College Of Engineering For Women,61.33625717190236,73.08641459702505,48.37726783430988,72.30936171239591,20.0
Kmea College Of Architecture,61.33130727957236,69.42417471070722,76.05860051233576,60.06464897054826,20.0
Banasthali Vidyapith,61.31915921592892,64.61484379106884,76.581388682826,61.16916768039033,20.0
Vs Lakshmi Engineering College For Women,61.31809062170428,60.176468238896405,49.8245203725276,84.69566482308569,20.0
Jagadguru Dattatray College Of Technology,61.31670190375381,45.70048219396232,83.65394881760876,66.80033900667155,20.0
Aurobindo Institute Of Engineering And Technology,61.316618086730436,74.50719475704292,54.78811274820157,56.14528967201193,20.0
Scad Polytechnic College,61.31297821098381,54.18710035298376,75.77237113639742,74.34144049963709,20.0
Baba Farid College Of Engineering And Technology,61.301954598644144,66.19809825459635,54.15950974225096,84.3590761325213,20.0
Vivekanand Education Society'S Polytechnic,61.299054259539076,75.92722093409998,62.5133265713306,64.1206165578519,20.0
Aissms College Of Engineering,61.29697332997775,60.086852344236846,72.05772184422369,74.80255027826978,20.0
Newton'S Institute Of Engineering,61.29567361314308,66.19029825297264,54.451441712725625,68.25353658383045,20.0
Government College Of Engineering And Leather Technology,61.29517493429926,70.67475706958983,56.94734334284564,66.73566887777335,20.0
Kashi Institute Of Technology,61.291448592842116,64.70038849797987,65.13512991729124,61.96115979824927,20.0
Pydah College Of Dairy And Food Technology,61.29075931817868,53.69881325380037,80.98388439126772,61.5890750138594,20.0
Iftm University,61.29048271181766,71.31203870544749,60.98906283566394,58.6144162558544,20.0
Vaageshwari College Of Engineering,61.29046759218993,52.54782763862407,73.86956588660595,70.56305744215884,20.0
Himachal Pradesh Technical University,61.28762882177283,52.40940381573357,70.78386474138827,68.64735968918804,20.0
Kmm Institute Of Technology And Science,61.27888365279913,58.71099621640996,64.53207556166046,70.04209126175401,20.0
Hasmukh Goswami College Of Engineering,61.27749548587873,58.77515475263132,68.56119667479359,65.30697724894206,20.0
Khader Memorial College Of Engineering And Technology,61.27503068237047,50.28275008799374,79.37015922135083,65.66288508753526,20.0
Smt Tamma Kotamma Reddy Polytechnic,61.26652785776073,71.92959630539889,48.61289561662381,84.85477549835272,20.0
Theni Kammavar Sangam College Of Technology,61.26526662748981,54.92738141064418,66.87907599437855,76.89268248166229,20.0
Agnel Institute Of Technology And Design,61.26411909262905,56.97567033085472,84.35422518010202,73.22759388393744,20.0
Noorul Islam Polytechnic College,61.2619033703519,74.42082965612568,43.025609889897424,80.77117694962374,20.0
Raibag Polytechnic,61.25805151175311,58.190032986895226,79.06199980381152,61.79714583797043,20.0
Gokaran Narvadeshwar Institute Of Technology And Management,61.248671200964786,53.58261102756132,80.09637792717757,66.95511112108498,20.0
Vidya Jyothi Institute Of Technology,61.24831728124263,64.06069272796479,78.51730914277829,51.231626660605535,20.0
Canara Engineering College,61.24725502933576,57.136955918353856,64.9793854710928,79.46294985709315,20.0
Indo Global College Of Engineering,61.24305664373882,50.97515441358626,73.87526882560631,72.79253961258439,20.0
College Of Technology,61.24289804181713,51.82060137890715,67.61572536392401,82.58416138026232,20.0
Drona'S Polytechnic College,61.24017843245258,68.33380368029388,63.74796433640809,59.4549717080573,20.0
Balaji Engineering College,61.23913075027491,48.19715873742194,71.19566909255757,78.2841762621807,20.0
Abes Engineering College,61.2354873525966,74.2028738541139,66.03502852735704,50.77344377420358,20.0
Annai College Of Polytechnic,61.23230759153452,69.60768551982373,52.87397338827789,84.72148741913588,20.0
Surabhi College Of Engineering And Technology,61.23215431886196,45.82489799464826,80.14380663738754,76.08539678908943,20.0
New Horizon College Of Engineering,61.227367189877356,75.35842580174673,63.57087264736352,51.820742507732,20.0
Prasad Polytechnic,61.22020671601108,62.61463386075539,74.48328734081977,56.69946020830565,20.0
Universal Polytechnic College,61.216722292538634,59.96787652908196,67.78227283456397,62.61566150844497,20.0
Reddyjana Sangha Polytechnic,61.21466824871929,53.84511759457445,68.98002693102792,80.68811198135617,20.0
Sahrdaya College Of Engineering And Technology,61.21448939812094,79.46167034876433,56.2509827517625,52.170279514960185,20.0
Pragati Engineering College,61.207432141930965,72.74653009590557,54.13536468005394,69.13724124050678,20.0
Global Institute Of Engineering And Technology,61.2022488092624,76.57053338172067,45.659165590651725,63.383283270862805,20.0
Apeejay Institute Of Technology,61.19782698757038,59.56735724086616,72.00709335772467,64.56186100490964,20.0
Yb Patil Polytechnic,61.19402913560126,64.7693876931291,79.19035469906862,64.39740848336842,20.0
Rvs College Of Engineering,61.18918146885403,57.25314727085885,76.72615434964379,55.35998076362592,20.0
Maeer'S Mit College Of Railway Engineering And Research,61.187858374741744,69.03372467427745,49.525968363481255,69.72428090417782,20.0
Jayaram College Of Engineering And Technology,61.18534575980764,56.80593854703211,71.08691646415377,63.004770375447,20.0
Jind Institute Of Engineering And Technology,61.18422192490995,79.93973789949553,47.73219110979568,58.61495444980579,20.0
Mangalmay Group Of Institutions,61.18217820455843,68.509802279757,63.75933970446973,64.1568986614031,20.0
Paavendhar Polytechnic College,61.17990793472174,69.79820014532541,49.41540732387415,78.3552490838487,20.0
Guru Nanak Institutions Technical Campus,61.17219255264912,47.1265043368083,72.38684626373222,84.72815803844556,20.0
Shri Gulabrao Deokar Polytechnic,61.16977212697785,55.88937677143912,83.27559761260558,59.9874824339022,20.0
Hemnalini Memorial College Of Engineering,61.16855502935794,75.40657062408735,40.87729180125872,82.54876152092073,20.0
Marudhar Engineering College,61.16457775498863,64.44633819438906,64.15008655952066,63.31134256455538,20.0
Scope College Of Engineering,61.163296203577005,40.17997986524055,78.95797759073159,82.07029401972623,20.0
Vidhyapeeth Institute Of Science And Technology,61.16186528786731,61.965045925769886,56.00477699497066,75.71069952779888,20.0
Pbr Visvodaya Engineering College,61.146598138243235,68.4073687668514,49.44469964220608,83.17691159206588,20.0
Anand Charitable Sansta'S Diploma In Engineering And Technology,61.14002795274012,66.2565837240979,65.99684831885487,53.13634501256048,20.0
Pimpri Chinchwad College Of Engineering And Research,61.13757991918665,69.93032010301343,76.36929764607139,58.03299925352357,20.0
Vyas Institute Of Engineering And Technology,61.137233789132345,43.20859764299762,75.64415478536755,78.30298373669045,20.0
Svs Polytechnic,61.13691416749591,77.44626110837947,54.926302089123,57.555755509184095,20.0
Ace College Of Engineering And Management,61.13034887584333,72.96958465010994,46.931979387574046,67.43595542525641,20.0
Kc Institute Of Technology,61.119345270200114,62.21353773164911,61.60368339931304,63.77157985292028,20.0
Bengal Institute Of Technology,61.116674998595414,64.93713764738219,53.77446452979685,84.19389988251866,20.0
Parisutham Institute Of Technology And Science,61.11542716573521,64.40664149355247,61.00783726574888,66.05848365280042,20.0
Shri Ram College Of Technology,61.11255313297781,62.34711823778595,73.37265380665919,51.951280583745344,20.0
Shri Sai Polytechnic,61.11064237957058,63.62246039720712,67.8509824467609,54.758521062251134,20.0
Navrachana University,61.11041214797223,63.85081359958197,69.41363089159657,69.39321713171611,20.0
Vit-Ap University,61.10889460988106,63.34340836997728,76.62331547481415,56.38495145536039,20.0
Usha Rama College Of Engineering And Technology,61.1053453517812,65.82234385115098,60.04333976182054,68.55612985971594,20.0
Calcutta Institute Of Engineering And Management,61.10343998356002,76.37159945153545,60.55111296569821,53.79266602010296,20.0
Sri Sivasubramaniya Nadar College Of Engineering,61.09825180069417,75.20060928941506,41.80791308940671,79.53606660153369,20.0
Jawaharlal Institute Of Technology,61.095797918421596,58.69778459059302,65.01803573728233,73.54398291446462,20.0
Modi Institute Of Technology,61.093691603296186,51.93327894784337,83.94780185953408,81.4369889102253,20.0
Maharaja Agrasain Institute Of Technology,61.089182468814386,61.05018687762432,69.84982335471055,67.41484422681165,20.0
Pr Patil College Of Engineering And Technology,61.08858257550442,79.77313528213642,40.195851436960886,72.94104477443798,20.0
Narnarayan Shastri Institute Of Technology,61.088553705889794,50.20946570331188,73.56253173343396,81.35293461756191,20.0
Dpc Polytechnic College,61.08785462329328,47.574869040846,72.89287793822615,82.18487391737241,20.0
Rungta College Of Engineering And Technology,61.085693326196825,55.02191042190484,64.88349968870762,76.53411535377305,20.0
Vickram College Of Engineering,61.085583600612246,71.82852141554073,51.35748734077143,62.58260374120978,20.0
Doaba Institute Of Engineering And Technology,61.08123372727161,65.00932515147979,50.05909192321026,79.96004754455123,20.0
Shree Ram Mulkh Institute Of Engineering And Technology,61.081130533448686,71.31660101864887,58.11904813539852,52.75923291614028,20.0
Gurudeva Institute Of Science And Technology,61.08106997236105,77.76492350889347,40.58268283742064,69.60989563890243,20.0
Jawaharlal Nehru Centre For Advanced Scientific Research,61.07721538242885,69.21330703995176,55.07921131766355,65.41343075250965,20.0
Apeejay Stya University,61.06744980649385,51.78546582962717,66.74435331406512,84.95252901960465,20.0
Sri Durgadevi Polytechnic College,61.06734472134575,61.63407701962771,78.103735564321,60.97607791271969,20.0
Sri Ranganathar Institute Of Polytechnic College,61.06587335975301,65.31924571086311,64.40417965315271,73.35742065453923,20.0
Ferozepur College Of Engineering And Technology,61.06275299726524,71.70032010805708,57.24109489499716,53.8381900070364,20.0
Joginpally B R Engineering College,61.06103667757631,40.57736836919608,82.77240861650813,76.55386713765168,20.0
Annai Velankanni Polytechnic College,61.05944901466154,70.8731405710273,60.05351938007507,65.3438073800054,20.0
Sri Jayaram Institute Of Engineering And Technology,61.058893252986024,56.45448444850273,67.28197456649623,65.57964935333123,20.0
Pillai Hoc College Of Architecture,61.053650601370826,62.77500837307535,66.17525159318485,65.97517840595725,20.0
Medi-Caps University,61.05258849381703,75.52480559876058,51.07001877186079,66.01464690417212,20.0
Diviseema Polytechnic,61.051908598165866,54.553405977798846,79.12970092985071,61.26765708877088,20.0
Chitkara Polytechnic,61.05020797118167,62.81259943586656,56.721048367757774,77.14620376178226,20.0
Hindustan College Of Engineering,61.05012850208482,56.729635813250994,67.72732777634886,66.94835995668201,20.0
Sri Venkateswara College Of Engineering,61.04801409632679,76.11576420470035,50.534302554642736,65.16874502562737,20.0
Golden College Of Engineering And Technology,61.04476529310634,52.56647034851695,71.6569563528718,65.45343292536066,20.0
Akshaya Institute Of Technology,61.04451635218166,65.40343367932986,54.91310475628087,72.26024654062014,20.0
Indira Shiva Rao Polytechnic,61.0415039575789,74.62208322775913,54.55983107024363,60.0683254709891,20.0
Qis Institute Of Technology,61.04002567460236,77.3896620704769,53.59483929024692,54.43956779892896,20.0
Shriram Institute Of Information Technology,61.03594318207807,54.57910036677191,65.50083753068598,73.18786714284921,20.0
Sri S Ramasamy Naidu Memorial Polytechnic College,61.03315943018413,79.25057284622302,50.16716729165016,57.7057721938761,20.0
Bsf Institute Of Technology,61.0298051382591,49.85587253727593,75.349721270071,71.36521092543201,20.0
Mp Nachimuthu M Jaganathan Engineering College,61.02919701171852,73.56108546452549,61.04711615768007,55.32862720478535,20.0
Audisankara Institute Of Technology,61.02731687672745,48.82357794085456,82.80688273779208,60.4190190766617,20.0
Pgp Polytechnic College,61.02501726190404,46.69188146089972,82.05773739598266,63.86741962701752,20.0
Srs College Of Engineering And Technology,61.0240498593609,75.2903206394059,46.82842522401285,60.54741558881784,20.0
Narayanadri Institute Of Science And Technology,61.02394351746129,73.71455358503127,53.67660572254327,53.60483144957039,20.0
Camellia Institute Of Polytechnic,61.02230515694379,61.16570508911981,64.39003557490915,75.87384598591419,20.0
Yaduvanshi College Of Engineering And Technology,61.022078597619235,48.61507003710905,70.5279385667836,73.59462642147025,20.0
Gdmm College Of Engineering And Technology,61.01942159532167,60.23652165416813,62.07228558193255,69.06579435408285,20.0
Dips Polytechnic College,61.01782813990437,43.45457687045264,79.75701586218071,74.24076055458931,20.0
Csir Central Leather Research Institute,61.01632824103658,68.604191749866,60.26442707423823,62.54318009550869,20.0
Psr Engineering College,61.01568721765999,58.65665338384765,82.17876104330557,50.59227561924197,20.0
Doon Valley Institute Of Engineering And Technology,61.01330338279311,48.14692122264574,84.79172135231423,56.24460230086908,20.0
Bhonwal School Of Engineering Polytechnic,61.007851037477835,68.04466660461877,76.36700700155254,52.71731141001889,20.0
Hindusthan Institute Of Technology,61.00449794487558,45.70513381153509,73.32344947568187,83.07429096316318,20.0
Chadalwada Venkta Subbaiah College Of Engineering,61.00410232655877,55.72251029370132,71.76371938306649,63.83367909449649,20.0
Vivekananda Group Of Institutions,61.00179419487938,53.33182045993836,62.99448569323745,75.07791981995557,20.0
Moradabad Institute Of Technology,61.00147480692034,69.34514687433655,51.96220483139796,73.84490484030141,20.0
Jodhpur National University,61.00001910066531,54.61603675530442,68.70880042075464,69.53808621342655,20.0
Sbm College Of Engineering And Technology,60.991362416904934,40.78808798535654,78.9511377802344,84.49711606648981,20.0
Knowledge Institute Of Technology And Engineering,60.98479847807545,52.75699910265659,84.94509429217298,60.96945821910392,20.0
Kc Polytechnic,60.98321567325896,66.54029073746027,44.15323028539415,82.43763386642138,20.0
Srm Trp Engineering College,60.97616634516425,73.28735348045721,50.36100323247985,67.00050697668465,20.0
Sal School Of Architecture,60.975821608211675,75.12902024222149,42.76889921878696,65.7096891371039,20.0
Tit College,60.97565308356448,78.01619217435808,43.14804677631332,64.7411520775334,20.0
Swami Vivekananda Polytechnic College,60.9745725997003,43.7186496811045,72.84940075435321,80.60884216566548,20.0
Drr Polytechnic,60.970386562749056,75.33569668926069,49.265246759495696,72.32967182922536,20.0
Vetri Vinayaha College Of Engineering And Technology,60.96844887734273,42.12272662544749,74.54908171345359,81.38397930659505,20.0
Rv Parankar College Of Engineering And Technology,60.96742175791148,56.43353901131555,57.21379954277681,79.48629175462595,20.0
Pmr Engineering College,60.96602598776756,63.9848578631238,58.62232562930667,62.45147216899346,20.0
Sri Rajiv Gandhi Polytechnic College,60.96345374091067,65.88701457202687,68.31891120947122,52.46595443101124,20.0
Pacific Polytechnic College,60.9611172886413,47.64687213504335,69.91041841740807,84.88637731359914,20.0
Dr Mc Saxena College Of Engineering And Technology,60.96108591484405,72.4115989038856,42.91786947768536,73.78355098211915,20.0
Srajan Institute Of Technology,60.95853650042469,56.64057571191915,59.346257962787575,79.20056250742535,20.0
Adhiyamaan College Of Engineering,60.958399398432476,72.24432077869287,48.91279795685376,62.23807995560586,20.0
Indian Institute Of Information Technology Design And Manufacturing Kancheepuram,60.956114524594405,74.32780744751122,75.86022875036065,82.92693326378365,20.0
Dhanalakshmi College Of Engineering,60.951333035369125,50.02783037891452,75.74630350189379,67.2333046176179,20.0
Sunder Deep College Of Architecture,60.95075363563457,58.41139287569968,65.67151080211403,71.01879295040902,20.0
Gh Raisoni Academy Of Engineering And Technology,60.950251375615,77.52709208654467,58.34930851451952,52.00879569185084,20.0
Hindu College Of Engineering And Technology,60.949528494970195,57.023473899774736,74.94171255262557,51.90846593635852,20.0
Aryabharathi Polytechnic,60.94391517448585,76.13603484179512,65.42615196591599,50.26551724003594,20.0
Shri Ram Murti Smarak College Of Engineering Technology And Research,60.937808414439,77.67844479401896,48.1148305850557,66.25332263013735,20.0
Medha Institute Of Science And Technology For Women,60.9375277175355,53.38618526331823,76.86608001884716,65.24565015693582,20.0
Dr Vithalrao Vikhe Patil College Of Engineering,60.93556732969099,54.44227118258922,77.39916499283314,65.91082078740075,20.0
Hkbk College Of Engineering,60.93360475573799,61.28474318140472,63.81956171520128,67.3683916939913,20.0
Greater Kolkata College Of Engineering And Management,60.931892673808065,74.5244092290204,52.43620444469414,58.29211784565236,20.0
Ellenki Engineering College,60.93058816048597,65.12091558186262,54.52109855575813,75.4348111964837,20.0
Jss Polytechnic For The Differently Abled,60.92964181596837,73.69314780708483,55.01253719350051,75.80342728109149,20.0
Barkatullah University Institute Of Technology,60.92541895287022,74.33790188989798,83.29635363448912,84.48294656178089,20.0
Maharaja Agresen Institute Of Technology,60.92126851678849,62.13431976882668,49.53497236566638,84.55771376274339,20.0
Chandra Shekhar Azad University Of Agriculture And Technology,60.91649212324582,73.4818067100314,49.536531936823486,61.45133460187048,20.0
Chilkur Balaji Institute Of Technology,60.915654225890414,58.61877884299003,69.13691922918102,62.09194980983153,20.0
Sethu Institute Of Technology,60.91550522481897,50.52450209595813,74.37923419721861,73.43537653282692,20.0
Andhra Engineering College,60.91500725717204,62.05686935354372,59.90942376538607,72.09736060293386,20.0
Jntuk University College Of Engineering,60.91464332703441,76.78330109364784,71.16426583849515,58.08421035060052,20.0
Excel Polytechnic College,60.912250996946675,56.24297038452221,65.6297128761939,78.5129464824422,20.0
Bits Pilani- Hyderabad Campus,60.91163316378686,46.51106722861691,82.51988729563405,59.82378724355897,20.0
Shaheed Bhagat Singh Polytechnic For Engineering,60.90566062306877,61.68760152330249,70.21078086858583,67.21502983353366,20.0
Pr Patil Education And Welfare Trust'S Institute Of Polytechnic And Technology,60.90215405980898,55.19040235705988,76.81282388200326,64.73649028418802,20.0
Kc College Of Engineering And Information Technology,60.89571830911115,58.46618800195319,57.68308576210171,76.37011412776984,20.0
Om Engineering College,60.890538344806075,56.19733774640298,62.810449699995424,80.58539746920103,20.0
Mam College Of Engineering,60.88134521397352,53.64938235703519,69.36846545999794,70.98818329942969,20.0
Rajalakshmi Engineering College,60.88052369470799,57.05795301729306,60.35241632905381,83.13262173230189,20.0
Metropolitan Institute Of Technology And Management,60.880474168543785,70.08628283971578,63.5432594387285,57.01337304556032,20.0
Devi Mahalaxmi Polytechnic College,60.87921306063129,50.26960457821378,64.43358848938523,80.61173923244975,20.0
Gharda Institute Of Technology,60.8791925624476,60.529598803296594,71.96758429871647,68.99347121820814,20.0
Birla Institute Of Technology Extension Centre,60.87840488784059,78.45488083016215,53.61352594796367,59.35513208858637,20.0
Dharmsinh Desai University,60.87602943621046,75.84173360834177,40.17018176459107,82.0795961869483,20.0
Wellfare Institute Of Science Technology And Management,60.872904185237424,62.27988551460683,57.624067199812295,77.1438894594056,20.0
Ss College Of Engineering,60.8725745895273,79.61510961806894,44.23062440479713,63.22989734523506,20.0
Sr Institute Of Management And Technology,60.87046073036532,75.02167382352208,61.05614696821242,54.4230800243289,20.0
Ies College Of Engineering,60.865205563627754,75.0038275910574,40.207369560890704,74.91726379000053,20.0
Advanced Plastics Processing Technology Centre,60.86378532022495,74.98366639244206,56.940139770497694,68.92486437935851,20.0
Mar Baselios Christian College Of Engineering And Technology,60.861379591207815,52.40003702316093,68.34436306196741,78.50702185719769,20.0
Abdulkalam Institute Of Technological Sciences,60.85539341973812,68.35639131447061,45.546638182785,73.62363423847677,20.0
Mother Teresa Institute Of Science And Technology,60.85412913406786,65.46209879192898,51.11249580948419,81.11287813646513,20.0
Tagore Engineering College,60.85093288301546,70.30393879459413,62.61721662588612,52.3498634537273,20.0
Om Institute Of Technology,60.84864744822405,68.01812875118615,57.304782231007565,61.221058761506605,20.0
Ramgarhia Institute Of Engineering And Technology,60.847941599993916,43.96475165975999,83.7982049116111,70.46192674181094,20.0
Quantum School Of Technology,60.84064971112774,40.19204352407605,73.63654230989138,84.17608852301294,20.0
Rn College Of Polytechnic,60.836457293023955,67.4804765148842,75.88234712318959,55.99171752369248,20.0
Mrk Institute Of Technology,60.83336415893649,79.19149817691984,56.121221504248695,51.94382121806166,20.0
Proudadevaraya Institute Of Technology,60.831866055577706,57.202886093709566,73.14445600532807,64.69634088855004,20.0
Laxmipati Institute Of Science And Technology,60.829097521233265,53.38794375068808,77.97423729183015,54.04315443162159,20.0
Sureya College Of Engineering,60.82736691464987,49.20299092273699,73.9517475790211,69.48459614165215,20.0
Cu Shah College Of Engineering And Technology,60.82474913098721,79.95877446266331,42.011445719805856,68.12955358684582,20.0
Princeton College Of Engineering And Technology,60.82319357264934,51.99625719567555,74.62350693290229,64.14143731098129,20.0
Sreenidhi Institute Of Science And Technology,60.82305377012771,49.38579380501999,75.07332984312397,77.82251505829761,20.0
Vitthal Patil Polytechnic,60.82199300893109,46.111297209741856,67.04379862318271,80.5160598790605,20.0
Sri Aravindar Engineering College,60.818328906512505,79.07489071555861,52.42782255091279,54.39780088493897,20.0
Loyola Institute Of Technology,60.81750277482816,52.16085512452214,68.72935790987958,76.1679679299965,20.0
Bhagwan Mahavir College Of Architecture,60.81569967595837,69.69570343434796,51.34233307514266,76.86155418845843,20.0
Anjuman-I-Islam'S Kalsekar Technical Campus,60.81381075739519,75.38772858707607,63.90975050491341,62.94225844035829,20.0
Mvj Polytechnic,60.8122954101035,71.73672851428574,58.4296943673145,54.84560716490555,20.0
Guru Gobind Singh College Of Engineering And Research Centre,60.81049139045644,71.90629772283052,46.05533144252461,79.99313382819304,20.0
Amruta Institute Of Engineering And Management Sciences,60.81023373389768,44.49010269667653,71.79563646409781,78.31553844605989,20.0
Maharana Institute Of Professional Studies,60.80977294432198,68.91241225035097,57.0256605142199,62.80654815556471,20.0
Csi College Of Engineering,60.80830693925612,71.84025268608089,63.06390695490583,50.73024300552538,20.0
Thakur School Of Architecture And Planning,60.8079982781897,64.29924386926132,73.49663499705673,52.262772446790535,20.0
Kcc Institute Of Technology And Management,60.79970372716403,75.0128300530602,45.14136687972776,64.80689388622234,20.0
Sir Chhotu Ram Institute Of Engineering And Technology,60.79847179491229,62.125527572060975,56.01985535597551,77.548006375372,20.0
Adarsh Institute Of Technology And Research Center,60.7930582965335,66.89962151112016,52.67386281603734,71.75099098819277,20.0
Gd Rungta College Of Engineering And Technology,60.788456481693295,73.25221319247157,49.02884722964711,61.58103403444897,20.0
University Institute Of Technology,60.78826401042558,75.20815519611651,66.5783576823339,51.18640721558052,20.0
Roorkee Institute Of Technology,60.78741812484165,56.6842768236526,67.74833393589998,66.83770993815246,20.0
Takshshila Institute Of Engineering And Technology,60.782127372673656,47.695812507388,69.99702673678122,78.35689825793867,20.0
Providence College Of Engineering,60.78196771624405,74.18044279871387,47.8019651723998,63.28558834060982,20.0
Marathwada Mitra Mandal'S College Of Architecture,60.7809664476608,57.50825913301121,71.37100024181429,65.7012787474905,20.0
Rajaram Shinde College Of Engineering,60.77931490527513,65.12312959972255,51.74612629616609,75.28673966543319,20.0
Nshm Knowledge Campus,60.778331378487714,52.4942950255852,66.45895688189799,79.45945751109464,20.0
Pacific Institute Of Technology,60.7779283105471,60.44323292124973,59.61470691630653,72.03744403646726,20.0
Nadgir Polytechnic,60.77375952961575,71.79922082854982,54.09484477844348,56.17080191616347,20.0
Rp Sharma Institute Of Technology,60.769926395458434,76.31463257610827,44.68847355836725,64.80160137616387,20.0
Madhu Vachaspati Institute Of Engineering And Technology,60.76473039784012,46.36286831724048,82.74028817036829,64.55575394575833,20.0
Roland Institute Of Technology,60.76415572792038,59.89869490458845,75.26113388877039,53.316118837634704,20.0
Gurukula Kangri Vishwavidyalaya,60.762308909873,75.99560965616041,61.33644771732003,84.683446349126,20.0
Surya Engineering College,60.75987057799692,69.59204117861435,56.51974357794552,60.25124565768735,20.0
Shree Ram Mulkh College Of Technical Education,60.75519969738049,49.73106387560191,65.19413350264414,80.70552833448937,20.0
Velalar College Of Engineering And Technology,60.748556684401834,60.57878735261323,63.30053148221515,71.6122207389868,20.0
Pratap Institute Of Technology And Science,60.74223601742732,77.56593458997537,53.5720061391705,52.83493353992176,20.0
Muthayammal Polytechnic College,60.73757636847545,68.26477716609668,45.85783050710607,84.27693944836676,20.0
Up College Of Polytechnic For Research,60.73007002171253,64.66745309718524,51.140648606533645,80.73293609391754,20.0
Beant College Of Engineering And Technology,60.72808361706321,69.62065924083281,77.2443144525765,52.91037277559803,20.0
Bhai Gurdas Polytechnic College,60.72188707719242,70.32750378144169,49.01331654722718,70.56956836053703,20.0
Aishwarya Polytechnic College,60.72123401143539,55.421336966183055,79.43376394594712,53.63875764911248,20.0
Sri Mahalakshmi Polytechnic College,60.72052142457195,60.84090591081993,76.69838116869872,54.19392438988275,20.0
Sree Ernakulathappan College Of Engineering And Management,60.71671508433505,71.75944316079256,54.22517505113415,54.67273462000659,20.0
Mother Theresa Institute Of Science And Technology,60.716622232407616,59.293023695698096,63.97095214474368,64.54169821720633,20.0
Sree Narayana Gurukulam College Of Engineering,60.71636821042173,49.67909978937597,63.87876392940829,84.76327513897917,20.0
Adamas Institute Of Technology,60.71302960614723,77.09182815572865,49.78116263263576,56.47662907783717,20.0
Surya School Of Engineering And Technology,60.71024215993393,77.54935623380219,51.87049263563574,50.44422687813714,20.0
Trident Group Of Institutions,60.70841744084488,66.29404934971612,46.068462304954686,75.64207121093736,20.0
Exalt College Of Engineering And Technology,60.708257309099764,79.46166362532452,46.905660579583056,50.43608660370484,20.0
Islamic University Of Science And Technology,60.70611716150643,58.905863535603885,69.03294347929427,66.5348926432509,20.0
Shreejee Institute Of Technology And Management,60.70457961743721,60.02835764494522,70.44239328857313,62.1745551043867,20.0
Misrimal Navajee Munoth Jain Engineering College,60.7039298254565,67.37789837078815,54.06844985862245,71.46935294796259,20.0
St Peter'S University,60.70232936289429,67.37766579951527,63.015275495216784,50.32175609796527,20.0
Bcare Institute Of Management And Technology,60.69965057284991,60.50124015680752,57.04659501530496,80.4017308388342,20.0
Sri Ramakrishna Mission Vidyalaya Polytechnic College,60.69435615123277,74.61231182516869,58.39462593646341,58.0229218597716,20.0
Marathwada Mitra Mandal Polytechnic,60.690024360993725,60.73084743222808,77.09374781765212,63.07930848493076,20.0
Meenakshi College Of Engineering,60.6875384936571,60.96005981399036,49.38908785616347,83.96620796101361,20.0
Shri Shankarprasad Agnihotri College Of Engineering,60.68728502223678,65.74759978466011,77.24344825181785,58.18414234422739,20.0
Kamptee Polytechnic,60.68004417604422,69.59627692577106,58.42598351258401,56.615533108150494,20.0
Hrh The Prince Of Wales Institute Of Engineering And Technology,60.67776812548925,71.22875471413415,69.30559294927545,58.00246632006477,20.0
Orissa School Of Mining Engineering,60.67739932486231,54.93444569110587,70.7176612268338,82.72763030405318,20.0
Vishnu Lakshmi College Of Engineering And Technology,60.67350258083291,67.09288351196598,50.88372210400995,65.05865993352276,20.0
Stani Memorial College Of Engineering And Technology,60.6695522895433,48.379084931783325,78.9886868625668,63.68029122722736,20.0
Jawaharlal College Of Engineering And Technology,60.66879464960486,58.85966621978197,67.72642310130557,64.04271788032352,20.0
Ansal University,60.66672679520542,53.58347341712635,75.68597364619131,67.09553585568155,20.0
Pravara Rural Engineering College,60.66668937157566,58.69209152438061,61.18893836357341,79.47233712785498,20.0
Veludaiyar Polytechnic College,60.66397775691544,56.69395693894021,81.58676278392858,57.881512496570586,20.0
Delhi Institute Of Technology,60.65823738442639,58.18357445563147,58.44857406172223,76.35826712856787,20.0
Maha Barathi Engineering College,60.65348092668913,70.0526059170833,57.80773412573802,63.76542912201635,20.0
Shanti Niketan College Of Engineering,60.65209884671244,66.37099899157343,56.497140784973794,59.14665491006879,20.0
Oriental Engineering College,60.650491325099786,44.01898280048609,78.80827228815872,81.66602088772325,20.0
Vaishnavi Institute Of Technology,60.64800034835922,65.0390864175163,53.81965872135518,69.5084820556739,20.0
Ram Singh College Of Engineering And Technology,60.6448993662243,55.99091341307536,67.40263463405068,80.29936637140364,20.0
Ansal Institute Of Technology And Management,60.64281199297092,64.61608942414946,75.78893053308526,54.047146042565856,20.0
Doon Valley College Of Engineering,60.64276901835393,76.03374025361981,46.27297494635521,60.8427042156307,20.0
Thiagarajar Polytechnic College,60.64110523159044,78.91491775693748,59.07516254404,51.75259668023637,20.0
Vpmp Polytechnic,60.64046052940984,73.10388118759886,56.12429240952802,65.36297710279563,20.0
Pes Institute Of Technology And Management,60.63798562373931,61.54690210455844,55.71998416186408,81.0230499396578,20.0
Baba Kuma Singh Ji Engineering College,60.635947072369206,64.24705778790027,72.33050630060355,59.30640102101477,20.0
Chandubhai S Patel Institute Of Technology,60.63562335670346,58.9496889036204,72.01377390113981,65.16202328951691,20.0
Global Institute Of Architecture,60.62947641079335,64.65782015922339,54.434679049382126,72.32449197603464,20.0
Kalpi Institute Of Technology,60.626023408068825,79.52040179235287,40.369585975093706,68.42775085137978,20.0
Al Ameen Polytechnic College,60.62539181110159,78.8419624275439,42.07167127839456,70.86690365047015,20.0
Templecity Institute Of Technology And Engineering,60.62492115417278,57.34391033184221,72.953308958149,71.55376258852053,20.0
Vjp Polytechnic College,60.62475930567606,57.06496445103242,65.91174232821547,65.12318279721703,20.0
Karpaga Vinayaga College Of Engineering And Technology,60.62195787771294,58.49263052131192,69.68369141028259,64.62538664716313,20.0
Jeppiaar Engineering College,60.62104577605177,74.8091074032456,42.45178513968612,74.74223915940894,20.0
Babasaheb Bhimrao Ambedkar University,60.61605763108726,74.11857983899723,62.09028658736491,59.50492880073128,20.0
Dreamz Polytechnic,60.61323986813988,66.7675739951413,52.07110630181936,66.8713489650869,20.0
Matoshri Aasarabai Polytechnic,60.60997662172501,68.15723918749505,58.11600554816611,66.21117494355877,20.0
Alice Institute Of Technology,60.60823529239315,53.8989755938387,80.67731757725515,57.114066693908725,20.0
Jagruti Institute Of Engineering And Technology,60.603643932819715,67.13486235656046,46.00384510307811,73.86015512428139,20.0
Scad College Of Engineering And Technology,60.60254313041775,77.15846647236349,45.68946052123888,61.94078882775342,20.0
Vellore Polytechnic College,60.600429376311624,62.43275498952136,69.55970248209877,57.21858463133724,20.0
Rd Engineering College Research Centre,60.59887511448295,68.19606691986135,56.31189987856794,63.09526668671285,20.0
Jain Institute Of Technology,60.59469844923419,50.33182743676636,82.7327355563433,60.49244376996535,20.0
Mahakal Institute Of Technology,60.594135187384026,50.41753546798863,76.99618239211625,68.96286553851957,20.0
Agnos College Of Technology,60.59352707784957,75.91664764694632,40.29313944067966,72.95847644007502,20.0
Kumaran Institute Of Technology,60.59294015955781,63.466634954811255,45.11672147889068,80.43227924654413,20.0
Bhargava College Of Engineering And Technology,60.5872280521714,43.91602442778353,70.10747471306038,82.90410594334884,20.0
University College Of Engineering,60.582959202198,71.04937289618091,54.720818270100416,59.655996792347686,20.0
Lakireddy Bali Reddy College Of Engineering,60.580711909026334,57.76988629052855,79.78294991290605,54.0216557087324,20.0
Dr Bhimrao Ambedkar Engineering College Of Information Technology,60.580308624699065,79.94667174093533,43.38479976050922,63.23841908644831,20.0
Jld Engineering And Management College,60.57247896781218,54.06607045762296,64.4389395107078,73.70701492762444,20.0
Kakinada Institute Of Technology And Science,60.572452800129405,64.2154126939684,71.92694098277411,52.32004292663428,20.0
Birla Vishvakarma Mahavidyalaya,60.57209666934816,79.0423355963414,57.91769303494303,54.23571142406519,20.0
Msme Central Tool Room And Training Centre,60.57177780348325,72.36775998434655,60.07826505903796,54.54706127816188,20.0
Yamuna Institute Of Engineering And Technology,60.560815479303315,67.13129763121808,66.10032031379453,51.56492401961855,20.0
Tamil Nadu Dr J Jayalalithaa Fisheries University,60.55780894519789,72.09613226261354,58.88255777309405,52.72691583047386,20.0
Balaji Institute Of Engineering And Management Studies,60.555312526450535,69.93615149596516,42.20954655081653,76.7075534604241,20.0
Sree Visvesvaraya Institute Of Technology And Science,60.55391260010249,60.05078486576103,63.14942935090972,64.99820342320196,20.0
The Kavery College Of Engineering,60.55085400675979,53.04201971401823,56.44484749256366,83.47586386494997,20.0
Raipur Institute Of Technology,60.549125053497455,65.82887339670376,51.36717730921429,70.00549455770084,20.0
Shree Tapi Brahmcharyashram Sabha College Of Diploma Engineering,60.545074818797666,78.1567181298298,49.680129902901726,68.73563664157375,20.0
Institute Of Knowledge College Of Engineering,60.544358122100604,43.6296470032876,80.5006425164797,70.44183488215899,20.0
Navsahyadri Group Of Institutes,60.542190480289676,72.13248440253085,47.707863654521525,65.39106639809748,20.0
Solamalai College Of Engineering,60.54096260564075,56.10006247722694,74.64711356742524,55.84527941834431,20.0
Bhaskar Engineering College,60.53685153120185,54.0820276161571,71.80485222677846,60.112371088589015,20.0
Maharana Pratap College For Women,60.53614832267563,58.35846302511028,57.186485343076015,80.52211748924476,20.0
Bhabha Engineering Research Institute,60.5338900039125,74.07471785567242,40.49654230075225,70.90008793970027,20.0
Jspm Narhe Technical Campus,60.52554766659205,77.77895824246943,48.65246864537821,62.97799946045144,20.0
Indian Institute Of Information Technology Allahabad,60.519911657754406,77.68389492131152,51.62982497979797,68.70165375828043,20.0
Jodhpur Institute Of Engineering And Technology,60.51212141502776,47.45181403091105,78.15358518977459,64.04571110964349,20.0
Central University Of Punjab,60.51118062598567,49.1343192190765,74.56020048356797,70.88926787911527,20.0
Kct Engineering College,60.509232526285004,77.64961298579607,44.40499214610868,60.23029533937765,20.0
Veena Institute Of Technical Education Women Polytechnic College,60.506011926310016,44.88450048379602,80.50294186942327,73.96939695058313,20.0
Swamy Abedhanandha Polytechnic College,60.50205883164963,75.71532058827432,58.80149658027548,58.64781195178918,20.0
Technology Education And Research Institute,60.4963541984072,75.39218016284734,57.74379364665956,53.66850044029736,20.0
Mlm Polytechnic College,60.495552447202684,63.367652239487846,59.50079234754413,70.18896203866693,20.0
Swami Parmanand College Of Engineering And Technology,60.483556683460414,64.85556853759701,67.89991980298839,53.323494172523,20.0
Kmg Polytechnic College,60.483057410143914,66.6139206358828,44.476168310829365,79.52036187220827,20.0
Krishnasamy College Of Engineering And Technology,60.481970376307686,77.95309980738503,48.72995683117336,58.932406139812336,20.0
Asian School Of Technology,60.48108305963854,47.48168567312057,83.83715662139639,69.82011700747779,20.0
Vivekananda Polytechnic College,60.478700005053966,67.94725546013822,59.099633235943465,73.0184504909253,20.0
Angadi Institute Of Technology And Management,60.477879642977335,69.07149023157766,58.28157841612594,60.74204863931647,20.0
Aalim Muhammed Salegh Polytechnic College,60.47679103733811,66.39130876761587,56.70745850288425,71.96521390918505,20.0
Kakinada Institute Of Engineering And Technology-Ii,60.4655932492026,77.27618289450098,47.215280390825015,59.00475779756382,20.0
School Of Architecture,60.458416403328435,55.8011899798808,63.72313068294388,77.21693593878055,20.0
Universal College Of Engineering,60.44817175155079,66.98553910688395,62.14817150000064,63.00627035745028,20.0
Sagar Institute Of Research And Technology-Excellence,60.4460941345578,46.02344600854988,83.0248123412605,69.03272271374853,20.0
Maharaja Agrasen College Of Engineering And Technology,60.44524707407865,66.70587718404511,56.74312784678044,63.2806626895384,20.0
Pdm University,60.44070487980807,50.52693627590328,66.82998131907517,74.81247619674143,20.0
Guru Gobind Singh Polytechnic,60.43652001844704,55.33425547645223,84.75246347017381,54.10284278841453,20.0
Pe Society'S Modern College Of Engineering,60.430343976127155,71.01854044082296,40.73098031610829,84.01848583973222,20.0
Royal Polytechnic College,60.43023665610674,74.5085903350033,51.18444273612411,57.86355905642952,20.0
Kj Somaiya Institute Of Engineering And Information Technology,60.429102045482196,54.06728397696965,74.24701795594703,70.31589668202595,20.0
Delhi Engineering College,60.42796466799976,47.34280213609165,73.27988056971107,76.70246763758999,20.0
Seethi Sahib Memorial Polytechnic College,60.427037820857755,48.836567819589504,76.4367556357758,78.72215011055332,20.0
Shri Chimasaheb Jagdale Institute Of Technology,60.42337202322591,69.98928446377872,57.02571445543293,60.16716455240872,20.0
Vedavyasa Institute Of Technology,60.42077926657033,71.44811849643736,40.90841179930688,71.89542439607469,20.0
Rural Polytechnic,60.418959612667074,74.72878875834556,42.37714357134115,78.1182931014847,20.0
Dr Nagarathinam'S College Of Engineering,60.41556633090234,50.56640860152174,63.43088013009708,77.07667261086571,20.0
Jv Mandals Polytechnic College,60.4112758460941,40.48327069414316,83.23378583182964,69.75165750160002,20.0
Dr It College Of Polytechnic,60.40483164549685,79.28996152383573,46.313438610628246,53.26552654005837,20.0
Bharath Institute Of Higher Education And Research,60.403813865272994,55.54415151473137,71.46417505312209,62.947869827042,20.0
Vj Shinde College Of Engineering,60.40373669347074,70.892393358246,43.81580198039112,67.65726045961416,20.0
Star Lion College Of Engineering And Technology,60.40169405514827,70.57867774762005,45.82371247836745,69.98472319439271,20.0
Sr Group Of Institutions,60.3985919724357,61.39898325208914,54.80485343034796,71.49825478961242,20.0
Millia Polytechnic,60.39658311141417,78.54681972050204,40.890189634065806,68.95954505162314,20.0
Mam Polytechnic College,60.394655765739856,68.9800183296494,51.94000661323594,66.84433240453542,20.0
Lbs College Of Engineering,60.391325468324,59.151937803075214,64.23629961689039,78.20879459610144,20.0
Chhattisgarh Swami Vivekanand Technical University,60.383347033887546,60.21797120707508,49.39046039564924,77.2401856898134,20.0
Jp Institute Of Technology,60.376689724901865,47.36889112426883,75.500929903756,64.87051506253165,20.0
Raja Desingh Polytechnic College,60.37319819755302,47.66296617578653,71.85911956716143,80.78098594459505,20.0
Pr Patil College Of Architecture,60.37282928423103,45.42672016122166,84.5750661386815,64.60016603385468,20.0
Aky Polytechnic College,60.372472239764264,40.78268705923558,79.76293707190565,76.56721750527753,20.0
Ke Society'S Rajarambapu Institute Of Technology For Polytechnic,60.371116450437675,76.88016391260226,45.91840222461748,63.51596684909079,20.0
Bhagirathi Institute Of Technology And Management,60.366557337277655,47.710627691247645,78.76917393674785,63.02213063580092,20.0
Rewa Institute Of Technology,60.359347118135425,59.893969958592834,44.00630849473944,84.49592565271112,20.0
Central Tool Room,60.354164880940964,55.28393002376713,62.18881585191852,81.89102999155413,20.0
Lord Krishna Polytechnic College,60.35111394472459,44.26889707114275,76.52327661391453,72.69754119701877,20.0
Divine Institute Of Engineering And Technology,60.34811465605533,69.25873231564051,67.38357353928588,65.19292727673498,20.0
Nadgir Institute Of Engineering And Technology,60.345693713081786,61.93812159815892,54.65833354449544,77.30091753522662,20.0
Sri Venkatesa Perumal College Of Engineering And Technology,60.334928614370234,52.968081589461946,76.17505672392139,61.66845565449354,20.0
Bengal College Of Polytechnic,60.332671649752164,71.08760271365217,47.930235900635935,74.53680595107471,20.0
Kishan Institute Of Information Technology,60.327640977375786,60.55920167358171,49.14373089401242,79.28285142340806,20.0
Phaltan Education Society'S College Of Engineering,60.31441695412707,63.04479993071261,45.77431999824506,80.26488188096485,20.0
Builders Engineering College,60.314361270460495,57.98535139124114,54.65675143113137,79.92554273203488,20.0
Dr Dy Patil Polytechnic,60.31120103058744,58.66933788662341,82.32521965210262,64.49881752340708,20.0
Indira Gandhi Technological And Medical Sciences University,60.30920405903929,67.19349649472531,78.70493025914607,71.94710737167316,20.0
Indus College Of Engineering,60.308579704975706,46.77997815338048,67.70599418111227,82.23696150096647,20.0
Anurag College Of Engineering,60.30729707323451,53.53262426576653,82.64406577352796,51.12693726143102,20.0
Omm Muruga Polytechnic College,60.305979096872115,77.1130131111556,41.32807344613166,79.03629642126813,20.0
College Of Agricultural Engineering And Technology,60.30587053002549,68.93144354863307,41.39820202074733,80.7579629464652,20.0
Bengal College Of Engineering And Technology,60.301930043838986,67.29377157760482,52.47610679939373,73.56219746230843,20.0
Saroj Institute Of Technology And Management,60.30107571656844,50.76911547892496,69.46866290238833,72.8137035152225,20.0
Aryabhatt College Of Engineering And Technology,60.2966933283679,61.95373507434804,58.522082498657,71.15283457102237,20.0
Aurora'S Technological And Research Institute,60.29593758574961,75.66795073037156,47.83983077857556,60.59476693305748,20.0
Amity Institute Of Biotechnology,60.295194176364646,60.91059697433192,60.10296276000523,66.93483034689632,20.0
Jansons Institute Of Technology,60.29324587366474,52.31391188455897,82.58605528291483,50.77211810338165,20.0
Rustamji Institute Of Technology,60.291144264795406,54.78877392842283,83.61970913975604,78.29281332144502,20.0
Ambedkar Institute Of Advanced Communication Technologies And Research,60.290396593948,62.52968681213386,63.53003133783716,75.60571674824001,20.0
College Of Engineering And Rural Technology,60.286266664272375,72.41876787802946,52.30866864279004,54.81863035136593,20.0
Jnana Vikas Institute Of Technology,60.283755171309,47.61431128685831,78.67764511666877,62.04675945105672,20.0
Radhe Institute Of Engineering And Technology,60.28087149270364,68.93308637364714,58.25451048935675,63.33282405248075,20.0
Rajasthan Engineering College,60.28051684991937,57.54115463327903,67.70100509593004,62.77710422634715,20.0
Biju Patnaik University Of Technology,60.27127859349125,71.95986670166597,40.343453721415045,83.59031399811786,20.0
Matu Ram Institute Of Engineering And Management,60.27120551348283,57.11953111319758,74.63836866224389,63.156836972963546,20.0
Acharya Shrimannarayan Polytechnic,60.27088878791098,64.53148145906232,63.11989358961304,77.76026470148523,20.0
Sri Prakash College Of Technology,60.26449097085164,73.81140222335173,49.50765340638611,65.39683292276564,20.0
Leelavati Awhad Institute Of Technology And Management Studies And Research,60.26373593967038,71.4229681185335,49.57222217268511,63.21243751135157,20.0
Gd Goenka School Of Engineering,60.26195824789021,70.56516677922369,60.0049256347684,61.31639469272258,20.0
Chhattisgarh Institute Of Technology,60.261842836667206,62.48934423486488,50.23905030728351,74.90552114595565,20.0
Ilahia School Of Science And Technology,60.26055537969065,64.6501324379686,55.320216965238046,66.38140800255476,20.0
Sanketika Institute Of Technology And Management,60.25976811968684,40.91500889359193,82.24305419862156,66.72056045940144,20.0
Al-Ameen Educational And Medical Foundation'S College Of Engineering And Management Study,60.2533025832879,64.20451361056115,58.04728340094255,62.126888599551954,20.0
Kmct College Of Engineering For Women,60.24968902662481,58.596782232426726,57.30770872901269,72.8740572364046,20.0
Nawab Shah Alam Khan College Of Engineering And Technology,60.246185189663514,50.356714693526506,71.68596818117578,66.11980839613716,20.0
Babasaheb Naik College Of Engineering,60.24490833327885,77.71393941479792,42.21930512527145,74.70973839739884,20.0
Vishwakarma Government Engineering College,60.24171079155215,59.09816123369506,71.76407015339122,66.93687299396294,20.0
Shri Rawatpura Sarkar Institute Of Technology,60.24147499187278,55.35764246750692,74.78062488208744,53.70478117570889,20.0
Mahatma Gandhi Universe Institute,60.241023634024124,78.85155118786864,63.88273061481475,60.88938597274801,20.0
Bandari Srinivas College Of Engineering And Technology,60.23904627050629,51.79325381055891,63.36880049708298,74.90426256744422,20.0
Rajeshkumar Wadhawan Polytechnic Institute,60.23810408280468,40.34812001689797,77.14415949698895,81.94216203190841,20.0
Ashoka Institute Of Technology And Management,60.23779488805481,73.74958605459443,45.43888066957226,60.149756735553446,20.0
Vinayaka Mission'S Research Foundation,60.23613709579448,43.031782175454495,72.2985632922949,74.75898700205947,20.0
University Bdt College Of Engineering,60.23452508379043,73.03570772495533,49.221283345293,75.62308463742804,20.0
Alagappa College Of Technology,60.23002545693379,40.53476736578212,79.17950680087458,78.86342920611469,20.0
Younus College Of Engineering,60.22918076680959,46.10730309742116,81.3513930011255,76.26322533091076,20.0
South Point Institute Of Technology And Management,60.22662649602933,51.03245963194064,63.7536665527062,80.03598216747983,20.0
Indira Gandhi College Of Engineering And Technology For Women,60.22436440715393,68.14769705207866,47.92489123168424,68.0948440245318,20.0
Arjun College Of Technology,60.22397278229166,77.14281980912062,51.44332043981701,51.341444301826016,20.0
Sir Cv Raman Institute Of Technology And Sciences,60.220434053279305,60.60102101146707,69.21070456100793,55.34104111853896,20.0
Annai Veilankanni S College Of Engineering,60.2184080801429,65.78044899430616,44.42009933275951,82.09224912348822,20.0
Princeton Institute Of Engineering And Technology For Women,60.2091739143274,55.51882827804165,73.41209419730151,56.50364488728035,20.0
Gujarat Forensic Sciences University,60.207356989702475,51.21516068968017,83.78750879400945,61.61821150098146,20.0
Vaagdevi Institute Of Technology And Science,60.20721633705075,57.85817227008404,55.73344324120603,82.95735779271726,20.0
Marudhara Polytechnic College,60.20674050945124,50.7862171677927,74.93981346497748,70.87294315483679,20.0
Sri Balaji College Of Engineering And Technology,60.203258163105765,76.82478158456192,41.11022549585552,74.38542244479274,20.0
Lucknow Model Institute Of Technology And Management,60.200831492012156,76.32862104933344,46.73870631382873,52.86559384334733,20.0
Vardhaman College Of Engineering,60.199669534001316,58.78440457072058,76.91783362919256,52.65673624941654,20.0
Avanthi Institute Of Engineering And Technology,60.19661080131969,41.7889033185304,75.06796669084727,79.671400322907,20.0
Achutha Institute Of Technology,60.19487428424287,48.543925051921306,75.61718850993086,72.23247015969827,20.0
Sri Mittapalli College Of Engineering,60.19193351190512,59.29051748896372,50.36360816842956,83.27091805117855,20.0
Bhubaneswar Institute Of Industrial Technology,60.18954242419141,71.16757412735707,59.22614609305424,58.42789586415763,20.0
Doon Institute Of Engineering And Technology,60.1882929575012,41.33060071646736,78.99929891343263,70.77517881905551,20.0
Padmashri Dr Vb Kolte College Of Engineering,60.18812016469241,46.2670518409688,81.98324994465295,63.02891230099498,20.0
Psr Rengasamy College Of Engineering For Women,60.18647436734743,71.8216133089572,40.445293626220376,73.46354463139346,20.0
Jkk Nattraja College Of Engineering And Technology,60.18076250719846,65.86309144747302,49.33151851744235,76.72082461897168,20.0
Sasi Institute Of Technology And Engineering,60.177947745187886,61.48165024693702,58.14378908083813,73.14332897938367,20.0
Jss Polytechnic For Women,60.17469014116091,54.21503074460098,78.2110217725002,82.23499893094039,20.0
Defence Institute Of Advanced Technology,60.17400908167234,62.52438027233845,58.2436134494255,75.22443338608761,20.0
Lukhdhirji Engineering College,60.173999067180475,54.87513474282055,70.17118135536089,74.02957267017749,20.0
Its Engineering College,60.169798514690164,64.03950399692495,66.7619926760869,57.8279376460547,20.0
Sir Vishveshwaraiah Institute Of Science And Technology,60.16676998116168,55.24096572110743,77.7166629097031,53.62332666164826,20.0
Matoshri Institute Of Technology,60.164773882092604,72.0825684696899,58.54992110003495,57.500377570481575,20.0
Csi Institute Of Technology,60.16331906159799,70.58432223300619,51.60863303059777,61.23230153706817,20.0
Nss College Of Engineering,60.16260771327249,61.63229193797683,62.05742663402876,71.86333494200716,20.0
Gnanamani College Of Engineering,60.160758383567384,42.51344851240305,83.0708797110802,64.4013669738334,20.0
Aryabhatta College Of Engineering And Research Centre,60.156838864596125,40.48400966487354,83.88478153124848,68.80212033749851,20.0
Sri Ragavendra Polytechnic College,60.15680276550768,77.97081842525023,44.68274011682771,67.91586130439089,20.0
Sinhgad College Of Engineering,60.1556713091741,50.39037383933463,69.68541504369304,79.81996560401222,20.0
Hr Institute Of Engineering And Technology,60.15401688357488,60.77116840424804,64.2734346799221,63.29714689708425,20.0
St Joseph'S Institute Of Technology,60.1534386975841,63.391907037162056,57.88472044475802,74.13163946344949,20.0
Kanchan Polytechnic,60.15291006071706,54.64482635047467,60.47943992936132,79.3301279395322,20.0
Lbs Centre For Science And Technology,60.14668129538941,68.40239165887776,62.332599316425096,54.32430428659213,20.0
Farooqia Women'S Polytechnic,60.14666787693387,62.15822547152621,50.99177458877149,74.65096986791266,20.0
Bms Institute Of Technology And Management,60.13534909419644,58.63886132319047,60.78437609289497,67.06874037490236,20.0
Shanti Polytechnic,60.13515581656612,67.13536380772182,51.08670696917369,67.82997564411946,20.0
Paladugu Nagaiah Chowdary And Vijai Institute Of Engineering And Technology,60.12846617940196,74.41962402768567,43.33040973364274,61.85687238220631,20.0
Sridevi Women'S Engineering College,60.127486109525734,43.2757076395136,81.17223678672099,73.05973551434415,20.0
Kalinga Institute Of Industrial Technology,60.11988352708836,70.09304402696131,47.11759427050059,74.10385515879649,20.0
Visvodaya Engineering College,60.119600393312155,76.66859401165576,51.66019959774037,56.08795524798887,20.0
Mahabir Polytechnic College,60.11913289067433,58.86084821895636,61.18796483924267,71.5693999579371,20.0
All India Shri Shivaji Memorial Society'S Institute Of Information Technology,60.11901817420847,63.80797990483262,57.33508855411732,83.44287071966535,20.0
Ambition Institute Of Technology,60.11091610879939,49.10290612794533,84.29708159870074,56.30809005763485,20.0
Krishna Institute Of Management And Technology,60.107030809104266,66.2813975116114,55.91176303762335,75.74490820722767,20.0
Pacific College Of Engineering,60.105275705196384,57.306547083962656,67.41900339007688,57.498697241044496,20.0
Sanketika Polytechnic College,60.10122223151602,63.50505142774156,51.9918959506924,84.63152221726864,20.0
Sdm Technical Institute,60.090211087247425,56.82439069070969,60.94764650190498,80.40833853903784,20.0
Thakur College Of Engineering And Technology,60.08635000276851,76.9088608675917,52.61549061225829,63.26411273555011,20.0
Gargi Memorial Institute Of Technology,60.085337649762465,73.2899495180815,61.51168348017717,53.38490530952587,20.0
Nadar Saraswathi College Of Engineering And Technology,60.08497610386184,71.51938385580755,51.05053541105538,61.092746310585134,20.0
Vetri Vinayaha Polytechnic College,60.082022741401545,57.5237409135659,61.43608656683995,75.28723923944395,20.0
Shree Motilal Kanhaiyalal Fomra Institute Of Technology,60.0812171848446,70.4686770010705,54.46280465725568,53.70068548223247,20.0
Narasaraopeta Engineering College,60.07542924285502,65.22917504297787,65.25940001020265,54.651227009990606,20.0
Trr College Of Engineering,60.07312801030126,40.746757209745006,72.39026667245783,77.76042019367394,20.0
Mit Polytechnic College,60.072482144821315,55.43017242894187,65.49619907219454,72.98466148764622,20.0
Bhagalpur College Of Engineering,60.06788464755316,73.61159311995365,75.5107303355633,82.74834710105316,20.0
Sai Vidya Institute Of Technology,60.06264961706645,52.85045918219648,69.52452840110378,72.86974983086604,20.0
Goa College Of Architecture,60.05869087422995,62.497705758414384,72.2944531094484,51.09508467750372,20.0
Bhiwani Institute Of Technology And Sciences,60.05616084475719,64.36335328716407,55.79211448053466,59.32915163425871,20.0
Ultra College Of Engineering And Technology,60.05489619453287,54.0202644010397,53.66283709745756,79.5517042168528,20.0
Sardar Patel University Of Police Security And Criminal Justice,60.0544690719512,50.34136585855475,65.6701853701992,74.95615911070666,20.0
Cms College Of Engineering,60.0497050302591,63.15940358191419,50.59695417023745,70.73271830118335,20.0
Sri Balakrishna Polytechnic College,60.04958617373348,56.32976355608449,66.45506439364542,63.79070349508568,20.0
Beehive College Of Engineering And Technology,60.04857810079953,60.86235255286992,67.66655324018319,51.8120697472426,20.0
Alwar Institute Of Engineering And Technology,60.04034689777052,72.85015056640574,44.99454427641135,63.48545117217325,20.0
Prathyusha Engineering College,60.04029884134745,77.62383702272382,46.93582227058656,58.86192635124927,20.0
Ace Engineering College,60.03255557377469,61.07674018165582,58.96493117883878,69.74444229250015,20.0
Viva Institute Of Technology,60.02233399866339,53.723427756423575,77.98065619452434,63.40008324879532,20.0
Ramanadatirtha Engineering College,60.0221566209845,55.08212127915648,58.130667272470106,81.00250317206223,20.0
Kj Institute Of Engineering And Technology,60.020038990730235,69.19459002004137,47.00542589168005,63.33676427144808,20.0
Rajdhani Institute Of Technology And Management,60.019413331830314,78.28134793545466,43.95621442149978,58.19853772257445,20.0
Vm Institute Of Engineering And Technology,60.017811729442194,75.46233308551804,51.21325443658965,54.40852167344581,20.0
Birla Technical Training Institute,60.0177439615588,64.31796443281655,75.39924493767546,54.78935910546376,20.0
Dr Bhausaheb Nandurkar College Of Engineering And Technology,60.015158542368674,53.28630152447602,78.41097798862346,58.22084462639834,20.0
Thirumathi Elizabeth Polytechnic College,60.015145218490396,67.38502073472326,41.9058127128596,72.56306345587632,20.0
Neotia Institute Of Technology Management And Science,60.01414168348637,63.340395007083615,65.29490393346012,53.48804532740994,20.0
Mahavir Institute Of Engineering And Technology,60.0137123994615,56.987548653156296,64.23039751140958,63.93140834087921,20.0
Sri Padmam Polytechnic College,60.01321465626953,65.73998813234924,54.98196451639837,65.44696563792472,20.0
Christu Jyothi Institute Of Technology And Science,60.00107890920651,65.79915533212383,57.87049518585268,62.571281050488295,20.0
Rc Patel Institute Of Pharmaceutical Education And Research,59.9916388192165,54.33415210888832,59.857870125258586,81.95927405351986,20.0
Late Babasaheb Phadtare Polytechnic College,59.98686660657554,66.19288138965267,69.58426587007376,52.690741779772,20.0
Jlu School Of Engineering And Technology,59.986568507947496,66.77580825145509,70.61424982980553,81.27992467563227,20.0
Sandip Polytechnic,59.98530786924671,74.6766295779837,41.2342288964855,75.96338631657471,20.0
Ishwarchand Vidya Sagar Institute Of Technology,59.98428069935321,54.3315209879227,66.6734097418733,61.62997521183765,20.0
Brahmdevdada Mane Institute Of Technology,59.98423723090622,57.31816137533578,55.308749474127005,80.43722538778178,20.0
Sree Chitra Tirunal Institute For Medical Sciences And Technology Trivandrum,59.98041071031292,53.13863253848183,73.4278377195638,55.48847634355191,20.0
Gems Polytechnic College,59.976365235442096,59.767033629589605,70.33232904943584,52.57773024450693,20.0
International College Of Engineering,59.97564660894802,63.17549913571327,61.25838010019389,58.73541738099299,20.0
Sushila Devi Bansal College Of Engineering,59.97121863772898,59.76854083331169,70.2149894698687,55.72668134729322,20.0
Pacific School Of Engineering,59.97078101816412,46.909669696127445,76.99252147805977,70.30180547436026,20.0
Govind Ballabh Pant Institute Of Engineering And Technology,59.9684420915398,57.62542522453482,72.0867547388625,62.66860262126097,20.0
Indore Institute Of Science And Technology-Ii,59.96815868680208,58.98537042314129,68.78883057289026,54.843275206617925,20.0
Hasvita Institute Of Science And Technology,59.96800112548937,61.500689070493976,65.74735479402094,58.87594724730587,20.0
Narayana Engineering And Technical Campus,59.9573146584043,45.78310662642746,79.40979926483999,66.44135775488488,20.0
Sanketika Vidya Parishad Engineering College,59.954626810631105,60.96943035414358,45.00756068533404,82.38917421764964,20.0
Leads Institute Of Technology And Engineering,59.949399196389564,51.85098172591597,84.16606468235585,59.06738330070712,20.0
Ammaiappar Polytechnic College,59.945787682232336,45.86127954758919,78.52184770664644,65.75082051133856,20.0
Eswar College Of Engineering,59.94343164231407,63.29048804613329,55.93151875345006,66.24960593715272,20.0
Wainganga Polytechnic,59.942237734709316,54.12610712732655,78.31316955732231,51.052539753212336,20.0
Radha Govind Group Of Institutions,59.942137843331444,59.030248931704726,70.35561133936386,53.81043624618511,20.0
Sree Venkateswara College Of Engineering,59.94013809910426,67.8039260810607,48.48342464398024,76.58447766695357,20.0
Vv College Of Engineering,59.94010091543507,41.480406433304566,83.07095036946345,65.78918359484781,20.0
Majhighariani Institute Of Technology Science,59.93860593187721,54.05766761768185,69.70123052558077,60.36208861807311,20.0
Lj School Of Architecture,59.9327153064815,40.58681634777895,84.04174242498443,74.0098150556627,20.0
Ksrm College Of Engineering,59.93241980057197,72.91287341873159,58.24632448665224,51.0759842346395,20.0
Ss College Of Polytechnic,59.931653525059296,56.539083878033445,58.696512515791056,79.28405533986862,20.0
Chebrolu Engineering College,59.931080560291264,71.13645252914029,52.18671041869606,58.718714416325305,20.0
Sree Sakthi Engineering College,59.93003500342358,61.45910797237249,49.44127378021548,80.95779947302685,20.0
Sheth Shri Otarmal Sheshmal Parmar College Of Diploma Engineering,59.92950391859309,59.89401741387894,74.97493565684952,58.91853407014084,20.0
Bs Abdur Rahman Institute Of Science And Technology,59.92785051046732,58.35439502729403,58.64810250426889,79.3877736754989,20.0
Haryana Institute Of Technology,59.92617402763419,43.418365625050704,82.51356210892621,60.47622868100246,20.0
Netaji Subhas University Of Technology,59.925774629397715,71.20841350267897,67.08907297900087,67.66280676242292,20.0
Kdk College Of Engineering,59.92508271065519,78.5051592107879,62.61548082369802,56.971311621457374,20.0
Shri Bhagubhai Mafatlal Polytechnic,59.924163749860824,58.59413463543365,54.60527717220549,83.45784813775917,20.0
Sv Government Polytechnic,59.92111573813775,71.65538645663827,62.39510382448084,70.92301627143108,20.0
G Madegowda Institute Of Technology,59.91857578124093,63.57286409186144,52.91417647068246,73.28102729179135,20.0
Msms Rural Polytechnic,59.91498372674175,41.10664459712148,78.34983266062056,73.71496622817438,20.0
Mewar University,59.912110946253435,57.29511405482213,52.69421647816419,80.69834863206535,20.0
Vsb College Of Engineering Technical Campus,59.9059171227267,51.15574096509695,83.46898348587888,52.19116920236746,20.0
Dy Patil College Of Engineering And Polytechnic,59.902715202032596,50.22454882786837,82.03083198475576,59.42040780509281,20.0
Shri Gulabrao Deokar College Of Engineering,59.89739903816127,56.41430839141952,60.44455388208488,75.23438718313102,20.0
Bharat Institute Of Technology,59.89012112324045,70.49306845518574,44.64452102548926,63.126821671158936,20.0
Sri Sai Educational Society'S Group Of Institutions,59.89008469493763,59.80595629760622,46.44693613640742,79.6180125783205,20.0
Kallam Haranadha Reddy Institute Of Technology,59.888505890419914,49.84371466839178,71.78934002092743,75.2795429423914,20.0
Sunrise University,59.88621653405199,73.63550557287196,44.10344535898059,62.39787581378788,20.0
Hmfa Memorial Institute Of Engineering And Technology,59.868936579052274,77.84839343381623,40.57681639922714,61.89831408004405,20.0
Birla Institute Of Technology,59.86553135232653,52.866463252739706,83.74690976191414,53.43351029670168,20.0
Chaibasa Engineering College,59.86491876218973,67.52041296019122,56.97655915296279,64.52747451925443,20.0
Dr Rajesh Ramdasji Kambe Polytechnic,59.86412966334341,69.80475113180802,42.21215686826599,76.93061754894714,20.0
Hi-Tech Polytechnic,59.86073734532797,52.49963711874485,68.28953046418602,66.58932108853833,20.0
Vdf School Of Polytechnic,59.85790258316652,66.36011299720766,61.261919457816674,50.36413918055919,20.0
Devender Singh Institute Of Technology And Management,59.8547370305818,72.21985967607529,48.34461951263675,62.69715799487801,20.0
Ams College Of Polytechnic,59.85456687863239,62.88824094122056,62.55404920061008,74.51501572507192,20.0
Aravindar Polytechnic College,59.854224519775336,61.090857129955054,49.97092490530899,77.33430512696856,20.0
Bharat Ratna Indira Gandhi College Of Engineering,59.853304208882,54.94739901181675,58.74341671609582,70.76926773551799,20.0
Sun Engineering College,59.84938030855018,55.389046782397656,78.0614368751313,55.4877638083856,20.0
Tkm Institute Of Technology,59.845754220373536,55.01486647577804,67.51747937422768,68.68398634322057,20.0
Patel Institute Of Technology,59.844273373126015,47.32526562322063,68.05144704742813,75.79556149667934,20.0
Khurana Sawant Institute Of Engineering And Technology,59.83895827472034,57.2723614561604,65.23034964222053,59.6501683664227,20.0
Kalpataru Institute Of Technology,59.83714155333439,53.69823521938329,58.94637599787058,81.04427254831859,20.0
Vidya Academy Of Science And Technology - Technical Campus,59.83401506802931,74.62019192999543,48.857641896420304,63.08227111353803,20.0
Jowai Polytechnic,59.83245843239662,52.04139062877806,68.06793062395947,73.41630812691773,20.0
Sreekavitha Engineering College,59.83092597699568,65.54824147672701,55.65818498338918,64.23602142873801,20.0
Sg Balekundri Institute Of Technology,59.83011933689024,40.376840966597904,82.2606997018892,76.43147690543537,20.0
Khalsa College Of Engineering And Technology,59.82896577719584,45.76074389650638,82.87448876298373,60.56313523844412,20.0
Shri Vaishnav Vidyapeeth Vishwavidyalaya,59.82611510230247,77.27689060985676,55.99725824200826,54.62830904661456,20.0
Nitra Technical Campus,59.820197971184875,60.713313330983866,50.47315235319753,84.0927055631071,20.0
Sathyabama Institute Of Science And Technology,59.818911909664656,79.9974631092345,46.397691836880654,59.12899388230112,20.0
Da Degree Engineering And Technology,59.80830696690441,63.56331764025843,55.46956665598763,69.5218007199681,20.0
Arambagh Government Polytechnic,59.80795759727332,54.0532860112788,66.79346099041649,79.91863832148123,20.0
Jecrc University,59.805861057056745,73.68650498966926,44.22138217242259,72.97456037392507,20.0
Get Group Of Institution Faculty Of Technology,59.79830011321217,53.00330595237702,77.39660746187496,56.55691165418361,20.0
Visakha Institute Of Engineering And Technology,59.79729783174227,53.41512735389329,65.41087673993235,68.9951143631255,20.0
Assam Engineering College,59.796294463614096,77.94885121236274,52.380675506161126,56.14903105986436,20.0
Sigma Polytechnic,59.78518774710557,62.86382556554088,58.40109337224643,60.67528922016962,20.0
Kashi Nath Institute Of Technology,59.78271515115334,65.71564890892722,45.35260475721083,79.83299092764018,20.0
Satyam Institute Of Engineering And Technology,59.778963945850634,48.73257549496012,62.99986732985339,77.50607977078036,20.0
Indur Institute Of Engineering And Technology,59.77894934324116,73.63506137441635,44.70425326077528,62.59336086250013,20.0
Sal Engineering And Technical Institute,59.77782458246436,77.49718347324898,43.307514800052346,54.54091243501837,20.0
Maa Bhagwati Educational Institute,59.77253305583939,73.06098068385897,56.06912440110315,53.156420031026784,20.0
Lakshmi Narain College Of Technology And Science,59.77221482635395,65.47887962097113,64.6508374132242,56.61363832216986,20.0
Jei Mathaajee College Of Engineering,59.77113985766269,62.52258486320795,46.98265613478755,73.18401039089387,20.0
Don Bosco College Of Engineering,59.76839249479191,76.25555096487196,41.875383914174726,73.0361111420263,20.0
Guru Hargobind Polytechnic College,59.76593583786797,43.20978388813849,70.58931955823769,73.41034586741154,20.0
Hindu School Of Architecture,59.76480950471294,67.45035983939667,48.45381233330036,74.74304718802468,20.0
Sardar Bhagwan Singh University,59.763001291315526,65.01066928500575,65.20940048624124,75.43675130896835,20.0
Sir Visvesvaraya Institute Of Technology,59.75908048391266,69.21711312578275,41.36288672796091,79.65280433170038,20.0
Chaudhary Mukhtar Singh Government Girls Polytechnic,59.75874558291996,49.50989212072317,62.4582651805806,82.68896671212747,20.0
Techno India,59.75684333361331,57.35377834854213,57.086892804673205,81.6249242143005,20.0
Amrut Institute,59.75398892142508,67.35066565538986,56.82132104014363,75.43347508341239,20.0
Mona College Of Engineering And Technology,59.74984152066951,46.90326646129674,68.22203014162695,79.65800668415866,20.0
Bharati Vidyapeeth College Of Engineering,59.743850313786,73.0507615157361,65.97040153478184,56.86222099348242,20.0
Brahmanand Group Of Institutions,59.74077180869596,62.137400400241766,56.78376072896568,62.345945233764006,20.0
Arunai Engineering College,59.737029560970974,62.2476261861726,65.8041345517936,54.605111282029306,20.0
Oriental College Of Technology,59.73513281557421,48.12792969739547,60.805028503276255,81.322042044878,20.0
Chaitanya Bharathi Institute Of Technology,59.73418084465001,60.01589578674688,80.00919067090611,53.84845955324538,20.0
Aliah University,59.72942455211157,66.62170303846504,81.99292978026105,64.36518610538782,20.0
Chandigarh University,59.72593373843288,64.19133308648387,55.03180841053493,83.36394232538325,20.0
Jhunjhunwala Pg College Faculty Of Engineering And Technology,59.72231105216863,53.10245735164232,73.78217733788962,70.01236966385787,20.0
Chanakya Technical Campus,59.72108359883289,52.16805467168058,66.34631477180162,70.0431576214606,20.0
Syed Ammal Engineering College,59.71915457382228,48.989325627098346,83.91646545046092,55.14014439631393,20.0
Jashodaba Polytechnic Institute,59.71877888213246,77.07942647118995,77.32400732629327,80.37413866050883,20.0
Adina Institute Of Science And Technology,59.71564532428988,77.97736065259794,47.21080519874983,56.002374950683645,20.0
Aurum Institute Of Technology,59.714359229562945,58.18151393636653,46.09072320890313,83.17739533044647,20.0
Hanuman Vyayam Prasarak Mandal'S College Of Engineering And Technology,59.71180522387135,64.36120429871194,49.792345246022336,75.41141565777431,20.0
Csmss Chh Shahu College Of Engineering,59.70834063353759,60.52892869135047,64.6293792426116,64.6311803774806,20.0
Kurinji College Of Engineering And Technology,59.70441274621121,62.85821741309099,64.24405247456882,52.33971871956408,20.0
Velammal Engineering College,59.70391459086643,63.68187334488624,60.5172461537338,62.312684261272125,20.0
Abhinav Education Society'S College Of Engineering And Technology Polytechnic,59.701830863060565,62.04024918432701,52.94091714670145,80.61171453766185,20.0
Sandip Institute Of Engineering And Management,59.699136806338224,52.066684870960245,74.32901441497803,67.74013107322092,20.0
Ballarpur Institute Of Technology,59.69837217149438,57.56516633285553,59.21742736877015,70.59004930152146,20.0
Elumalaiyan Polytechnic College,59.697222729945146,53.756871778020425,62.06270068643612,81.94683663142442,20.0
Shree Ram Institute Of Technical Education,59.68882717267691,69.15030937673136,40.72095835033067,83.11054645301158,20.0
Kle Institute Of Technology,59.688725848892965,43.58985476237071,67.82652369299177,81.22713009398142,20.0
Avanthi'S Scientific Technological And Research Academy,59.687778870753974,72.12908418731496,46.39648768447883,61.88034807618729,20.0
Anand Engineering College,59.684393991019334,47.08766834823515,71.70972359979802,73.83939018724644,20.0
Netes Institute Of Technology And Science,59.6823404446821,48.69173710534739,75.03774946426354,60.57647773405286,20.0
Ayyappa Polytechnic College,59.68198508134839,46.32458492767233,79.0002567731301,70.90847577181343,20.0
Nitte Institute Of Architecture,59.68080342943821,66.31452068859048,58.01805991262603,55.768186276213655,20.0
Toms College Of Engineering For Startups,59.67871276281497,61.76524937603455,71.16200586434196,52.06295793588252,20.0
Corporate Institute Of Science And Technology,59.67845945037898,41.26112325630669,79.37131398061784,74.00691368199969,20.0
Rishi Chadha Vishvas Girls Institute Of Technology,59.674532889286326,64.76529227167077,83.5173646692519,52.270709684904304,20.0
Sai Institute Of Technological Science,59.673301347353814,72.0657183592472,40.230624375699634,83.47905329008795,20.0
United Institute Of Technology,59.672473579031866,54.65575426574328,75.67874201978431,50.865974438325,20.0
Bharat Group Of Colleges,59.671722524768214,41.29435505567078,78.98592218833957,75.50541807440496,20.0
Shetty Polytechnic College,59.67139114743199,49.8926186340526,82.10141685495188,56.64314424297991,20.0
Acharya Polytechnic,59.67133800443674,45.424971326815246,69.51921758860574,81.00032979479617,20.0
Sri Muthukumaran Institute Of Technology,59.66952437427438,64.5603046274486,50.04605302860039,66.76266380173928,20.0
Kongu Hi Tek Polytechnic College,59.66519982647523,59.90644939642685,68.35538006462491,52.62467960422674,20.0
E-Max School Of Engineering And Applied Research,59.658196256935,72.6608671920234,41.462172999940826,71.79751323029899,20.0
Dr Rajendra Prasad Central Agricultural University Samastipur,59.65730883196643,62.78622203513883,48.321872456158346,70.32866529432916,20.0
Psg Institute Of Technology And Applied Research,59.65572943981218,40.6874934725146,82.76521306990772,72.39801564393916,20.0
Sai Institute Of Engineering And Technology,59.65439225273593,60.45812610773785,44.13648825878436,78.81102655423669,20.0
Ashtvinayak Institute Of Technology,59.65253586039279,60.65857903382091,48.08744083017545,84.70287456326696,20.0
Arya Institute Of Engineering Technology And Management,59.64972247263435,67.33117174611115,55.17476527975672,60.02363405070802,20.0
Pragna Bharath Institute Of Technology,59.64834028006976,57.81762176308934,58.70676360198168,84.88926799806111,20.0
Durgapur Polytechnic College,59.644133923076794,41.02502979983053,74.37841031094118,79.39123759334069,20.0
St Anne'S College Of Engineering And Technology,59.64049528804311,55.3942396922556,78.89314519414597,50.64426439655567,20.0
Kalam Institute Of Technology,59.6375174678614,64.91408488279251,58.49120474173309,58.62281310322218,20.0
The Oxford College Of Engineering,59.634699134456405,42.19452477664842,69.49999410274413,81.29751785536018,20.0
Rayat-Bahra Royal Institute Of Management And Technology,59.623635326831064,64.45154468206825,43.73122629548304,83.99688097203305,20.0
Dhole Patil College Of Engineering,59.621830780296406,75.00417009493452,46.69323781465667,72.79491645216662,20.0
Hilli Government Polytechnic,59.620045864488546,69.85459084515796,56.52448672308026,80.91476729531527,20.0
Vishveshwarya Group Of Institutions,59.611452738756114,50.52147809643138,84.76735606031474,54.54189545979667,20.0
Global Institute Of Management And Emerging Technologies,59.60868094016867,42.10882866229456,69.63142088249677,81.49477431178829,20.0
Tamil Nadu Veterinary And Animal Sciences University,59.60552238220874,53.11253264990253,67.56839065921773,58.81211836370814,20.0
Universal Technical College,59.60306108297114,69.81588496193608,60.5684024323046,64.29532163276723,20.0
Sree Narayana Institute Of Technology,59.60173431924963,45.36935691079919,74.74147483015437,68.80558635489542,20.0
Sandip Institute Of Polytechnic,59.60092422581385,59.182385482776205,54.82679216769544,71.9737798837088,20.0
Abss Institute Of Technology,59.60005821108605,64.45334366754463,54.56351996812393,65.75271459642664,20.0
Kamla Nehru Institute Of Technology,59.59974456262064,66.79815108624173,56.377255787724565,64.98420967005836,20.0
Shri Sureshchandra Dhariwal Polytechnic,59.59722681080912,62.07600886081149,61.75231429437813,55.044337504130006,20.0
Dayananda Sagar College Of Engineering,59.596961602875446,65.59593639167541,57.43696148031911,64.18612361484068,20.0
Mes Rn Shetty Polytechnic,59.59612189336975,67.49257393076276,51.24301311527918,76.54522130020419,20.0
Bells Institute Of Management And Technology,59.59052323636337,64.03116736055654,55.028720060812645,59.87697192413403,20.0
Seth Vishambhar Nath Institute Of Engineering And Technology,59.5876037764676,49.99061489264983,72.65735838226959,67.40777699262824,20.0
Samskruti College Of Engineering And Technology,59.58759645505405,78.71744285227348,42.64241052639824,54.20962971974714,20.0
Rc Technical Institute,59.58575697993648,64.13683609205654,49.918034840104255,79.37751413525567,20.0
Pr Pote College Of Engineering And Management,59.57842851268763,68.60262174085685,50.95607670097489,78.55266133795384,20.0
Government College Of Engineering And Ceramic Technology,59.57765933345692,66.3041990670963,52.07384660345438,67.35086479784121,20.0
Usha Mittal Institute Of Technology,59.5773056120302,71.57964467789883,40.525987186778615,84.72040801820422,20.0
Skr College Of Engineering And Technology,59.57365982416968,67.59024636410895,40.376395175030304,75.23879465424255,20.0
Shri Angalamman College Of Engineering And Technology,59.57246584907968,64.205009282196,56.1065162048903,60.1228587071409,20.0
Dr Ad Shinde Institute Of Technology,59.57243350049074,58.51312377514999,69.72752260869568,53.930380839154616,20.0
Vins Christian College Of Engineering,59.57162233930771,59.57565209232586,65.30338960825088,58.39764952220894,20.0
Allenhouse Institute Of Technology,59.57035899696333,54.14181700138966,71.10387669068587,61.31641827874715,20.0
Sri Sivani College Of Engineering,59.56746775202355,66.23959455496657,40.47230839736296,81.47933926561355,20.0
Bethlahem Institute Of Engineering,59.56651397062521,46.11475054486094,78.15580212245243,61.05678507847556,20.0
Shri Shankaracharya Institute Of Technology And Management,59.5647782437013,43.614905461310485,80.89974955379508,60.996098165442056,20.0
Ravi Shankar Institute Of Technology And Management,59.559760730321926,72.68393700918269,40.18715903279968,72.80284531380119,20.0
Sri Chandrasekharendra Saraswathi Viswa Mahavidyalaya,59.557096251454645,55.35392762633774,67.10388264441326,71.94038769980406,20.0
Godavari Institute Of Engineering And Technology,59.55230122752592,69.05381977045613,40.74896532075179,78.20607151415236,20.0
Rtc Institute Of Technology,59.55182205976524,60.2065631738892,56.91409024272232,73.41077394207797,20.0
Rajamahendri Institute Of Engineering And Technology,59.54921686901296,70.53316965718167,53.02311664727483,60.10952886927187,20.0
Malla Reddy Engineering College And Management Sciences,59.548250216047194,67.74228901338304,53.13468944442999,57.865047785550175,20.0
Prem Prakash Gupta Institute Of Engineering,59.54812894561336,65.64743257294099,52.997730454532,59.88734348710607,20.0
Rajendra Mane Polytechnic,59.54617251338787,67.57333924437087,49.09791788121482,81.19523914722627,20.0
E-Max Group Of Institutions,59.54568023246799,47.23305329984475,70.2182334965868,73.76156228807025,20.0
St Ann'S College Of Engineering And Technology,59.54323062895187,73.06147626027993,47.23515468348712,64.12623829833439,20.0
Medak College Of Engineering And Technology,59.54252216824608,52.526863242950526,56.17974974164736,79.6146889863632,20.0
Crv Institute Of Technology And Science,59.54085669866981,47.00784411782103,76.0337982818219,64.02346440432609,20.0
Basavakalyan Engineering College,59.539682188433154,45.53958215882985,63.32477361528602,84.26554617112322,20.0
Stanley College Of Engineering And Technology For Women,59.53173910096287,72.49981814209364,57.84616663987441,53.61845752512613,20.0
Indus International University,59.531148244148,58.12933350308163,52.55949031931878,81.57673533632533,20.0
Arulmigu Meenakshi Amman College Of Engineering,59.530845108467375,58.862281424545735,46.42292680004917,78.79181529250341,20.0
Narasaraopeta Institute Of Technology,59.529370941102336,63.39515635980665,52.342896773836046,72.15816072070051,20.0
Jahangirabad Institute Of Technology,59.52862910087686,63.55357879143104,59.61877924227972,56.96911628968028,20.0
Mahakal Institute Of Technology And Science,59.524569132316756,57.00933785080547,60.39466106254002,75.06646082516035,20.0
Goel Institute Of Technology And Management,59.5237930892837,76.45714573028394,48.84667473881285,53.46781139300095,20.0
Vidyavardhaka College Of Engineering,59.521527966596224,56.370498797127055,78.7139386431823,53.794844331927465,20.0
Gayatri Institute Of Engineering And Technology,59.51785402872926,42.55588926758422,69.56412687339309,79.71573789987114,20.0
Institute Of Engineering And Science,59.515409856528734,57.01516025039328,57.46932059194768,78.04376032754573,20.0
Sau Shantidevi Chavan Institute Of Engineering And Technology Polytechnic,59.51466811673179,63.779507199395866,62.1034313436023,56.5495892099713,20.0
Jaipur Institute Of Engineering And Management,59.51298022128037,57.82704068020973,56.55012334178261,73.28574699692062,20.0
Arm College Of Engineering And Technology,59.510459933182084,73.6031900167022,47.98619833499589,59.64049037105428,20.0
Siddhivinayak Technical Campus,59.50821296123095,71.56716388359567,43.56763127348592,66.72829961322701,20.0
Indian Institute Of Food Processing Technology,59.49893936323603,42.472636721916,68.06000469169804,84.49271633030422,20.0
Santhiram Engineering College,59.496186133363054,41.82941891130114,78.16373529052031,71.28874507842616,20.0
Gyan Ganga Institute Of Technology And Sciences,59.49535223438697,47.319751510458254,84.29448592648492,59.75426780013213,20.0
North Malabar Institute Of Technology,59.494101376651095,49.01949694297316,67.44080504821234,73.94197344215205,20.0
Ramgovind Institute Of Technology,59.49360399347685,43.95122489915084,60.30700951976472,84.45597243157471,20.0
Indian Institute Of Information Technology Design And Manufacturing Jabalpur,59.49125348146035,60.52817506275295,75.26696745827317,58.28049022706004,20.0
Drk College Of Engineering And Technology,59.49019536375681,55.48067088786145,67.38146058053061,58.85978395463913,20.0
Rkdf College Of Technology,59.48297555204327,58.27110841110033,45.166576916586166,84.6622892227418,20.0
Mahendra Institute Of Engineering And Technology,59.48166371246588,67.37731559205602,41.705826893829496,73.49702476774641,20.0
Sadasivam Kathirkamavalli Polytechnic College,59.481376471075784,61.04212468747096,55.50692438360729,65.69474797024154,20.0
The Kavery Polytechnic College,59.481012727177514,74.96360714563423,40.0926986107709,74.61628059657096,20.0
Institute Of People'S Science And Technology,59.47494626663964,43.67413166494707,74.81364936394502,79.99739602359861,20.0
Rajas Engineering College,59.47267766111284,49.72235128193383,70.00697447707361,64.43129963476441,20.0
Smt Dharini Anilkumar Shukla Education Campus,59.46906338706368,42.21865678262167,77.99384965673104,69.59773511875991,20.0
Galgotias College Of Engineering And Technology,59.46830075482441,58.292090798074895,59.78827581190082,73.43404779770057,20.0
Brainware University,59.46693941741393,57.86677565813877,58.068629187735816,72.72645763282608,20.0
Thakur Shivkumarsingh Memorial Engineering College,59.465007296287865,48.8177164621185,64.73887681970554,75.18720396396608,20.0
Sri Sakthi Polytechnic College,59.46205298995859,69.55692446940779,40.02515735689771,83.31304711929178,20.0
Jj College Of Engineering And Technology,59.461587654116634,63.10018536566532,40.93911224018671,82.21236639558349,20.0
Nanasaheb Mahadik Polytechnic Institute,59.459552812200805,79.70940265216555,56.33380018187702,65.3029474185601,20.0
Satara College Of Engineering And Management,59.45001452182348,55.29423803721512,48.707160627113794,84.77194745244117,20.0
Cgc Institute Of Architecture,59.44963672720089,58.87774403050982,59.18909753747116,69.74308891788709,20.0
Ips College Of Technology And Management,59.449393384525486,52.35868356549514,66.02329872859596,62.113116728915145,20.0
Asansol Engineering College,59.44876023775616,58.06155563205853,60.62547633645311,73.62156941362937,20.0
Ts Srinivasan Centre For Polytechnic College And Advanced Training,59.4481730238056,67.84315283601082,59.684508789709525,59.69267906853202,20.0
Sri Sai Ram Engineering College,59.447885283071614,47.3154986242208,81.87872885466388,58.62116510662361,20.0
Siwan Engineering And Technical Institute,59.44642790592001,71.78868597755681,45.6833440315378,65.24899673323435,20.0
Kumaraguru College Of Technology,59.444801209829635,69.75633509385305,47.80734195360858,69.63726052763663,20.0
Bankura Unnayani Institute Of Engineering,59.44372584190509,59.10914705684252,68.694461299133,60.39239966120667,20.0
Meenakshi Academy Of Higher Education And Research,59.44027592092738,49.35721550462339,61.766798736530944,80.71874201626974,20.0
Kurukshetra University,59.439640217507545,51.22353475638239,79.81242242203982,56.67703019919792,20.0
Vedic Gurukul Institute Of Engineering And Technology,59.43835692838039,64.42519576762204,59.77544253894793,52.36498170975383,20.0
Pallava Raja College Of Engineering,59.43360809580655,55.35674410895169,62.57709623602148,69.22280328031371,20.0
Swami Parmanand Polytechnic,59.4318508040261,50.112047841849616,82.42649649364176,58.17588454726828,20.0
Aklia College Of Engineering And Management Technology,59.43080023882783,66.52121304292028,41.57434084688144,74.0211511224706,20.0
Acharya College Of Engineering,59.42929627813766,49.85088468883427,60.19512516836942,82.6616545697517,20.0
Thirumalai Engineering College,59.42740968389554,64.91468452205687,56.52379806983666,57.2158266742825,20.0
Gb Pant Government Engineering College,59.42713283853763,61.27174744450373,74.1345783928359,52.27753261560301,20.0
Jagannath University,59.42271648225188,51.00933583239739,83.81508305926064,65.88338103492174,20.0
Shri S'Ad Vidya Mandal Institute Of Technology,59.42045882016657,44.94710268291492,78.77130524405884,80.26452340588321,20.0
Bits College Of Polytechnic,59.414861340202506,42.35290342679521,81.92516200568818,70.71290943799602,20.0
Vedant College Of Engineering And Technology,59.414581188517246,74.84310480779982,54.76411133198344,50.29479623430967,20.0
Tula'S Institute The Engineering And Management College,59.413495236668155,46.89689479110591,70.1009273856496,74.97152265018784,20.0
Valia Institute Of Technology,59.407273007109964,67.748294717536,49.10612283075913,59.6437286842463,20.0
Gourishankar Polytechnic,59.40580248920577,49.51230672752085,61.06527687781484,79.6129543935688,20.0
Dr Bhupen Hazarika Regional Government Film And Television Institute,59.405768411733945,46.20784736062332,80.43581774555727,74.29613866829621,20.0
Ask College Of Technology And Management,59.40303696811962,53.58956692155581,70.09860668085004,56.55430749188585,20.0
Indira Gandhi Engineering College,59.40185806845656,53.94878302000764,76.02231211961809,84.73466593020687,20.0
Shree Digamber Institute Of Technology,59.40039527646739,57.46249826614053,54.28784905944554,76.3732585122069,20.0
Swami Krishnajivandasji Institute Of Technology,59.3976514047934,57.49550327244656,57.11873588742368,75.33352272798018,20.0
Rai University,59.396614988679204,59.27712504809037,70.0111562271791,71.74512765258302,20.0
Shriram Institute Of Technology,59.3956534574692,54.57291101505375,51.28083577885373,77.3316075666646,20.0
Sasurie College Of Engineering,59.395382246839105,48.06701234905878,60.24877786483289,79.90283540497174,20.0
Paliwal Institute Of Engineering And Technology,59.390892200316465,63.07063845911697,57.97137537067404,69.56588958218893,20.0
Ghousia Polytechnic For Women,59.384136342628,44.7632059601949,78.09448345384249,63.23129714711456,20.0
Egs Pillay Polytechnic College,59.38183934087368,45.79642931576095,84.29557018444575,60.358116516879065,20.0
Shri Siddhi Vinayak Institute Of Technology,59.379306864757346,64.4850627828905,58.70068326923406,55.3001262869907,20.0
Bhuma Shobha Nagireddy Memorial College Of Engineering And Technology,59.378570724213446,63.54920101849156,45.75976342380905,79.3893327362174,20.0
Dhruva Institute Of Engineering And Technology,59.378150422680285,66.6729552267008,42.285160663494814,70.9204311232754,20.0
Vedvyas Polytechnic,59.37796438076674,70.85531121982686,48.70517774002989,56.145117963138055,20.0
Madhira Institute Of Technology And Science,59.37395973664094,53.30394937767585,51.170465107922496,82.85391347273803,20.0
Shri Prince Shivaji Maratha Boarding House'S New Polytechnic,59.37290663214757,63.703538129236655,71.4422362744052,61.16383229971574,20.0
Jd College Of Engineering And Management,59.36422804276972,52.12116921143225,65.41096153794085,77.4468080673417,20.0
Arasu Polytechnic College,59.36416889725306,52.21292667878525,80.41173954167365,57.3188005896852,20.0
Indira Institute Of Technology And Sciences,59.36401316040855,59.01232908333611,45.257716108020816,82.90025190782445,20.0
Jaypee Polytechnic And Training Centre,59.356253155378454,56.32556620111273,59.97984067556481,64.1704009110265,20.0
Nikam Institute Of Technology Polytechnic,59.354075986890024,44.25388011692337,73.34860648278672,73.45236238714352,20.0
Vizag Institute Of Technology,59.35222538016915,50.6759172872802,68.20977888969449,68.97702292203294,20.0
Sree Sastha College Of Engineering,59.35069869384215,64.6367060649694,61.17573757772864,51.89023437254156,20.0
Priyadarshani College Of Computer Sciences,59.34858894448472,59.559119003771045,58.70313781647285,68.58175837234174,20.0
Bldea'S Vp Dr Pg Halakatti College Of Engineering And Technology,59.347988711139116,59.55137244835796,49.24258776792343,81.54726727779708,20.0
Bhubaneswar Polytechnic,59.342352712788966,52.12674504574807,81.86782619386032,50.51670168655944,20.0
Fit Engineering College,59.34046899369124,60.0411602646072,44.12503200126559,77.6866574282856,20.0
Arni University,59.33729347630467,64.52449478527998,45.3157089732731,73.43836838704884,20.0
Vins Christian Womens College Of Engineering,59.334918851330116,72.83305042428286,46.23505775145762,56.534699460383386,20.0
Prestige Institute Of Engineering Management And Research,59.32884154597649,57.16061901662073,64.30291297836409,62.17761471896264,20.0
Maharishi Ved Vyas Engineering College,59.32856661987018,48.954185625734695,75.69601422515368,56.196705953306186,20.0
Amiraj College Of Engineering And Technology,59.32630019560457,79.9302526413272,58.04939392176391,68.13048357756182,20.0
Kandula Srinivasa Reddy College Of Engineering,59.32471033087913,61.5991625045246,59.102671548591545,64.73897654444644,20.0
Rajkiya Govind Ballabh Pant Polytechnic,59.31809171244827,64.52495166404621,84.99825862390483,58.2304699513892,20.0
Infinity Institute Of Technology,59.31724118801429,73.08948528225963,48.09497697507646,57.18431681386322,20.0
Shekhawati Institute Of Engineering And Technology,59.31571651652749,63.88392182265756,42.33020049219849,76.72364472461368,20.0
Abhishek Polytechnic College,59.31568060238722,62.2048718056728,54.00440128884907,76.04004423748967,20.0
Arni School Of Technology,59.31143325028455,56.9125632967401,75.54465052344287,71.60685992051744,20.0
Jain Agm Institute Of Technology,59.3093236831605,63.12597565508538,61.947347721570736,52.92240150050005,20.0
Pannaikadu Veerammal Paramasivam College Of Engineering And Technology For Women,59.30907958909387,48.37839554476467,62.04465655522035,78.16045273584761,20.0
Priyadarshini Institute Of Technology And Science For Women,59.305777144674366,61.283111477490046,53.048788853221495,66.38764991709024,20.0
Malla Reddy College Of Engineering And Technology,59.302094801736914,41.205410810765855,78.61645726111081,72.80673162512562,20.0
Meerut Institute Of Engineering And Technology,59.29824247172669,44.814273145943126,67.15067032712395,80.43475680326345,20.0
Bellamkonda Polytechnic College,59.295146465403384,63.71143968994829,64.02800460547381,50.93649000406282,20.0
Pondicherry University,59.294730165389566,79.24038069843537,56.97423781479896,69.73542495740266,20.0
Pt Ravishankar Shukla University,59.29404796998948,50.62182512695971,67.24835802771352,76.65973495566276,20.0
Ldc Institute Of Technical Studies,59.292140529180145,52.22482888377967,73.58108099487148,57.81045974075192,20.0
Jawaharlal Nehru Architecture And Fine Arts University School Of Planning And Architecture,59.28878983035625,44.94319571684791,82.02393611361072,60.241585776375416,20.0
Set Polytechnic,59.283607948988575,67.89957358471463,42.201288604483445,74.13753829971137,20.0
Dhanekula Institute Of Engineering And Technology,59.27987044763356,66.50383041546026,43.17724583151437,80.83928165929466,20.0
St Peter'S Institute Of Higher Education And Research,59.27421232975173,68.55487125254791,54.28476038156811,61.16788844783,20.0
Sree Vahini Institute Of Science And Technology,59.27373484045589,60.69577754515072,68.80426308733968,53.531117464918296,20.0
Karnal Institute Of Polytechnic,59.26703934534589,46.42532050481986,80.71198922382706,75.01096471805901,20.0
Shree Dhanvantary College Of Diploma Engineering,59.265450786541074,49.192787498777705,76.47952871383576,69.4478766827522,20.0
Shekhawati Polytechnic College,59.26139619710506,40.70522862133188,79.55869297983499,69.73736898510586,20.0
Sri Subramanya College Of Engineering And Technology,59.261167050222845,48.23800355436308,72.9831521873199,62.01923457689123,20.0
Perunthalaivar Kamarajar Institute Of Engineering And Technology,59.2577290063386,50.57771872297175,61.55706101335453,83.63710189229526,20.0
Psg Polytechnic College,59.25728576908952,53.92290881322796,60.1740536651864,80.84836719414706,20.0
Deen Bandhu Chhotu Ram University Of Science And Technology,59.25293299933048,50.33696811075857,65.79866775840054,82.71361140765646,20.0
Cv Charantimath Rural Polytechnic,59.249915734941936,63.78448611315133,65.92471213144043,54.8240912341861,20.0
Seth Sriniwas Agarwal Institute Of Engineering And Technology,59.249324412730076,78.79542258820486,60.86157005347048,77.05436503323179,20.0
Siddhant College Of Engineering,59.249155520231234,57.28189982585855,48.791096993364185,81.85546829123031,20.0
Bhaavya Technical Institute,59.24593469365321,47.63307109365458,83.10631481011222,54.50702054016085,20.0
Sir Padampat Singhania University,59.2457925216429,59.80806940527248,49.87322029990225,75.28853846805515,20.0
Tolani Maritime Institute,59.24229261897396,45.39994661493584,66.88332002696424,80.56482723634016,20.0
Sb Patil College Of Architecture And Design,59.23911492854169,55.95164561718661,68.51543830196596,60.21324554395851,20.0
Gokaraju Rangaraju Institute Of Engineering And Technology,59.23906193690399,71.58695330684174,54.071819513788085,55.978398049572846,20.0
Daita Madhusudana Sastry Sri Venkateswara Hindu College Of Engineering,59.237329896301716,49.615681273687926,74.16051711458744,74.46865602016176,20.0
Vidya Pratishthan'S Polytechnic College,59.23567648037642,67.64250560869897,48.70881657812784,70.1108006393963,20.0
Rayat And Bahra Institute Of Engineering And Nano Technology,59.23092669871023,55.12173666751834,68.84081538444491,61.786469870551215,20.0
Saraswati Higher Education And Technical College Of Engineering,59.229842279488125,52.35418945027527,71.19623030887553,57.177750277856106,20.0
Shri Mata Vaishno Devi University,59.22954910976975,47.97703149934157,83.32375160176981,56.87509619194855,20.0
Pillais Hoc College Of Engineering And Technology,59.225088533044335,70.92788522373017,43.63692879438756,73.55477420540649,20.0
Guru Nanak Dev University Regional Campus,59.22267204556883,77.1529691193603,40.51122823621173,63.89894082211545,20.0
Sagar Institute Of Research Technology And Science,59.221724775074854,68.41573777501931,43.88526040921175,78.06082086135176,20.0
Suguna College Of Engineering,59.218026072624625,45.1136827021946,61.94249637118922,80.82436761630646,20.0
Sri Venkateswara Institute Of Science And Information Technology,59.2161943348031,56.49911240678347,52.57281923018273,76.5777087242621,20.0
Ramireddy Subbarami Reddy Engineering College,59.21614585697047,59.144877223685626,71.94179916212187,55.13971599752183,20.0
Ls Raheja School Of Architecture,59.21186750075887,68.64903479688303,55.75210263579521,65.0795558161219,20.0
Kit'S College Of Engineering,59.20697587798909,67.09345260115194,52.754078562936,68.00147505025431,20.0
Impact Polytechnic,59.202024065554006,46.31473169602624,67.53345731295252,74.41165145448417,20.0
Nanasaheb Mahadik College Of Engineering,59.19879442035863,76.83216256942768,80.21100619864771,57.50799731397127,20.0
Uday Prasad Uday Government Polytechnic,59.1965654328302,57.01291768875404,78.071052986324,52.3130324716082,20.0
Shri Ram Polytechnic,59.195159200390314,53.054685174784936,68.37901805102358,65.92678419881798,20.0
Sophia Polytechnic,59.195036273111405,55.25676523550464,76.82326916408064,58.063496431682985,20.0
Amardeep College Of Engineering And Management,59.19403242906897,68.91713947903682,53.09633092307047,51.04394990537852,20.0
Swami Vivekanand College Of Science And Technology,59.192250328805244,51.86052742607792,72.37586824329094,53.15480946248172,20.0
Gna University,59.18680773195739,66.97464530042318,66.79784738872078,55.3091795273829,20.0
Park College Of Technology,59.18665494024733,72.0737338049212,42.81246827648773,63.154405226073706,20.0
Bhagwati Institute Of Technology And Science,59.18103137289512,69.63540156080947,52.780914700904745,53.28426918852147,20.0
Sir Jj College Of Architecture,59.18052688532515,70.63699277232072,54.69873444068577,62.32132313849655,20.0
Shri Sai Polytechnic College,59.176229072352456,51.12969128257655,63.14329582151589,78.45245450560341,20.0
Sir Dr Ms Gosavi Polytechnic Institute,59.1664407450643,48.49191448545061,69.60749125497756,67.52016319177828,20.0
Farah Engineering College,59.165380056214836,65.53691890774029,79.99155013352873,78.49893535049345,20.0
St Wilfreds Institute Of Engineering And Technology,59.164197666592464,65.90545415839864,47.19344797390372,64.12839649827194,20.0
Om Institute Of Polytechnic,59.16402771082302,59.7652066555455,52.937751034817005,65.37546745720142,20.0
Aalim Muhammed Salegh College Of Engineering,59.16075049404178,50.73637487350474,69.70600430428283,68.35982955551697,20.0
Sri Sairam College Of Engineering,59.15961926928991,67.41622942725128,53.17118971621923,59.37978355726459,20.0
Thangavelu Engineering College,59.15938278946717,59.944855613976735,59.61634315656602,58.091122470678734,20.0
Sri Vasavi Engineering College,59.158441168834855,64.35931725194033,54.015301354575605,65.32399196823386,20.0
Symbiosis University Of Applied Sciences,59.15746884419078,67.07966490349146,65.15372689029141,58.60767116402046,20.0
Aklia Polytechnic College,59.15612708841994,43.26533683996128,76.31591264059367,69.01524017324378,20.0
Padmanava College Of Engineering,59.15404732455297,54.75536583565163,49.02306931586711,83.43491207473201,20.0
Sana Engineering College,59.143840108668314,43.10999328419335,78.04963635072355,63.3306422377139,20.0
Sardar Raja College Of Engineering,59.14357235355505,56.11697206599966,66.34661476020531,59.45793730360255,20.0
Rajiv Gandhi Institute For Steel Technology,59.14300442071719,77.21303786165925,49.69124987229409,52.03016855915909,20.0
Mes Polytechnic,59.141186018012306,52.36463204516684,68.70264361511887,67.8728523675026,20.0
Sri Siddhartha Institute Of Technology,59.140819505513726,69.90398740927475,42.82543031640417,73.06337803237818,20.0
Sengunthar Engineering College,59.13703852461248,53.82968995649088,55.20697214097813,76.25481071529421,20.0
Sushant School Of Art And Architecture,59.134486629173544,62.44184160636935,53.85679344244909,72.23145880761781,20.0
Truba Institute Of Engineering And Information Technology,59.132653578130984,55.10219162671244,68.58275537879429,60.43484341136342,20.0
Nuva College Of Engineering And Technology,59.13259716283835,61.61656992851883,53.09996173950104,66.17493407057476,20.0
Jauhar Institute Of Engineering And Technology,59.13046047562247,60.49885454276543,67.40550420687407,53.95818749440112,20.0
Dhanalakshmi Srinivasan College Of Engineering,59.12738578602759,49.88756202343826,70.01679686908864,67.30460974603899,20.0
University Visvesvaraya College Of Engineering,59.12213382919099,74.75292703665114,62.22190372200174,52.62458661529684,20.0
Hi Tech Institute Of Engineering And Technology,59.11850673997402,52.842403547612136,63.26925257615039,66.20481336338382,20.0
Maharishi University Of Information Technology,59.11795197287912,72.95812911631413,52.51025616340284,54.95356751857784,20.0
Kvcm Nri Polytechnic College,59.113783504359176,56.72225261145208,74.04051225010342,60.8835020592192,20.0
Atul Polytechnic,59.111098315267796,53.37334554138914,59.57216708109674,76.97322587288534,20.0
Anurag Group Of Institutions,59.10281191903299,52.89483192098741,61.05733805534371,78.16624402132993,20.0
Knowledge Institute Of Technology,59.10131834086573,68.71638439269162,44.63904877172162,70.59403792674564,20.0
Atmiya Institute Of Technology And Science,59.097935779731515,63.3923081415748,64.21569774428822,52.28923908097892,20.0
Karnal Institute Of Technology And Management,59.09369008844121,43.64742835522491,71.40457471496133,76.03081173564277,20.0
Drk Institute Of Science And Technology,59.09003596747068,51.36702039016274,67.1867093014749,63.32801280288756,20.0
Muffakham Jah College Of Engineering And Technology,59.08594559613681,70.66043706709749,56.53868726263381,55.61588243954828,20.0
St Xavier'S Catholic College Of Engineering,59.084467672103834,65.36662520546001,59.25648895972918,57.65770957290565,20.0
Bhaktavatsalam Polytechnic College,59.08131643797972,65.36647795703384,48.49281189080428,72.10665305692366,20.0
Subas Institute Of Technology,59.07622463319923,64.79042527738895,44.82129788278648,72.81794713752022,20.0
City Institute Of Technical Education,59.072490579879265,44.40189537862058,78.93253828559072,65.98420193484789,20.0
Kalyani Government Engineering College,59.07059366895433,42.48602652516448,83.19381554300185,75.56088968581574,20.0
Djr Institute Of Engineering And Technology,59.068351729959765,47.41671439663806,66.92789615053682,69.74618156017475,20.0
Rajiv Gandhi Institute Of Technology,59.064723856607955,54.926811935664645,60.29828937281162,78.50546092320229,20.0
Mount Zion Institute Of Science And Technology,59.05992869447152,41.39761398369882,79.87905167621368,61.83460702520179,20.0
Csmss College Of Polytechnic,59.057101779564334,61.64585595591931,65.83813432575873,58.13013572930019,20.0
Satya Institute Of Technology And Management,59.054256657160174,61.52021293470008,40.25719496230364,84.44161794595996,20.0
Inderprastha Engineering College,59.05197849029608,60.42703698625074,54.554019105103045,74.47859440057687,20.0
Shree Swaminarayan Polytechnic,59.0452375860452,60.68938063161793,68.25668154874847,57.76148523371792,20.0
Utkal University,59.041263985741374,44.202084926616095,84.61880706216024,68.34418537534512,20.0
S Sukhjinder Singh Engineering And Technology College,59.039929179276015,57.315103699170855,60.73025519456285,62.96530468107176,20.0
Cochin Institute Of Science And Technology,59.038630971526686,43.74130131860575,76.4622038492841,62.88066293279773,20.0
Krishna Institute Of Engineering And Technology,59.03713797212832,57.97525822269348,52.00624730297308,82.36279756581791,20.0
Thiagarajar College Of Engineering,59.036894450975566,52.92822316750656,73.90323839167154,58.81239985622413,20.0
Yenepoya Institute Of Technology,59.03660517004897,54.59406629441257,74.94882052329638,57.98882994524367,20.0
Gyan Ganga Polytechnic,59.03537983761161,49.828640092772616,65.47868522235402,77.09689367999289,20.0
Sudheer Reddy College Of Engineering And Technology For Women,59.03349104784999,60.93267527457352,53.86812159475285,79.68549357588108,20.0
Anurag Engineering College,59.030609173598826,52.58434401975977,74.84657402046676,53.809208027144734,20.0
Siga Polytechnic College,59.0281053835257,55.79828072557526,83.71377706545536,50.90519859360545,20.0
Rambhau Lingade Polytechnic College,59.02761837834961,72.62120535443543,46.688609202828886,51.46520256240106,20.0
Abhinav Hi-Tech College Of Engineering,59.025039944498545,68.35568120896906,44.64042067058,69.18877755092181,20.0
Bgs Institute Of Technology,59.02343266110246,51.369093895912215,81.63971919612376,51.403501929467495,20.0
The Oxford Polytechnic,59.02189323916603,50.90766475392275,78.57420578521236,61.50120625791948,20.0
Mohammad Ali Jauhar University,59.016167310278966,70.34184912556506,46.64075210024449,80.0911047996661,20.0
Parul Institute Of Architecture And Research,59.01340026814212,49.6886822329126,61.02615417189226,74.68443694801454,20.0
State University Of Performing And Visual Arts,59.00791044972694,75.79662715992828,45.15546367745938,62.46668844396895,20.0
Shah And Anchor Kutchhi Engineering College,59.00789990223362,78.09162460848674,46.12479235836253,58.515009304370246,20.0
Shree Santkrupa Institute Of Engineering And Technology,59.006859108176485,65.99035738916463,41.78677880116106,76.08346707506112,20.0
Women'S Polytechnic,59.00404798854414,50.50171793645674,65.91528426933283,83.88152211486701,20.0
Maharashtra Polytechnic,59.00391194627215,63.47143856942737,52.31662422976778,63.02805959628818,20.0
Punjab Institute Of Engineering And Applied Research,59.002691213657016,57.83991285438993,58.36805085523275,69.58789969744564,20.0
Akido College Of Engineering,59.00247490492808,73.11255909360759,43.70599485837054,58.9669394783789,20.0
Roever College Of Engineering And Technology,58.993859725168555,69.19151449597496,49.02892171788312,57.59860169022098,20.0
Sri Sai College Of Engineering And Technology,58.98877775965446,41.62456407722571,75.69474164887862,71.52282408709684,20.0
Kngd Modi Engineering College,58.98657069346862,47.282610543381,56.4889087626765,81.3791669588454,20.0
Shoolini University Of Biotechnology And Management Sciences,58.98473578062803,51.74032080737025,82.56917507336934,51.63628371492498,20.0
Newton'S Institute Of Science And Technology,58.98467992612872,57.71543040756913,68.887113093269,53.01541832707264,20.0
Sona College Of Technology,58.982155151758036,47.10800839997814,64.20539311784965,81.97010011364935,20.0
Ahalia School Of Engineering And Technology,58.977478100134675,61.01696385846965,66.44111933401392,51.61370348157066,20.0
Velagapudi Ramakrishna Siddhartha Engineering College,58.972201486096886,50.09112650935194,66.50428683865297,74.88964917275459,20.0
Sat Kabir Institute Of Technology And Management,58.9719399734827,62.52030963575931,60.38339427750235,55.90122472694932,20.0
Subharti Institute Of Technology And Engineering,58.97149173431983,65.0926722378433,52.66462110784454,62.03365717398076,20.0
Symbiosis Institute Of Technology,58.9701984983726,58.64708267121978,64.7790326545375,67.29525310884546,20.0
Trichy Engineering College,58.968804744347224,56.95614217919805,68.25833378129872,52.80225645421792,20.0
Brcm College Of Engineering And Technology,58.96833634566174,40.32153583025895,70.82064234382764,78.95185445131655,20.0
Chitkara University,58.96808635627695,62.186110105844136,43.12938902983138,83.41565127010874,20.0
College Of Basic Sciences And Humanities,58.965219665677715,78.12108224777764,42.36170251860891,57.03176975171085,20.0
Narayanaguru College Of Engineering,58.9633666742005,52.82821915010545,55.85262413457664,73.96706828477468,20.0
Vidyalankar Polytechnic,58.96062619018783,44.547058167702566,76.1263906473803,74.08412404336954,20.0
Telangana State Aviation Academy,58.96052887366889,52.8022744409748,53.00643714457087,84.85169973409921,20.0
Nalanda Institute Of Technology,58.9598722493448,69.01819960938161,48.23140599925972,60.70337195741394,20.0
Shree Bahubali Polytechnic,58.955889929853996,68.08994102485823,56.48662390543323,55.41170378818982,20.0
Sree Dattha Institute Of Engineering And Sciences,58.955362951461794,60.574175272173306,57.05368338647155,62.36112583918162,20.0
Rajagiri School Of Engineering And Technology,58.95253719972503,65.81866031799674,51.18307882917839,73.05535178594855,20.0
Podhigai College Of Engineering And Technology,58.95116392266731,68.25887935983259,53.38044338963254,53.34593197544699,20.0
Rv College Of Architecture,58.950762298041,64.17384121362981,59.72001582386355,62.591304368384414,20.0
Nbkr Institute Of Science And Technology,58.95050975102177,53.56104650671213,63.80986761592024,73.2975882501555,20.0
Gomatesh Polytechnic,58.94406443665508,70.12398653559517,45.774426586812126,73.39046721528726,20.0
V Ramakrishna Polytechnic College,58.94329842040099,60.05721508371296,69.29316237752649,54.96480765550951,20.0
Parvatha Reddy Babul Reddy Visvodaya Institute Of Technology And Science,58.942796701858434,45.61347918159686,67.5399356066662,79.52231334413875,20.0
Techno India Njr Institute Of Technology,58.940502462017335,46.55297921246422,76.77099726901942,72.63520284879748,20.0
School Of Environment And Architecture,58.939385582801606,56.09308754424832,69.0601587227969,57.39229237961364,20.0
Kp Patil Institute Of Technology,58.93797977467631,46.688356327961735,73.58174913116758,70.4191613319046,20.0
Jk Lakshmipat University,58.93547586635451,70.60129610834548,51.0347300556503,52.675567198925016,20.0
Atms Group Of Institutions,58.933549966682044,43.19327597025999,77.20907215615838,69.78853287242342,20.0
Aurora'S Engineering College,58.932667359421714,49.46062128564724,58.36842060485033,76.6476411161127,20.0
Shreenivasa Engineering College,58.92891945687832,54.94183111913311,71.88148783047822,53.38906053035237,20.0
Somany Pg Institute Of Technology And Management,58.92656509491585,66.61887281505098,48.17827916162847,62.07058129395405,20.0
Mvr College Of Engineering And Technology,58.92651055752755,59.72837514624189,44.39598786753564,81.90058247145302,20.0
Vidya Vikas Pratishthan Polytechnic,58.925902069211475,69.33829974617211,50.45506685500093,57.96229074943018,20.0
Coimbatore Institute Of Technology,58.91405758770572,50.6673657609509,67.21846335763416,69.36009114679729,20.0
Sri Ayyappa Polytechnic College,58.913079387274884,46.08443211620028,77.49648984978398,66.97421671843243,20.0
Forte Institute Of Technology,58.91185426557297,60.59466148216953,41.63560170831162,82.67816746016557,20.0
Bvc College Of Engineering,58.907674530085075,64.58472165949736,51.65976408240645,64.98290690381037,20.0
Muthayammal College Of Engineering,58.906334818891445,57.08376574288057,52.53304416209881,74.9662383566712,20.0
Akt Memorial College Of Engineering And Technology,58.90404620339456,58.93391651987757,71.31400471683712,50.80320604460026,20.0
Sb Polytechnic,58.90383204164117,53.62815036842562,67.47466198326153,73.51668719015656,20.0
Government Institute Of Electronics,58.90000671096417,69.29435363808088,47.170615986375005,81.54727348357531,20.0
Brainware Group Of Institutions,58.89770615644873,65.93090770705048,48.23945362348592,73.29302784420477,20.0
Sandip Institute Of Technology And Research Center,58.88942298560615,44.1042429244703,68.4490609620526,83.27865491507028,20.0
Travancore Engineering College,58.88853336565941,40.63147864207482,76.64173409258525,72.9932236886022,20.0
Iimt Engineering College,58.88744315971016,40.4618616936141,63.65283725747205,83.57373660382368,20.0
Sriram Engineering College,58.88556966880999,49.063492454382725,65.15823318516104,68.89002975757765,20.0
Gian Jyoti Institute Of Management And Technology,58.88267226277414,72.00707868389792,51.00232130088671,62.58069998859328,20.0
Shri Rawatpura Sarkar Institute Of Technology -2,58.87400550844308,58.22091114656372,61.47259499946104,57.0402777843092,20.0
Satyam Institute Of Technology,58.86426701386348,42.537650373486365,77.75219010995676,61.185527312754914,20.0
Yd Mane Institute Of Technology,58.85958101702282,52.83050932584357,56.64455099014128,77.9910216242082,20.0
Holy Grace Academy Of Engineering,58.858360169895946,52.64478190677924,55.612889869512536,81.95403491878099,20.0
Bvv Sangha'S Basaveshwar Engineering College,58.856399349046086,65.25576512137731,60.0963234884196,57.95854404207971,20.0
Shree Institute Of Science And Technology,58.8534792387205,72.04600658323233,43.03425457169477,65.36139202784886,20.0
Kvm College Of Engineering And It,58.85120181402342,54.17868812274378,60.52713737150722,70.71105243061054,20.0
Bbs College Of Engineering And Technology,58.851112334925006,42.23445816137656,73.83904568508888,69.5478110050691,20.0
Panimalar Polytechnic College,58.848865827736375,47.62621992020369,71.3977108328641,80.29039761043073,20.0
Sister Nivedita University,58.84122654470933,56.48083753958738,48.02997175150676,84.56069956743329,20.0
Swami Ramananda Tirtha Institute Of Science And Technology,58.839853912999665,59.585990463657495,46.352457643793485,78.31032652568605,20.0
Ayaan College Of Engineering And Technology,58.83971292373488,62.07201950894096,55.21657638400979,56.061713114856914,20.0
Adusumalli Vijaya College Of Engineering And Research Centre,58.83655027237177,53.05323356231435,53.19493731289806,75.87758226215837,20.0
Surya Polytechnic For Engineering And Technology,58.83368662819407,50.74033919136399,70.64307418432172,61.162486389340046,20.0
Jayamatha Engineering College,58.83364800314731,47.419379233417565,66.77256312915102,65.75953472401571,20.0
Jawahar Education Society'S Institute Of Technology,58.83199315884298,61.85620701656536,42.85774221193981,81.58514848439003,20.0
Millia Institute Of Technology,58.82758114486469,50.48922553486696,64.22303124851463,68.4569819954921,20.0
Adesh Institute Of Engineering And Technology,58.82693071298928,46.92963219972676,73.90154564643612,64.3567801090495,20.0
Damsetty Srinivasa Naidu'S Dbs Institute Of Technology,58.82454807498824,62.60225728696149,40.867316252740274,83.07994909447785,20.0
Rajarshi Rananjay Singh Institute Of Management And Technology,58.82273042210602,42.95462739239839,79.27462633759316,61.88876648769636,20.0
Raj Kumar Goel Institute Of Technology,58.82200331838821,65.42069267464534,58.62705611269867,59.549158007043296,20.0
Sri Venkateswara Veterinary University,58.82047124562396,61.68555524896191,60.71807019116963,50.97548524965329,20.0
Bhagwan Parshuram Institute Of Technology,58.81914104014058,49.62572512472647,67.27824582455662,79.50017308008671,20.0
Shree Lr Tiwari College Of Engineering,58.81722393404899,49.04316429132656,67.00340232879331,78.85519911990772,20.0
Lingarajappa Engineering College,58.81606823954453,60.16183732461805,62.44851334364799,55.14547821745446,20.0
Sanaka Educational Trust'S Group Of Institutions,58.81509488120964,70.48316898038519,49.43161341167144,56.25139789005859,20.0
Shaheed Udham Singh College Of Engineering And Technology,58.81152207115806,41.47474532724314,75.39679649735997,71.9698429325018,20.0
Hindustan Institute Of Engineering Technology Polytechnic College,58.81132021600284,43.97007406140808,80.96101085043523,58.52076454719283,20.0
Bhutta Polytechnic College,58.809847245810474,53.11333172536955,71.02662641375987,57.86903798921851,20.0
Babu Banarsi Das Institute Of Technology,58.80677335508688,52.50428471434135,71.85644828639833,55.35123126983802,20.0
Narsee Monjee Institute Of Management Studies,58.80617294600143,40.546235186485966,66.83161713674733,81.32037708167243,20.0
Parthivi College Of Engineering And Management,58.8061312477019,76.27409366530546,45.10545515377968,50.25826015227882,20.0
Late Vasantdada Polytechnic,58.80384438645961,48.20411827905646,65.39495897726546,68.5880140413981,20.0
Tvr Polytechnic College,58.80288184717494,79.37178877995791,46.30754325765406,51.60795530834756,20.0
Vidya Niketan College Of Engineering,58.798481841917656,48.00845952464579,57.9695175834382,78.56880391283804,20.0
Ponjesly College Of Engineering,58.790809551009424,44.31395003767318,65.81868192667233,78.44511649625656,20.0
Gayatri Vidya Parishad College Of Engineering For Women,58.789326629648684,59.526534335493295,70.32233595014205,52.984290176197845,20.0
School Of Research And Technology People'S University,58.786274978300824,57.417878073478406,67.62387460394322,52.37825427654504,20.0
University Institute Of Engineering And Technology Csjmu,58.781375888117765,65.64469136433287,56.82610940284143,54.29753526182189,20.0
Finolex Academy Of Management And Technology,58.78035709491531,72.51759705990278,55.15548849393012,54.84139558335193,20.0
Cauvery Polytechnic,58.776188318086405,56.4459899858381,56.01057621051983,72.5539226669049,20.0
Snjb'S Late Sau Kantabai Bhavarlalji Jain College Of Engineering,58.774672511111135,41.709338562604486,68.96385365546914,81.29980786513485,20.0
Vel Tech Multi Tech Dr Rangarajan Dr Sakunthala Engineering College,58.770236493776025,41.13882635919873,80.62214223384422,64.8571551790215,20.0
Mangalore Marine College And Technology,58.76377323704908,54.17046707035363,67.79205078922259,54.98520216814393,20.0
Bis Polytechnic College,58.76034477903094,65.11549614419621,53.73338321929073,67.60480016699776,20.0
Shri Chhatrapati Shivaji College Of Engineering,58.75122062600152,60.30889634876876,46.76742624305888,80.10089964074353,20.0
Sagi Ramakrishnam Raju Engineering College,58.74495678466108,55.38566711485228,63.185630054704944,67.80514717991277,20.0
Vidyavardhinis Bhausaheb Vartak Polytechnic,58.74276546088318,76.19587447493785,57.75217908391981,53.15212259803888,20.0
Sree Buddha College Of Engineering,58.742085165429884,55.72362284044439,54.35660190608533,77.62108251603352,20.0
Madras Institute Of Technology,58.74058560455937,78.7346919552698,49.051185873291416,64.48183627389093,20.0
Dy Patil School Of Engineering Academy,58.738652635591876,61.83081727524655,52.37288849478411,71.14359438099501,20.0
Brahmaiah College Of Engineering,58.733391880760955,52.35945080516204,49.72674041049412,80.17441088434282,20.0
Himgiri Zee University,58.73223222608973,56.8063614176212,58.04327560371867,77.22414647377653,20.0
Al Kabir Polytechnic,58.731871541215796,55.0197793832547,67.22166388027722,82.06043005054642,20.0
Ludhiana Group Of Colleges Polytechnic,58.731739936518544,62.28354141256695,60.87491119075278,53.569633298659326,20.0
Psn College Of Engineering And Technology,58.729254422464244,57.45487111314057,58.77039269089903,67.55113484807613,20.0
Bundelkhand Institute Of Engineering And Technology,58.72598666565165,75.437430042848,53.32181864665,76.1777044634139,20.0
Rajiv Gandhi College Of Engineering And Technology,58.719512234864496,53.540641834491744,69.41638731158034,60.078699383552,20.0
Shriram College Of Engineering And Management,58.716537377837035,40.21208075812604,71.03518129111623,74.08320620054853,20.0
Institute Of Technology And Sciences,58.71547798866537,64.21631826247008,41.19418343989794,76.22933160865855,20.0
Lakshmi Bai Sahuji Institute Of Engineering And Technology,58.711994902123976,54.49913138393691,57.914124552442665,65.92724399468752,20.0
Luthfaa Polytechnic Institute,58.71118322607536,70.9596053879237,55.6445792714965,54.40942429228503,20.0
Ganesh College Of Engineering,58.70917369577341,65.39453177436113,49.75173935043486,61.80340228275744,20.0
Aum Sai Institute Of Technical Education,58.70715082614499,57.71815911693992,71.98981232942512,61.15153561354182,20.0
Aryavart Institute Of Technology And Management,58.706339037097024,65.23865971365363,46.48890205974728,63.85929131156106,20.0
Krishna Institute Of Technology,58.70186678555602,65.71321828979885,42.21755997858608,72.60992083923887,20.0
Potti Sriramulu Chalavadi Mallikharjuna Rao College Of Engineering And Technology,58.696087660492296,51.43884561734184,78.985840187403,54.96735940190801,20.0
Vishwakarma Institute Of Information Technology,58.69434380601129,74.68399285429629,48.04535168977108,59.86562013367183,20.0
School Of Planning And Architecture Bhopal,58.69073556739258,60.01130287119599,58.16237459794694,69.55113801574613,20.0
Cv Raman Polytechnic,58.68997826472355,47.29769124335091,61.7040264932822,77.71350191669673,20.0
Galgotias University,58.68583981718216,61.57521725879634,64.46151814282807,59.03452836359132,20.0
Hemwati Nandan Bahuguna Garhwal University,58.68520336753371,76.55109251197001,79.82726371111809,80.22984998211724,20.0
Sardar Vallabhbhai Patel Institute Of Technology,58.68381083681937,57.352636358391415,60.70873028324517,55.02394150109117,20.0
Institute Of Design Education And Architectural Studies,58.67791977711462,62.12334956318836,47.224189765525416,76.0500506073812,20.0
Women Polytechnic,58.67282595486104,50.58292446869556,75.3379254714151,65.5572254498547,20.0
Netaji Subhas Institute Of Technology,58.67013692411643,51.59552731576176,56.118487692552094,80.36884653482976,20.0
Saranathan College Of Engineering,58.66866565741329,63.365305681667984,61.11068683755714,57.90234454812636,20.0
Sahakari Vidya Kendra Polytechnic,58.66124676910106,49.78473493529021,66.36638796092953,68.15891150095922,20.0
Bangalore Technological Institute,58.66030144928455,71.30533734583466,46.851087716710005,56.55402938795714,20.0
Mm Engineering College,58.66008986250778,72.05030455654148,45.34323532438026,54.40630341028635,20.0
Shri Siddheshwar Women'S Polytechnic,58.65844091062332,75.6977803513976,54.97096542128264,54.06611787364084,20.0
Mandava Institute Of Engineering And Technology,58.65753359852254,68.61529510853137,51.07084133735072,53.7159350245543,20.0
Dayananda Sagar Institute Of Technology,58.657494038666584,65.67066986149808,43.92807219338704,70.56585867520886,20.0
Brindavan Institute Of Technology And Science,58.65301934812812,43.38059356396486,67.64129134780123,82.39485996354061,20.0
Kns Institute Of Technology,58.652473988392686,60.92918961409677,52.888058633571625,66.6053343484788,20.0
Audisankara College Of Engineering For Women,58.651024051337565,70.38652431227632,44.44013639168832,55.792648936669615,20.0
Smt Kashibai Navale College Of Engineering,58.645302137746846,44.40034278250573,78.12367553518241,72.38033942914635,20.0
Mam School Of Engineering,58.64203537547503,61.70042712223394,45.02092146644598,74.16910440567102,20.0
Driems Polytechnic,58.641033136612094,79.10086891165628,46.09258981324071,52.94614401309241,20.0
Kmct Polytechnic College,58.63830777553932,54.736603835496354,70.47200534977766,63.79837164473131,20.0
College Of Dairy And Food Science Technology,58.634052736309066,67.93026891847084,54.10071264826978,83.76450873580484,20.0
Care School Of Engineering,58.632317433348966,50.18992008692099,57.74227905319047,77.31879672984903,20.0
Karaikal Polytechnic College,58.63218822108392,69.10591570290055,42.47909918811794,71.35711745769825,20.0
Dr Dy Patil College Of Polytechnic,58.63139016092615,46.19542177127939,82.96240914765849,62.632098622243376,20.0
Malineni Perumallu Educational Society'S Group Of Institutions,58.630195944027236,44.46658815369575,67.66993468498376,79.15095819741889,20.0
Manajiraje Bhosale Technical Campus,58.62907113581548,64.00664050171966,55.43904304252163,60.724563516567365,20.0
Ranganathan Engineering College,58.62603330128596,71.01481705200356,40.53001844962728,59.621076710344624,20.0
Rao Birender Singh State Institute Of Engineering And Technology,58.62510740915341,45.179679724030784,77.54627938604638,74.36176622846514,20.0
Cmra Government Polytechnic,58.62378356095585,46.53747090373827,70.19490994818368,82.92881822848955,20.0
Ilahia College Of Engineering And Technology,58.623003621291495,54.146100657195504,72.76118952674953,55.34737506051178,20.0
Jayawantrao Sawant College Of Engineering,58.62016322205166,52.27690096010814,64.84282962857591,69.64447906047187,20.0
Aayojan School Of Architecture,58.616637241708816,41.658019984743206,70.18677583971481,77.45962496164483,20.0
Hmr Institute Of Technology And Management,58.61391352578825,41.94445058965079,72.99286020727246,77.57263669058483,20.0
Rvs Technical Campus,58.61372684852036,47.50098284970784,55.84348874942026,81.78852006576842,20.0
Rishiraj Institute Of Technology,58.611550816875585,70.38335130696817,44.48397456523804,62.66762753817186,20.0
Parala Maharaja Engineering College,58.611122460847874,74.23307847609452,71.41477304634022,51.22789297894608,20.0
Spb Patel Engineering College,58.60216517747544,63.29528095919317,43.13873194617618,71.97056665537608,20.0
Gandhi Institute Of Excellent Technocrats,58.600570784917664,46.24551814492241,69.36745749538952,67.81173570446512,20.0
Dr Gs Melkote Rural Polytechnic,58.600215441502236,56.079344508300906,76.50250892349297,50.48807242041164,20.0
Itm School Of Architecture And Town Planning,58.60008610222779,52.29386205006285,74.95532627320158,68.45925778936731,20.0
Accurate Institute Of Architecture And Planning,58.59754082992216,43.87197974328191,71.97975756971398,67.36608139744163,20.0
Bwda Polytechnic College,58.593831823854046,46.48621280619483,80.90217688962589,53.73327595018871,20.0
Bhagwan Mahavir Polytechnic,58.59065943377653,52.487551198833074,56.69486540415949,78.25841425780357,20.0
Amara Institute Of Engineering And Technology,58.59033719688504,69.50138936190004,41.12419977542344,64.05877711994668,20.0
Central University Of Kashmir,58.58020738883907,58.13315998570136,74.22084664501227,62.08669649111788,20.0
Mk College Of Engineering And Technological Research,58.56532496165045,57.62160067007413,58.815002069549294,60.03647592512706,20.0
Royal Global University,58.56385047925338,44.04526850118952,67.27901252452884,73.64924678019491,20.0
Prasad V Potluri Siddhartha Institute Of Technology,58.55966281321581,71.06990177018794,56.44543812418836,50.409553861096605,20.0
Sri Venkateswara Polytechnic College,58.55759044596925,73.18374148376799,48.71107412198712,56.21714375840757,20.0
Nirmala College Of Engineering,58.556938884608314,54.967587695854185,61.5605291423485,65.1532841956681,20.0
Rayat Bahra Faculty Of Engineering,58.55589519838759,48.02690362455506,56.24654132303371,77.54193066047098,20.0
Suddhananda Residential Polytechnic,58.553915793543055,56.26233849079807,53.02587006227343,71.35067735222196,20.0
Subramanian Polytechnic College,58.553458705495636,60.769543405754106,57.03362012364579,62.51959048611795,20.0
Chander Singh Garhwali Subharti Polytechnic College,58.55123189824562,59.71425305884621,58.0161731325327,73.51227609623291,20.0
Avantika University,58.54710966838287,79.18295295996738,41.61806596487698,50.40727712499312,20.0
Vijaya Engineering College,58.54617578445409,65.71660186634787,52.37833871668549,54.66212905313007,20.0
Pa Polytechnic,58.53560329242446,63.473167524568495,41.00016262072141,84.72092734794546,20.0
Svpm'S College Of Engineering,58.53149992054428,59.56088135549816,62.1577944330521,71.4147217149891,20.0
Aecs Pavan Polytechnic,58.530213539145926,59.4427566562868,71.15731718308285,69.99287002450028,20.0
Geetanjali Institute Of Technical Studies,58.52688942585525,66.41080999434296,43.92498317360394,77.16185341231315,20.0
Shankara Institute Of Technology,58.526509988392064,55.60472847936438,67.9161449116397,50.583027183199015,20.0
Siliguri Institute Of Technology,58.526403368514295,65.77923558154757,56.14402672360603,65.90748307826354,20.0
Aditya Silver Oak Institute Of Technology,58.52584312699513,47.62810306436884,71.5525195256635,74.69799331959263,20.0
Lourdes Mount College Of Engineering And Technology,58.522537616045945,41.33684776367747,63.27663214722902,81.5977727489829,20.0
Prasanthi Polytechnic College,58.52224324071077,60.0123456743392,53.045027949776,78.90851572197926,20.0
Sanghvi Institute Of Management And Science,58.52097583150088,53.87167671998124,65.42937646803438,67.32720666317167,20.0
Sindhura College Of Engineering And Technology,58.51939979953843,66.09723799279863,51.4503637431142,59.75954854265398,20.0
Raghu Engineering College,58.51884216199272,75.16541194629997,41.73189679061783,63.80938104591523,20.0
Swami Devi Dyal Institute Of Engineering And Technology,58.51637434538732,60.81386489736418,57.611580534091765,62.34704245837243,20.0
Institute Of Engineering And Industrial Technology,58.513063245576625,61.49127860473962,42.1343456381847,79.26790707305119,20.0
Pvp Polytechnic,58.51008493549099,56.35444590540226,77.78848944340842,50.24666409449724,20.0
Dr Kalam Polytechnic College,58.50836641200618,51.64034768902238,53.71513918282104,80.95534645101189,20.0
Thaai Polytechnic College,58.50597290960217,50.40158687102104,64.20082659903315,69.07804778891047,20.0
Satyug Darshan Institute Of Engineering And Technology,58.505079105396526,48.73485913996318,56.48482333634533,82.45326264484274,20.0
Tippu Shaheed Institute Of Technology,58.50262939233838,66.14406004961782,40.83211233499724,82.22350164178542,20.0
Marutam Nelli Polytechnic College,58.50228145926665,69.33358655765457,47.46782203944176,63.6321597204263,20.0
Baba Saheb Ambedkar Technical Education Society,58.501529554109304,63.93651761056667,60.550814279798864,53.17546280741156,20.0
Sri Sai Institute Of Technology And Science,58.500229303908014,56.97466669323041,63.13874504363184,54.74431968807579,20.0
St Thomas College Of Engineering And Technology,58.49986495063564,58.04807115708706,60.79956994209347,68.33947785794874,20.0
East West Institute Of Technology,58.493873329157694,49.9256190007618,77.0101470888797,58.028127103316784,20.0
Naraina College Of Engineering And Technology,58.49014857156948,53.61944688005177,54.489722823652855,71.04540049293873,20.0
Sa Polytechnic College,58.48097528471364,69.6915014257612,60.37283036140744,56.191300975429485,20.0
Bv Raju Institute Of Technology,58.48040289132359,53.338555542067965,64.50203809560182,66.92978964976643,20.0
Swasthya Kalyan Technical Campus,58.47884399837548,69.32908584954045,40.58005533509318,73.09263201536713,20.0
Gujarat Technological University,58.47839095524115,55.14580740056722,48.8083532624651,79.94401190626444,20.0
Anjuman Institute Of Technology And Management,58.47730173529131,61.02520384598523,49.28832158221857,70.709824748355,20.0
Prannath Parnami Institute Of Management And Technology,58.4758079745739,43.77385419655291,77.92778910924378,54.7150114657732,20.0
Vyas College Of Engineering And Technology,58.47470055934537,54.53649943401025,50.19123451092646,73.1383323419273,20.0
Shrinathji Institute For Technical Education,58.47447632718864,70.80020516133894,43.11373263448287,58.163453440867805,20.0
Jawaharlal Darda Institute Of Engineering And Technology,58.47267401233696,63.27554907283378,59.330048439499016,74.58518037485801,20.0
Sandur Polytechnic,58.4722425709839,48.51453407582625,59.28470294510006,82.52094220816252,20.0
Shanmugha Polytechnic College,58.472175107998424,72.15799627376299,52.05183813064968,52.44979802500213,20.0
Bv Krishna Polytechnic College,58.47014807969881,53.87974404330943,58.77946504409334,66.29790240279391,20.0
Asian Institute Of Management And Technology,58.46701787595478,53.48365494651973,71.56447944916505,51.44361055216782,20.0
Bangalore College Of Engineering And Technology,58.46595484252835,41.74620475559574,72.0684215016542,66.3825734664349,20.0
Hindustan Institute Of Technology Science And Management,58.46340347532888,52.27261047144726,53.15868798045904,83.78638470546468,20.0
Jawaharlal Nehru University,58.46256517938439,72.15658895315659,43.85237912151925,61.628503000831486,20.0
Agnihotri College Of Engineering,58.46154299234037,75.90933546364998,51.93338139820539,53.74423607259571,20.0
Pravin Patil College Of Diploma Engineering And Technology,58.45900909363865,71.92115267178596,81.03240517882469,73.24057362515583,20.0
Mahath Amma Institute Of Engineering And Technology,58.45866955250909,54.05813368290942,57.7626424042548,65.1363586985129,20.0
Vit University,58.458059663564136,66.75286581944367,56.04712511587485,61.847523978179,20.0
Pillai Hoc Polytechnic,58.456658549605756,67.95085913871432,54.54249990092075,56.10410799024088,20.0
Kr Gouri Amma College Of Engineering,58.45346545299245,62.40076549749147,54.32557678909845,57.21138071931106,20.0
Tadipatri Engineering College,58.45183628794501,46.40709676070925,61.39666770231734,78.11967186350967,20.0
Rise Krishna Sai Gandhi Group Of Institutions,58.44931247221581,56.37886739886808,53.93319579641374,77.03082086588472,20.0
Bheema Institute Of Technology And Science,58.448688287247094,66.56754454815169,46.84032265844752,64.93621689182604,20.0
Al Azhar Polytechnic College,58.43794403734,43.46392359829203,65.79863933447425,84.67416106507359,20.0
Dr Dy Patil Vidyapeeth,58.428856569139164,59.65750157147518,43.60667850258711,79.93594853386266,20.0
Atal Bihari Vajpayee Indian Institute Of Information Technology And Management Gwalior,58.42743770388837,78.70641797715207,46.63678785264743,58.51907735988768,20.0
Kalasalingam Institute Of Technology,58.425043911215816,42.65197875544617,83.63918048317636,53.14166775170692,20.0
Himachal Institute Of Engineering And Technology,58.421414870970416,46.36129311770062,77.93345848992871,51.86742786182537,20.0
Pallavan College Of Engineering,58.42025326269972,58.78826695307404,49.16671958258497,70.83387135434872,20.0
Rattan Institute Of Technology And Management,58.41583590142568,53.58437026663388,51.13605186300661,78.52026805695137,20.0
Dr Apj Abdul Kalam Women'S Institute Of Technology,58.41234808114326,61.90065473163637,75.20844537090593,51.03663549368652,20.0
Uttarakhand Technical University,58.408468905065774,50.86626618636491,75.2546015732562,84.09930058201044,20.0
Holy Mary Institute Of Technology,58.40778337124321,69.05844744264881,41.90139016477412,62.296130546958985,20.0
College Of Architecture,58.40666738032622,79.95547308383902,77.83565316972354,73.93778983614506,20.0
Mohamed Sathak Engineering College,58.40655005992387,40.68820707285593,82.67128937192987,59.911067802735545,20.0
Nsn College Of Engineering And Technology,58.40581997187057,60.31643226241295,59.13393240767645,59.05964554306584,20.0
Chendu College Of Engineering And Technology,58.40389162761279,65.51218241594327,45.22207788716455,64.88630398472813,20.0
Pk Polytechnic,58.40336014682072,43.9374775644399,79.1161170702917,54.11319641909682,20.0
Krishna Engineering College,58.40026233194691,59.37556687228966,64.96814473952941,56.66354526283603,20.0
Acs College Of Engineering,58.39951994906802,64.72677476383913,53.011049680472986,60.80252151183696,20.0
Awh Polytechnic College,58.39899677199644,75.72108114590716,48.432024278096485,59.574451891643335,20.0
Sms Polytechnic College,58.397338686020994,53.862991920449474,64.49526811400202,62.76012376393136,20.0
Someshwar Polytechnic College,58.39584298973675,62.04801575051262,42.31591460214082,78.10596151279015,20.0
Sri Ramakrishna Engineering College,58.39510493808257,61.05656198583,50.57702259569001,72.42798159365941,20.0
Kakinada Institute Of Technological Sciences,58.3933233711924,60.40906957332204,62.786891407637285,52.897032595445886,20.0
Himachal Pradesh University,58.39253916782428,66.19897808430066,71.57181911338778,76.77145973109853,20.0
Adesh Polytechnic College,58.390619520529945,50.89709952403376,60.33853189338969,77.04797879601414,20.0
Vaish College Of Engineering,58.38793773909423,56.48935382157407,64.24195864789817,55.28736660012342,20.0
Sharad Institute Of Technology,58.38601388547611,59.09860657743724,48.188710233276,84.58462845690455,20.0
Lumbini Group Of Institutions,58.385590405297755,42.74104949323433,68.7631817436741,76.7784920590548,20.0
Noida Institute Of Engineering And Technology,58.38500241475163,62.06932116860864,54.5647201702035,61.60050088173716,20.0
Bidhan Chandra Krishi Vishwavidyalaya,58.384479212482546,53.0584378437499,55.34813794838527,74.17737198821104,20.0
Kai Sau Sunitatai Eknathrao Dhakane Polytechnic College,58.38398849054382,46.68746760466733,67.77315362845343,70.33388970852593,20.0
Shri Tirupati Tantra Niketan,58.382559302202864,60.7377687801644,72.6723333929799,69.31322507932744,20.0
Radharaman Institute Of Research And Technology,58.381104101002904,76.22464692385007,40.94374722894428,50.23800612887651,20.0
Aravali Institute Of Technical Studies,58.37701568808713,57.8265432122759,52.95125049310919,71.63482750679304,20.0
Rl Institute Of Nautical Sciences,58.376735391016396,68.83165798720984,65.74172423936957,73.61798845708168,20.0
Cmj University,58.37259709148374,44.12433066051428,79.54483417099178,57.21537364175399,20.0
Gnanamani College Of Technology,58.37008045166259,52.78327446811271,50.470503792795625,83.76265868115647,20.0
Laxmi Devi Institute Of Engineering And Technology,58.36851931275301,55.50115583052426,48.7529112624471,83.08753353562244,20.0
Kanpur Institute Of Technology,58.36811546876625,57.29713670206056,63.914635288020335,57.57178415750116,20.0
Laljibhai Chaturbhai Institute Of Technology,58.36616983750733,46.78870470748035,83.40577618517358,52.39628907916084,20.0
Easwari Engineering College,58.3655220119455,49.35451098066464,71.80572278447326,64.25651321741309,20.0
Skyline Institute Of Engineering And Technology,58.363199326023235,56.79061486293327,48.76297344729322,72.27254939754883,20.0
Adichunchanagiri Polytechnic College,58.35686572845056,54.80721975469862,52.86700826314422,78.83165712027576,20.0
Oxford College Of Engineering,58.3532043593031,51.27281674634639,61.5475402619898,65.69519999404277,20.0
Seshachala Institute Of Technology,58.35309861251479,75.59530560548575,40.66486551994944,52.3726020141468,20.0
Jaya College Of Engineering And Technology,58.349762154863775,55.71217505396176,60.62824806707444,58.10451080730471,20.0
Gandhi Academy Of Technology And Engineering,58.33866826249743,60.27489590743812,53.35475429973381,66.6707962796753,20.0
Shree Sai College Of Education And Technology,58.33748858496364,55.01824961847223,49.89608050398372,75.26592627558307,20.0
Srinivasa Institute Of Engineering And Technology,58.33704894789755,49.1219586481858,62.30215259586493,76.12864410251917,20.0
Gurukula College Of Engineering For Women,58.32950227737784,41.476217700615166,81.54357215212042,61.4721036493588,20.0
Ks Polytechnic,58.3288922653428,63.097753368907945,44.41632905108955,77.19416413889608,20.0
Bethesda Institute Of Technology And Science,58.32804945800375,48.21095022317177,52.60552374714535,84.65767731484121,20.0
St Mary'S Technical Campus,58.325954464872616,59.97995876645724,44.38350331242307,75.50105613144517,20.0
Maharana Pratap College Of Engineering,58.31954767984788,48.44876648725261,63.76258518465316,68.90037215514742,20.0
North India Institute Of Technology,58.31945378074912,56.427243727467136,56.06991239144847,65.5527409007909,20.0
Jawaharlal Nehru Institute Of Technology,58.31854178006344,54.794580354047866,71.27892615578395,50.8201745938457,20.0
Behara Polytechnic,58.317942798173746,56.50691745241237,70.74155172855215,55.653541963256174,20.0
Siddhivinayak College Of Science And Higher Education,58.31555865478406,57.60191689680619,47.7606390508789,74.76041821011894,20.0
Institute Of Mass Communication And Media Technology,58.30744856463874,61.32498819271456,48.35629669746999,72.49349535046645,20.0
Swami Devi Dyal College Of Technical Education,58.30499711964005,60.76059426547036,54.69339543831323,58.55377344889297,20.0
Bhadrak Institute Of Engineering And Technology,58.30340525362365,63.44490850137811,47.12680625681114,75.1664860352379,20.0
Poornima College Of Engineering,58.303048035728494,40.096136010931794,74.56268223772796,76.90472236453813,20.0
Bandari Srinivas Institute Of Technology,58.30039498041663,57.07327302705005,47.53630780976193,70.81051377642419,20.0
Al-Habeeb College Of Engineering And Technology,58.299209160077645,57.89527408020562,49.139826211177365,72.69251340462667,20.0
Radharaman Engineering College,58.297891599324196,50.99935910923681,53.42222820495012,77.36772461626991,20.0
Abr College Of Engineering And Technology,58.29339973878356,48.66998580386822,62.650298817388666,70.41000059996892,20.0
National Fire Service College,58.29187004197844,71.17714174058794,70.52649264048594,75.68190719156176,20.0
Indus Institute Of Technology And Engineering,58.28961358915119,63.473708424311326,46.145946365609966,65.96685008654444,20.0
Indian Institute Of Information Technology Kalyani,58.28937770483415,45.494326900967714,77.04146541256571,84.56853783237906,20.0
Maharana Pratap Engineering College,58.28878311962277,45.534495073476,67.71307179472444,68.23775514585847,20.0
Janta Polytechnic,58.28329752332151,54.723959115032535,84.1558111612581,64.97430341541168,20.0
Ram-Eesh Institute Of Engineering And Technology,58.277165069747255,46.81880177369006,84.22248391408773,59.41521045998265,20.0
Skn Sinhgad Institute Of Technology And Science,58.27682681621127,66.47127051667734,52.4620128643164,55.71388536436563,20.0
Tgl Gopalsetty Polytechnic,58.2749903408619,49.38530287507454,64.91287138885582,73.00458696981016,20.0
Kg Reddy College Of Engineering And Technology,58.27274708996176,46.23746837949424,67.06043504029691,72.42331807625511,20.0
Aryan Institute Of Engineering And Technology Polytechnic,58.27265313442149,52.49515496847047,56.288123167527885,77.2193761697664,20.0
College Of Engineering And Management,58.27226896295358,65.41906815498953,57.07643355905485,59.68672575459252,20.0
Shri Rawatpura Sarkar Institute Of Technology And Management,58.271578109985626,48.22452640699676,62.79662746655248,74.83468760353202,20.0
Maharishi Arvind College Of Engineering And Research Centre,58.27111049491222,50.08625394651372,60.45877664958223,74.84582535980805,20.0
Ket Polytechnic Institute,58.26400643871122,67.06041090515087,51.09676027575139,59.808122159599264,20.0
Swami Vivekanand College Of Engineering,58.26172706075963,40.97506548357388,68.28612312292452,79.85275986261126,20.0
Korm College Of Engineering,58.259875034348745,65.77697216380798,59.53169807548981,80.13602326273262,20.0
Jaipur Institute Of Technology- Group Of Institutions,58.257945014715375,69.06402323674602,42.51618204836389,63.18690752792946,20.0
Rns Institute Of Technology,58.253786120109545,61.68073185292359,50.10736341717932,73.82901797109999,20.0
Indo Global College Of Architecture,58.25210903943777,56.725375750778,65.5142545093134,55.063872443648336,20.0
Ba Ramaiah Polytechnic,58.2518267045734,66.77632429624799,43.19160544889342,73.34317215189333,20.0
Kathir College Of Engineering,58.25147008187913,43.179474056126274,74.62089413703359,64.6229892097765,20.0
Bansal Institute Of Research And Technology,58.249797238628894,45.16041113951869,81.69776366626778,52.9490929514526,20.0
Madhuben And Bhanubhai Patel Institute Of Technology,58.247448393012235,56.161521685991616,55.50221982742376,77.09971559575277,20.0
Shree Saraswati Education Sansthanï¿½S Group Of Institutions- Dept Of Engineering,58.247344451168516,41.90039950867106,82.69463167023409,61.84057023700942,20.0
K J Faculty Of Engineering And Technology,58.24642084893917,65.0570473120576,45.833470286374535,63.76976642433237,20.0
Tantia University,58.245240260225614,65.02113775052763,75.73304373573978,64.86511219021446,20.0
Rungta Engineering College,58.243843692293815,67.1709278937058,51.13495579960814,58.441387340221866,20.0
Bharati Vidyapeeth Deemed University College Of Engineering,58.242834347099766,65.16620398465676,48.47887006867103,70.90113569433677,20.0
Vivekanand Education Society'S Institute Of Technology,58.23926379246714,61.2098974271568,48.87740484018771,83.21295592183546,20.0
G Pulla Reddy Engineering College,58.23919858343703,59.61428791751253,76.19579134341117,50.00608519880738,20.0
Global Academy Of Technology,58.23856860806721,64.73939287651916,48.63510233755406,69.66374700380975,20.0
Srinix College Of Engineering,58.23690023731375,59.55005052047242,73.79330501441052,50.14533367094143,20.0
Abbnoor Polytechnic College,58.23104389738116,48.805723285661294,58.20395010028538,72.30643942034415,20.0
World College Of Technology And Management,58.23066272947801,51.076972579775294,52.27615357997322,77.72633069823907,20.0
Holy Mary Institute Of Technology And Science,58.22532935478979,53.04369825878212,63.39942240562242,63.30080020019834,20.0
Met Institute Of Technology Polytechnic,58.224148174231885,51.16313752044777,70.61058610726256,62.02010746661689,20.0
Lala Lajpat Rai Memorial Polytechnic College,58.222911488542536,50.752185864064685,52.28910481463809,84.10067868253932,20.0
Manakula Vinayagar Institute Of Technology,58.22156949658633,57.48744317033618,45.12334469744787,82.03185551069475,20.0
Anant National University,58.21677190061328,73.4741403698786,79.40872905619875,63.70993997935917,20.0
Annamalaiar College Of Engineering,58.21223370610413,40.16296034782882,66.38210874280489,75.73458766437142,20.0
Shri Shivaji Institute Of Engineering And Management Studies,58.21220302712382,47.9262625199446,75.21689588503857,58.62404950986108,20.0
Carmel Polytechnic College,58.208439449216115,53.70146566649785,74.25372311846282,57.72750529680003,20.0
Bhavnagar Polytechnic Institute,58.20312815541341,65.49789570438608,48.19979170223978,66.1082141383533,20.0
Jai Shriram Engineering College,58.195407758055794,57.03285516445314,67.83286759010329,55.014012869355525,20.0
St Margaret Engineering College,58.19534395982688,70.80773146607059,48.94397946251206,50.4752124498232,20.0
Hi-Point College Of Engineering And Technology,58.19486939215703,40.29177327173057,84.82953545606615,58.16734072410016,20.0
Egs Pillay Engineering College,58.19460517635595,61.52901255786091,57.25801524099815,59.8394324364556,20.0
Bipradas Pal Chowdhury Institute Of Technology,58.19241962542904,73.13220600897678,60.48490786497874,56.971465890149496,20.0
Kcg College Of Technology,58.188715778433895,46.995929695707936,77.24884782095135,57.50377256371652,20.0
Jagadambha College Of Engineering And Technology,58.18825418917275,43.80150821246751,81.25848089939564,57.9389363625642,20.0
Sctr'S Pune Institute Of Computer Technology,58.186353883863596,59.20298213058288,75.22798396749562,52.56873802011931,20.0
Dr S And Ss Ghandhy College Of Engineering And Technology,58.18557750977456,45.25468569637134,66.04415625505291,76.6338322311409,20.0
Sam Higginbottom Institute Of Agriculture Technology And Science,58.182269425852176,64.69572837057582,65.07538470036425,67.1319080982107,20.0
Shriram Institute Of Engineering And Technology Polytechnic,58.17898117107466,67.05712639375625,53.04342155412247,55.02422872953434,20.0
Pandit Deendayal Petroleum University,58.17196423106673,66.65531585300393,49.453651311586285,72.94704112192792,20.0
Apollo Institute Of Engineering And Technology,58.16745442761905,59.651973056642376,61.247510522905216,61.53397113932851,20.0
International School Of Technology And Sciences For Women,58.164908720801776,62.04171909991307,47.765778221643146,71.49956275070656,20.0
Ssld Varshney Institute Of Management And Engineering,58.16441899053548,75.65509001434026,68.4492959869541,76.53858193039736,20.0
Angel College Of Engineering And Technology,58.15953588668552,54.9435601798531,43.26923896174258,84.43165029548814,20.0
Shadan Women'S College Of Engineering And Technology,58.15549519831743,50.38922110288589,66.88416326158757,61.91423365370813,20.0
Sree Narayana Guru Institute Of Science And Technology,58.15230609369446,42.217879053736944,82.28452324232444,59.42480531627731,20.0
Image Engineering And Technical Institute,58.14942765488681,75.42102299048163,41.46990302559723,76.98086718438101,20.0
Kurukshetra Institute Of Technology And Management,58.14923452572526,61.0764445604799,62.52630312794666,50.15499904526763,20.0
Tawi Engineering College,58.147432010243485,45.12642746539625,70.66886834679117,79.21685110008251,20.0
Sita Rajaram Polytechnic College,58.146513655761154,70.8154433227077,47.058745053876926,53.8931002586576,20.0
Ks Jain Institute Of Engineering And Technology,58.145179905607534,40.29222486867113,74.82893122621189,62.5003692794355,20.0
Disha Institute Of Management And Technology,58.14506593771972,69.23996199030795,44.01504503113644,54.27979203270456,20.0
Sikkim Manipal Institute Of Technology,58.14024785657322,46.811235926940086,76.26516341310904,56.85723213737031,20.0
Bhai Gurdas Institute Of Engineering And Technology,58.13885523243299,50.148380309518025,73.72167263116145,57.58036838967211,20.0
Adsul'S Technical Campus,58.13383808525562,57.44961454162304,48.02377278402752,75.93472869872707,20.0
Maharaja Ranjit Singh Punjab Technical University,58.123552083630024,43.43016014196123,70.98435605267133,75.81310464241673,20.0
Rane Polytechnic Technical Campus,58.121437301285475,76.47583207154653,40.17126621371455,62.91129672749595,20.0
Shri Shivaji Vidya Prasarak Sanstha'S Bapusaheb Shivajirao Deore College Of Engineering,58.11690475084981,47.89460750455238,72.73161590928997,64.19739620943878,20.0
Shrinathji Institute Of Technology And Engineering,58.10205355454911,59.302038898526654,49.3138243917618,68.0326004178413,20.0
Sanjaybhai Rajguru College Of Engineering,58.10177675597871,70.16306416761626,46.34784009875918,57.78791253579546,20.0
Shatabdi Institute Of Technology,58.10133159445521,47.545405974517,64.3120990624778,73.75136810577752,20.0
Vignan Institute Of Technology And Management,58.100479720447254,54.44470098589221,62.383428600406106,60.56560650743469,20.0
Maharani Girls Engineering College,58.09949455193247,58.88468741209601,53.88354014800685,61.26395207589066,20.0
Giet Polytechnic,58.09754115302349,64.1415002411644,48.23201631577204,65.08656701200137,20.0
Meenaakshi Ramasamy Polytechnic College,58.09509249745563,49.144591048155554,79.3834999427412,57.13213669629507,20.0
Mahatma Gandhi Institute Of Technical Education And Research Centre,58.091335954156754,49.07943807762876,73.20967291385278,78.2636123465267,20.0
Oxford Polytechnic,58.08669520183559,72.17009346133196,50.55944927219791,52.11311111165136,20.0
Dharampeth Education Society'S Dharampeth Polytechnic,58.08469836901927,51.479489961284486,71.52694312389976,66.57085153405784,20.0
Ballari Institute Of Technology And Management,58.080517965050376,41.14353617691562,68.97958479792207,80.95888826871214,20.0
Ssn Engineering College,58.07631821363833,58.13066233431783,52.417276390946,67.7968712346867,20.0
Bhoj Reddy Engineering College For Women,58.06766403204231,75.81306834027458,46.74356311394805,51.26329231995718,20.0
Sreenivasa Institute Of Technology And Management Studies,58.06507412434495,70.83918875943685,46.000143344071375,58.34899809964551,20.0
Atme College Of Engineering,58.064576917020794,53.56983474538306,62.36492732093389,66.6229867464419,20.0
Vishnu Institute Of Technology,58.057060760510915,53.54126316649288,65.14286814876169,64.70817017551649,20.0
Vikash Polytechnic,58.05671210064271,57.96823912681477,63.6185588078006,52.011499140695946,20.0
Svs College Of Engineering,58.05384279330019,65.16227520467919,57.20885683989253,53.26464005583868,20.0
Sivaji College Of Engineering And Technology,58.053778979323624,47.481238695119,60.510192566127216,72.33774374366129,20.0
Murugappa Polytechnic College,58.05214450608177,52.38085601072814,77.56321014525756,56.0889072893056,20.0
Tayyib Muslim Polytechnic College,58.050709635794476,60.913905936205055,63.94429280203692,72.00027505334995,20.0
Annamacharya Institute Of Technology And Science,58.04871789527175,54.7510689035076,65.04457620883842,53.44277586672085,20.0
Lucknow Institute Of Technology,58.048116247394056,74.75786576330748,40.20274289808189,55.172413608001136,20.0
Cmr Technical Campus,58.04334348677287,60.079790899006,59.281315255079775,60.50646613538488,20.0
Kshatriya College Of Engineering,58.04064107605756,74.01241301132856,40.85884808939184,58.7636579543462,20.0
Smt Sr Patel Engineering College,58.038770526254496,47.31704118567124,69.44722240218663,70.64488277377352,20.0
Sri Dharmasthala Manjunatheshwara Institute Of Technology,58.037457273704334,62.45283818777777,42.15157954765873,82.04843433707646,20.0
Cusrow Wadia Institute Of Technology,58.036956859345864,70.254346184025,42.50061899430611,75.93955726205546,20.0
Rk College Of Engineering,58.0352777774635,59.32822203830724,62.36918688041054,50.48626964906759,20.0
Dr Mgr Polytechnic College,58.03434390972445,62.94569064981475,57.24920309765349,55.8696518499901,20.0
Mk School Of Engineering And Technology,58.032702681232905,70.4377484677918,41.51478231506383,65.592184131938,20.0
Jagan Nath Gupta Institute Of Engineering And Technology,58.02892251185153,42.67278976565963,81.34743482689971,54.75500455782026,20.0
Gurukul Polytechnic College,58.02870169875992,41.44303928349465,67.96268739386977,72.4138071051931,20.0
Hewett Polytechnic,58.02264460863669,72.90451266209972,76.29042252369584,81.1895462558173,20.0
Ramakrishna Mission Polytechnic College,58.01746957086638,69.09325965492094,53.75124656383048,64.40381340691142,20.0
Marwadi Education Foundation Group Of Institutions,58.01506092082446,56.95101937900256,41.41096441995718,78.04984552297344,20.0
Moghal College Of Engineering And Technology,58.00847883813987,43.581106643933786,69.02929966569626,65.25684952801569,20.0
Central University Of Jharkhand,58.0041044303981,46.79195888540841,73.98065114742424,67.00825736649121,20.0
Babu Banarasi Das Northern India Institute Of Technology,57.99405590093134,65.96900868150651,43.53586271532627,62.85179726032612,20.0
Parul Institute Of Technology,57.99142388768122,42.79477270867732,71.5151834841075,76.99334248665166,20.0
Vastu Kala Academy,57.987374002456136,43.8443008481373,79.94273713874323,66.2687697682484,20.0
Dr Akhilesh Das Gupta Institute Of Technology And Management,57.98612298577649,69.25717349034291,57.19375615886178,51.24946745408723,20.0
Maulana Abul Kalam Azad University Of Technology,57.98224879641849,49.62732370621243,80.19177601266426,55.09152889332796,20.0
Udaya School Of Engineering,57.97271814834991,59.494804188356426,44.55384406059422,72.14167726314663,20.0
Rcc Institute Of Information Technology,57.97264082424614,58.727864337612445,67.02876794692597,65.89947433638555,20.0
Mahaveer Institute Of Technology,57.97230646214868,59.13154516740671,54.30420541380357,66.45530266395347,20.0
Pnb Polytechnic College,57.971649955224144,52.51614102811609,49.22370806524294,75.59075883924847,20.0
Krishna College Of Engineering,57.97153821083221,40.58032593965788,76.33187577987223,73.10671663912812,20.0
Rajiv Gandhi Government Polytechnic,57.967624771431076,53.20575788374936,48.49585033084681,81.3066716104717,20.0
Jis College Of Engineering,57.96315534115807,64.1058110071153,60.9707303426342,51.29094222317116,20.0
Vissj Government Polytechnic,57.96312782674433,61.42031312071552,57.37345429379555,68.98101194169747,20.0
Odaiyappa College Of Engineering And Technology,57.96210969183624,42.27845727326014,62.74656601576649,82.7484286398118,20.0
Sacs Mavmm Engineering College,57.957301272576316,74.50269044408228,45.353787766675865,52.18358516591496,20.0
Shree Sant Muktabai Institute Of Technology,57.94935806385585,44.03906573226521,65.08141267843283,76.93317174513096,20.0
Shri Chhatrapati Shivajiraje College Of Engineering,57.942873205755404,50.60429060134979,56.61684689858953,72.7345704110998,20.0
Jawaharlal Nehru Technological University College Of Engineering,57.937307959388015,68.5185728036119,51.00122310718636,65.62866379781248,20.0
Asians Institute Of Technology,57.93722294233834,47.18161617748984,51.008910560337256,82.29230873138634,20.0
Vishwaniketan'S Institute Of Management Entrepreneurship And Engineering Technology,57.93664735028803,49.28212714793096,72.71263865814838,62.083178137096674,20.0
Gh Raisoni College Of Engineering And Management,57.933880916377184,66.49370464411354,68.9953007012928,54.23758026221776,20.0
Gudiyattam Polytechnic College,57.93307614407582,50.19750524356565,65.62955555483167,62.52811529097762,20.0
Srm Valliammai Engineering College,57.93170406428727,47.76811760547778,63.72391702119524,72.83537536049576,20.0
Giani Zail Singh Campus College Of Engineering And Technology,57.931232509447874,71.39446990616918,43.78225907613207,57.86331034008334,20.0
Centre For Development Of Advanced Computing,57.92972848837475,77.06598529402272,47.77207677687363,58.195530866714414,20.0
Malla Reddy College Of Engineering,57.927389534965414,60.02541051951368,59.745844746393374,57.083991957319846,20.0
Accurate Institute Of Management And Technology,57.91962030427288,42.99697281084974,76.19773436445203,53.36700174340508,20.0
Miet Engineering College,57.91544225784075,59.29307070237328,41.16791547023034,82.44758997832251,20.0
Ramya Sathianathan Polytechnic College,57.91011443089836,50.47092406092241,73.99730886156304,58.96748600811189,20.0
The Neotia University,57.9071369250977,65.0360183790565,51.47080985420126,60.0206211100725,20.0
Js Institute Of Management And Technology,57.90578618018539,41.47900021300647,70.3098786421204,73.62095016075705,20.0
Infant Jesus College Of Engineering,57.89680336721438,68.69047427980352,45.45258086942432,57.30450527891611,20.0
Indraprastha College For Women,57.89360354703466,69.0564474227976,56.43676659279624,73.06880127305216,20.0
Shri Vithal Education And Research Institute'S College Of Engineering,57.89278236001325,61.98973881989299,54.99441246363805,54.0272695642903,20.0
Trr College Of Technology,57.89079982630354,51.16870080167598,70.19032222814735,65.05079335856324,20.0
Asan Memorial College Of Engineering And Technology,57.889935536469224,48.10759048868222,55.18269274795634,76.77436358080796,20.0
Sri Krishna Polytechnic,57.88849681569351,52.04320036227294,56.4763489439825,74.34339374621756,20.0
Sri Sai Institute Of Engineering And Technology,57.88339268513967,63.711820548035625,51.01944787950554,52.69107098857328,20.0
The Selvam Women Excellence Engineering Technology,57.88179261783784,40.19651356480756,68.35423646109516,78.5182488828458,20.0
Deendayal Polytechnic College,57.88064171967214,76.52871196725715,40.76313150470221,51.20712996285308,20.0
Sree Krishna Polytechnic College,57.88027997051287,51.81220700319233,52.042722894535714,83.53725601808276,20.0
Apollo Polytechnic College,57.88000589435629,48.78112862340368,61.35714569287594,76.64931442688496,20.0
Up Textile Technology Institute,57.877026525892695,77.14442413631615,46.50698151755414,77.53016125535223,20.0
Aayojan School Of Architecture And Design,57.876942407504934,70.46199592778216,48.420060588676414,63.95536215798082,20.0
Excel College Of Technology,57.87406162827085,48.99350264049025,54.87795356431305,79.4929427275455,20.0
Kce Society'S College Of Engineering And Information Technology,57.87291598487677,49.91739571260996,66.98338523316691,66.50307625774882,20.0
Regent Education And Research Foundation Group Of Institutions,57.871309415773965,54.68967205775587,68.75971458968253,55.05373063006405,20.0
Mahendra Polytechnic College,57.86931037260789,49.34918715226439,52.18426232418682,74.9374377677265,20.0
Global Institute Of Management And Technology,57.86575369829552,66.08840347588645,55.07494868954415,55.49788661275056,20.0
Mam College Of Engineering And Technology,57.86573095782765,44.44656373385017,81.71798380052556,53.76036345214169,20.0
Orissa University Of Agriculture And Technology,57.86308576655707,60.44925953255941,51.51911789409807,62.69578819447872,20.0
Atal Bihari Vajpayee Government Institute Of Engineering And Technology,57.86277120746734,50.34764796315997,82.13066077140343,71.2481804159777,20.0
Aryabhatta Institute Of Engineering And Management,57.85732899652162,53.22357861311544,59.48952958459087,63.30309273463702,20.0
Sir Issac Newton Polytechnic College,57.857009474523494,78.47355376089408,44.50201227804956,50.27723721371373,20.0
Dr Vishwanath Karad Mit World Peace University,57.85566866671854,55.23780832453126,58.6223404576038,63.65749267841527,20.0
Ch Bansilal Government Polytechnic,57.85492061332019,56.41416109194196,81.71719131639169,57.9696138470424,20.0
Babasaheb Gawde Institute Of Technology,57.85341835985569,55.59389900864721,73.59628939425505,70.78335940440704,20.0
Annapoorana Engineering College,57.851164914455026,64.03355560184593,49.05441430194338,58.283899850028256,20.0
Lbs Institute Of Technology For Women,57.8507292380791,68.84078131224274,45.42865412219695,71.43531275159675,20.0
College Of Engineering And Technology,57.84969286122012,60.483344956574776,70.12277884529745,72.91756124233508,20.0
Vivekananda Institute Of Technology,57.84391542103576,70.79021851308504,44.975196894350354,59.41621683337024,20.0
Shri Ram College Of Engineering And Management,57.84231338174477,46.85827192360753,79.79248448102283,50.05823789417005,20.0
Pes College Of Engineering,57.839191341342264,75.8521375837172,43.3687860362667,55.0154284538277,20.0
Malwa Institute Of Science And Technology,57.83816051581802,54.07660913377002,46.46962845453511,80.95633258938177,20.0
Geeta Institute Of Management And Technology,57.83739458431348,53.93510991123581,59.08118113030244,74.48852210894317,20.0
Baba Hira Singh Bhattal Institute Of Engineering And Technology,57.83706417590169,58.97242115965548,53.76331617029843,64.14735821824137,20.0
Girivaasan Polytechnic College,57.83546103570059,69.60330312655688,45.69286986984116,50.39843322531224,20.0
Vidya Bharathi Institute Of Technology,57.83054356501212,47.65840579328139,47.760249354421134,84.78300198828005,20.0
Srinivasa College Of Engineering And Technology,57.82825343578476,68.31382000667966,40.516361375835366,69.75383081536498,20.0
Shree Ganpati Institute Of Technology,57.82771054739378,44.62302500948206,66.06838638703402,77.20768556406613,20.0
Vishwa Bharathi College Of Engineering,57.826319752557986,64.65357959129317,47.864768600204464,65.96277052758832,20.0
Swami Vivekanand Institute Of Technology,57.82561331977889,41.2818987958096,72.72388768820836,64.11015132897622,20.0
Giet College Of Engineering,57.823117664663265,46.20340675472961,57.18982137915887,81.43129238007889,20.0
Gojan School Of Business And Technology,57.82188486903861,55.35064960406413,41.63668860948045,83.4445515061631,20.0
Sri Muthalamman Polytechnic College,57.820310274151836,42.85206955092845,64.63133773431821,80.6636257204973,20.0
Sree Dattha Group Of Institutions Integrated Campus,57.81871195618009,42.01754535413232,67.47919984810834,70.00606593633053,20.0
Kln College Of Engineering,57.81565727725834,59.33871725976452,57.18971272304307,60.23378625355861,20.0
Selaqui Academy Of Higher Education,57.81286327195653,42.38672043129032,81.18605693946489,71.41536739716206,20.0
Paavai Engineering College,57.81152174195464,44.60113792767609,66.95199948627116,71.3810980539385,20.0
Mbs School Of Planning And Architecture,57.81114540230365,45.99977059129975,82.29835180996109,51.43349637319035,20.0
Psn Institute Of Technology And Science,57.81014516438513,60.63712801730597,41.84317005997028,73.70073669331191,20.0
Kasireddy Narayan Reddy College Of Engineering And Research,57.809495362292495,44.48630198048991,71.71676599215093,64.76540993221407,20.0
Mg Institute Of Engineering And Technology,57.807024850640694,53.747368481091165,49.11576926534189,78.52608623513694,20.0
Rr Polytechnic,57.8060467402384,47.7678683174198,74.68810184157695,53.546092253484,20.0
Vaishnavi Institute Of Technology And Science,57.80562319026747,69.39941351020305,47.57953245350544,58.11412149317601,20.0
Noida International University,57.796409121112,65.73824863602218,58.68763352572736,50.183534223361285,20.0
Shree Dev Bhoomi Institute Of Education Science And Technology,57.795816804779406,62.99193691977204,59.387743297527386,53.70665467363473,20.0
Narayana Engineering College,57.78939868235203,55.67706220202232,45.902746661455545,84.26026091497314,20.0
Guru Arjan Dev Polytechnic College,57.7850866487349,51.14947736863255,54.53543925291072,78.32327394143158,20.0
Satyam College Of Engineering And Technology,57.78204385695699,46.5314173914226,54.36948238932522,79.78053647233213,20.0
Utkal Gourav Madhusudan Institute Of Technology,57.78031462754155,79.7724922395318,80.67550340749587,52.73393924106282,20.0
Gt Government Polytechnic College,57.778331250224305,53.97619235876645,76.48867915661027,76.89277166842177,20.0
Ganga Technical Campus,57.7712679981204,55.03038714158663,62.679193581606015,51.30389317128325,20.0
Heeralal Yadav Institute Of Technology And Management,57.76962161791181,46.535515711588985,55.41298506202877,83.31134155442905,20.0
Iimt Institute Of Engineering And Technology,57.76872343303465,46.00798201627209,55.48775904490196,78.60932228138974,20.0
Shri Balasaheb Mane Shikshan Prasarak Mandal Ashokrao Mane Polytechnic,57.76853182101583,50.96941245572567,68.33542524811034,53.57914290160083,20.0
Institute Of Technology And Management Universe,57.75540734531095,46.80086232040596,59.51824344630623,76.00406495076588,20.0
Raasi Polytechnic College,57.74366233749625,44.15412115102447,58.96998589275682,75.11665671701601,20.0
Sanjivani College Of Engineering,57.74308547290195,60.53225144721486,63.31983481008365,57.41814877165451,20.0
Krishna Murthy Institute Of Technology And Engineering,57.740848500500604,44.86785837496868,72.48645140356169,56.72961014990817,20.0
Manora Polytechnic College,57.73987544531614,70.70133371876892,47.747443862476,57.211466065302446,20.0
Narula Institute Of Technology,57.731555127483155,41.98502742052861,80.33354318594948,64.05113396620816,20.0
Presidency University,57.73056289061672,62.993169054072666,62.20017906159015,81.5885829757298,20.0
Sri Vidya College Of Engineering And Technology,57.72773832987305,59.80291665799246,60.59598845169137,54.01239396056184,20.0
Paladugu Parvathi Devi College Of Engineering And Technology,57.72762102771541,48.08879360898385,50.38030084536213,80.94382451679425,20.0
Kakinada Institute Of Engineering And Technology,57.72551931252846,46.31170313072328,74.59975265976291,64.70075569084189,20.0
Dr Dy Patil Biotechnology And Bioinformatics Institute,57.72419815497268,68.54220302098537,50.07563020168772,60.227516133299005,20.0
Gopal Krishna College Of Engineering And Technology,57.72267915259865,60.08368694699509,49.433494179333664,69.4554040833565,20.0
Sharda University,57.72217454196169,43.24178221385864,82.07332754817277,51.88190467389791,20.0
Adhiparasakthi College Of Engineering,57.72151964732818,43.87131685966172,56.95022323869502,82.74652745338054,20.0
St Mariam Polytechnic College,57.71751352465014,41.35409081002668,63.95105046973004,78.55363974114914,20.0
Shri Laxmanrao Mankar College Of Polytechnic,57.712283610985956,61.53182906573515,55.57655310592935,52.25446875158853,20.0
Sree Rama Government Polytechnic College,57.71030446985095,75.456443220556,46.85875305663931,71.85628702256064,20.0
Apex Institute Of Management And Technology,57.70568460322105,47.26970310759484,69.06868117543495,62.42274320082824,20.0
Chhotu Ram Rural Institute Of Technology,57.703664813485176,74.58944293280143,60.19001142449228,54.19003918012677,20.0
Sri Vasavi Institute Of Engineering And Technology,57.70120550550945,52.48154148407121,60.034651363678165,67.25450384027815,20.0
Bengal Institute Of Polytechnic,57.69302536305188,48.02201805057799,54.94049618679799,82.34182309933091,20.0
Techno Global University,57.69129399010308,59.63604962052218,43.72098839355248,70.82394101759232,20.0
Dhaya College Of Engineering,57.68942332930746,42.57364855125713,74.54051522402973,64.71326848194064,20.0
Arunachala College Of Engineering For Women,57.68455211695154,61.45271896793148,55.33241656412979,59.62040736768974,20.0
Ambalika Institute Of Management And Technology,57.67805463397458,50.39025522871681,55.21474475352376,77.91464699002947,20.0
Mp School Of Engineering,57.67585224571978,44.91694923111463,61.76083070289099,77.75687281977861,20.0
Dhaanish Ahmed Institute Of Technology,57.67412690366825,48.04372727364377,56.38445441192141,74.11504389216935,20.0
Ashoka Polytechnic,57.67333687008016,67.61677569765925,46.18976168743637,53.462174675989445,20.0
Institute Of Road Transport Polytechnic College,57.668516896765254,44.04440446281129,80.95426841528138,69.60776848406219,20.0
Ideal Institute Of Engineering,57.665836502458944,44.21055491118376,79.164152442794,60.27491234214394,20.0
Arifa Institute Of Technology,57.66397929761362,47.6881939459558,73.27688030599249,52.727459016601856,20.0
Sakthi Mariamman Engineering College,57.66219501371724,45.6851835799506,65.13660387274423,62.92053179121445,20.0
Jaya Prakash Narayan College Of Engineering,57.659074684004324,58.36887383270589,55.88399856622395,58.55984565341883,20.0
Delhi Institute Of Technology And Management,57.65092269452815,71.40197935185415,44.24811021076356,50.745324814755456,20.0
Rajiv Gandhi College Of Engineering And Research,57.649912088305975,67.08077567092273,54.83417500770226,52.39699890467667,20.0
Dr Lankapalli Bullayya College Of Engineering For Women,57.649509067532854,45.78932124962239,66.69214117744947,75.0429638904287,20.0
Bhivrabai Sawant Polytechnic,57.646271913289326,52.80920023049666,50.21749780928863,79.38544617717193,20.0
Priyadarshini College Of Engineering,57.63759095535907,44.7477605420897,65.43808811897458,76.9775220631985,20.0
Skp Institute Of Technology,57.63732662014117,52.59975411357812,62.6817601352201,60.25375986211157,20.0
Viva College Of Diploma Engineering And Technology,57.63385204516499,53.779129483865454,55.90299469118432,75.45877042365312,20.0
The Surabi College Of Polytechnic,57.633576452637826,66.92021209730152,48.15708472707557,55.321289596127215,20.0
Chouksey Engineering College,57.631821891849896,47.96583131248407,51.58726351631685,83.81645921726272,20.0
Hasvita Institute Of Engineering And Technology,57.63033610632274,45.57403207653672,60.31389889088109,73.99602956245641,20.0
Kakinada Institute Of Engineering And Technology For Women,57.61571055753643,46.12047514022047,75.0877961402386,55.38522731485745,20.0
All India Shri Shivaji Memorial Society'S Polytechnic,57.61097554795291,73.19039107861542,57.98388493585284,50.3773386075232,20.0
Aditya Polytechnic College,57.610097146732244,43.25740704298644,80.38600150525515,58.67064244657254,20.0
Yaduvanshi Polytechnic,57.609763667677285,45.07034499329276,80.65874026584088,65.46212170049874,20.0
Nanjappa Polytechnic College,57.60552455475315,53.74974860039167,43.42347748319476,83.92512168068204,20.0
Kalam Institute Of Technology Polytechnic,57.60453100886176,43.440561078402425,66.00442946798002,77.50370751810956,20.0
Sri Vidya Vinayaka Institute Of Technology,57.59026441847269,69.2144580040194,43.64527121516229,60.84451866692831,20.0
Ars College Of Engineering,57.58954441488803,47.140361430914766,57.99350283420735,75.23925446968363,20.0
Rn Modi Engineering College,57.58717717553952,53.77257752016563,55.02683878979924,66.19427485342969,20.0
Narsimha Reddy Engineering College,57.58435719897467,60.50221440597393,47.95335741705349,70.07512912648298,20.0
Vishwa Bharathi Pg College Of Engineering And Management,57.57839246194357,44.15571065141563,79.45046585352522,54.78969169325656,20.0
Mahatma Jyotiba Phule Rohilkhand University,57.578223599658294,67.0724896874485,61.578484071118766,50.32571526520706,20.0
Dr Jj Magdum Polytechnic,57.57487966505585,45.51437727164178,59.82304614503315,75.22871798057429,20.0
Bapuji Polytechnic,57.57431684451939,62.19759173783871,52.27396415268968,69.61902234832701,20.0
Guru Nanak Polytechnic,57.57390223732765,61.94657505080376,41.21525811577169,78.91693456537138,20.0
Bis College Of Engineering And Technology,57.57214869674285,42.73882704430878,65.69570712213772,71.07145874594474,20.0
Dr Bc Roy Engineering College,57.57189449010324,51.47303104946397,54.46359780485486,78.9934160324101,20.0
Rajiv Gandhi Institute Of Petroleum Technology Amethi,57.5681856675213,45.96238585200964,77.81098023742891,56.71373215799845,20.0
Mookambigai College Of Engineering,57.5677190279611,59.27950533957906,47.97314447533292,67.62459992317292,20.0
Veer Surendra Sai University Of Technology,57.56449571563597,72.87602538374108,45.96618220579102,56.78538989398705,20.0
Jss Science And Technology University,57.56147885544154,61.531111212379706,54.16116776978243,68.46262885105618,20.0
Sri Sunflower College Of Engineering And Technology,57.552965727254985,52.946223262055774,56.92765569780092,63.54906835774891,20.0
Dpg Polytechnic,57.55205877596229,67.60636286148774,54.059304947882254,53.48429753132897,20.0
Vishnu Sree Institute Of Technology,57.55202238505426,48.60068946171511,73.31802793099172,50.11427543947426,20.0
The Kavery Engineering College,57.54889095181342,50.42958836041099,52.52573203138945,76.81675642225281,20.0
Sri Balaji Chockalingam Engineering College,57.54648237003415,58.88866414794009,51.43836674383439,61.88873100632604,20.0
Prime Institute Of Engineering And Technology,57.544172924308974,50.75298140699551,60.527041360013015,84.80593113951906,20.0
Asl Pauls College Of Engineering And Technology,57.542700857971575,57.144901900339,55.08859084257202,56.072836661080416,20.0
Nagasiva Polytechnic College,57.53893040785448,78.51505063350056,41.974121633355786,53.17418491022444,20.0
Info Institute Of Engineering,57.53879995639899,41.49111298698508,58.33456740001873,83.80965770120588,20.0
Cape Institute Of Technology,57.538712749700196,70.72554417355953,42.32761532357399,57.27869094397014,20.0
Jeya Polytechnic College,57.53805984948545,58.437701061602375,51.05861301170988,62.101350533556456,20.0
Sjm Institute Of Technology,57.53601688888143,47.61529742598435,64.78728838721074,68.4715656996213,20.0
Heera College Of Engineering And Technology,57.533582458410514,58.48360551005155,63.71079026810988,54.91459795961546,20.0
Vikram University,57.53304740468325,76.25390509416069,60.68035941851943,51.96245875104389,20.0
Srinivasa Institute Of Technology And Science,57.530407588108595,56.72940649568706,40.74456754340037,79.80714853378771,20.0
Shram Sadhana Bombay Trust'S College Of Engineering And Technology,57.525945401663975,61.20589084226188,63.59201779908069,59.093319559142415,20.0
Sri Indu College Of Engineering And Technology,57.52522975249181,67.02525657063326,44.45468004800597,66.46720893684545,20.0
Abhaysinhraje Bhonsle Institute Of Technology,57.5242801210323,52.56966788113771,52.64587360472039,76.59199693943268,20.0
Sri Mittapalli Institute Of Technology For Women,57.52390783198054,53.12725096769706,63.10796631893639,56.0962748013892,20.0
Haryana Institute Of Engineering And Technology,57.52063504807795,47.00416765415178,75.82971293342906,52.51584025366844,20.0
Sree Chaitanya College Of Engineering,57.517095733815296,52.78694662653949,55.6628277766666,73.32109261478314,20.0
Maryland Institute Of Technology And Management,57.516153092423764,55.95646834624475,67.52280297010313,52.32554667326161,20.0
Banaras Institute Of Polytechnic And Engineering,57.51418051585319,76.94968216939245,40.18003745869568,53.2465936060382,20.0
Manav Institute Of Technology And Management,57.51227464012898,63.47401309095687,46.8110466515583,58.41509194309373,20.0
Ganga Institute Of Technology And Management,57.50839247364857,66.98888959308796,46.087502540628506,64.18958519447604,20.0
Smt Manjira Devi Shikshan Avam Prakashan Institute,57.50087528186435,50.72116601979175,53.3709160096196,77.5165443738238,20.0
Arulmurugan College Of Engineering,57.49865756276429,44.341094139633306,62.82374703651683,79.57139633656384,20.0
Forth Dimension College Of Architecture,57.495371879761436,57.59813664604927,81.36469584866708,78.76599032343802,20.0
Adusumilli Vijaya Institute Of Technology And Research Centre,57.495246271778974,67.55332931199989,45.54708619715035,52.96586416306081,20.0
Aurora'S Technical And Management Campus,57.495138446976824,71.55856430008254,42.92223532840586,55.800466094121006,20.0
Sri Sukhmani Polytechnic,57.49434417906244,43.65516719247997,65.35994645186582,69.29891733582136,20.0
Northern Regional Institute Of Printing Technology,57.493773759826894,64.15186906023916,74.89460016183486,60.16169922301843,20.0
Pes Institute Of Technology,57.49249372748803,47.07286331271196,51.92019676387115,79.58931283939769,20.0
Seshasayee Institute Of Technology,57.49018839096565,70.93874499797349,76.64390293053475,63.51147703576888,20.0
Jayam College Of Engineering And Technology,57.48683865676739,51.237700167777966,61.29591426257019,59.79485275537338,20.0
Kv Polytechnic,57.481156929561266,54.62557198631061,49.47756160056714,76.41723297469015,20.0
Niilm University,57.47917794936987,66.05543776154406,48.65336516938117,64.52726613034709,20.0
Arpit Institute Of Engineering And Technology,57.47662469172618,44.47724611614604,72.25274324814549,57.026126564035216,20.0
Global Institute Of Technology,57.464548533180796,52.392254959670574,65.28356869692227,56.6696213834254,20.0
Krishnaveni Engineering College For Women,57.45869012715177,47.1690945823001,72.72457359572965,53.0131863527134,20.0
Vedica Institute Of Technology,57.45824285680297,45.89335557040202,68.47131951765164,59.69901826405825,20.0
Late Gn Sapkal College Of Engineering,57.44575318789884,52.67520925009302,67.1940055283325,57.62864227875398,20.0
Sagar Institute Of Science,57.44387063220385,55.16438475045861,55.099610629876416,65.30992454833513,20.0
Jasdev Singh Sandhu Polytechnic College,57.44085838331327,58.37526355041441,55.185763978811615,53.25785052490147,20.0
Axis Institute Of Technology And Management,57.43787275296488,45.19580400290013,61.22652588165882,73.53871105701806,20.0
Ellenki College Of Engineering And Technology,57.434919036685095,52.16989337323293,42.43903284578242,81.67765114152617,20.0
Ld College Of Engineering,57.43022719055961,60.02120224891969,57.77551708500986,64.76948037951041,20.0
Gla University,57.42778864925832,42.87482651948424,66.61431321922461,83.17427904108328,20.0
Channabasaveshwara Institute Of Technology,57.42340947190368,53.813781092252896,62.01101877243808,62.73350826373211,20.0
Sha-Shib College Of Engineering,57.42259644693597,63.11366840336625,40.09057195002654,66.42904644738923,20.0
Shree Rayeshwar Institute Of Engineering And Information Technology,57.42003937619691,57.80378528894031,57.15259466656112,71.81271635988632,20.0
Excelsior Education Society Kc College Of Engineering,57.414730904461535,67.15972811296155,47.98073170112412,63.32398594125051,20.0
Indic Institute Of Design And Research,57.413677540259506,60.9571602145254,44.41505453136979,69.51393910712324,20.0
Maharaja Agrasen Institute Of Technology,57.412631722740784,54.00612679017343,51.97239695103342,79.12280214667797,20.0
Udhayam Polytechnic College,57.41160563820112,63.32959237468472,51.85833981383747,58.32804165619405,20.0
Anand Institute Of Higher Technology,57.407997464648865,63.61075794377325,51.911109452291946,54.68883739470166,20.0
St John College Of Engineering And Management,57.407140499079595,68.5148554399913,52.86117753982786,64.37626591556734,20.0
Bansal Institute Of Science And Technology,57.406055072983406,57.24403851282939,43.39887343312499,79.84148759402287,20.0
Satya Group Of Institutions,57.39700495218602,50.09141047620884,70.98045434432731,51.148090073679874,20.0
Chartered Institute Of Technology,57.39422222406681,59.9506673647406,53.49647922430752,56.86321173494919,20.0
Vasireddy Venkatadri Institute Of Technology,57.393784588832894,74.2245858671669,42.12991751260989,55.60913587862062,20.0
Shri Vishnu Engineering College For Women,57.39181354405769,47.94193035239429,69.75242084806474,62.59238705658585,20.0
University Of Calcutta,57.39067602234166,79.33857889761887,47.06611560533891,53.1576003724572,20.0
Southern Academy Of Maritime Studies,57.38980703284927,40.54271985318097,74.68774188572458,65.90440545341986,20.0
Vidya Pratishthan'S Kamalnayan Bajaj Institute Of Engineering And Technology,57.38892878033364,59.215018216740624,62.984706419146136,63.5141455413876,20.0
Prince Shri Venkateshwara Padmavathy Engineering College,57.386688143840175,52.59675421119758,58.06258240813606,67.21783611403919,20.0
Malineni Lakshmaiah Women'S Engineering College,57.3850485286801,63.06245558219258,49.98694494303952,59.724474392848975,20.0
Vinayak College Of Polytechnic,57.38051885773363,54.48219998134789,60.08755478213378,70.61053808658298,20.0
Vidyavardhaka Polytechnic,57.37632394157042,60.300548720480094,60.43597858568474,56.90808844357113,20.0
Shri Ram Murti Smarak College Of Engineering And Technology,57.372939455101005,43.34110810114899,73.29859484714481,65.04835870141586,20.0
Vijaya Krishna Institute Of Technology And Sciences,57.36782306935455,64.76056665775982,43.39739491335433,65.24727540755075,20.0
Vivekananda College Of Technology And Management,57.36355762166187,57.43778479674873,56.1570532430465,58.8797335541643,20.0
Srm University,57.363365869235366,49.88123360746235,76.71964831037826,57.78051015495225,20.0
Vivekananda Institute Of Technology And Science,57.36131850340485,44.08724341564822,66.1101718857866,68.29248848223654,20.0
Mallabhum Institute Of Technology,57.36095238207913,78.29195345438647,40.80646541147724,52.16611033481426,20.0
Cu Shah Polytechnic,57.36094978120853,49.92434454175596,64.71668860534024,68.02128394245446,20.0
Walchand Institute Of Technology,57.359776818217405,65.70157144652416,41.09703181978877,72.63546315313664,20.0
Apex Institute Of Engineering And Technology,57.35846433074063,45.86496675122874,63.21246133188059,76.57844942396244,20.0
Guru Nanak Dev University,57.350738913306685,55.37415184222359,81.52660199846298,58.81143509201327,20.0
Chendhuran College Of Engineering And Technology,57.34991331133894,53.9310161759268,55.19768578734192,65.62535559774884,20.0
Bishamber Sahai Institute Of Technology,57.34822876745931,56.9329142700021,48.39354328548782,65.84102723877696,20.0
Rashtrasant Tukadoji Maharaj Nagpur University,57.34578124086177,42.529090301336325,68.95069040089004,83.02283486772282,20.0
Badriprasad Institute Of Technology,57.3426310150367,62.25720890742708,49.27997546396298,67.03778019147111,20.0
Adj Dharmambal Polytechnic College,57.33522362055559,52.170064569033535,52.42656234033289,73.6003204763674,20.0
Mandsaur Institute Of Technology,57.33158315399745,71.40032999297975,48.55011729325692,50.308937233861805,20.0
Sarvoday Polytechnic Institute,57.32978667919283,72.51012126077526,42.0052401772492,67.89694441255003,20.0
Smt Indira Gandhi College Of Engineering,57.327723243878765,41.90673151373097,84.51402912370037,60.98823027137294,20.0
Smt Radhikatai Pandav Polytechnic,57.325950592498444,53.3317301080203,59.70682172405184,59.91923736493983,20.0
Kirodimal Institute Of Technology,57.32108795780037,44.23495676415492,80.945147279921,53.13077071382493,20.0
Delhi Technical Campus,57.31712408574131,57.04544169597711,45.60028929968523,73.60311804381259,20.0
Vivekanand Institute Of Technology And Science,57.31641934552279,54.01884287376835,59.02399008761719,63.69051517482625,20.0
Exalt College Of Polytechnic,57.303751671610144,54.2863427331849,50.59826920835795,79.7742355669875,20.0
Jb Institute Of Engineering And Technology,57.295321959248675,60.268375646417496,40.6203905178226,76.81826458446346,20.0
Gss Institute Of Technology,57.29419212883905,68.13103858828572,47.42013709031244,56.82427748563282,20.0
Mahaveer Institute Of Technology And Science,57.293039004897,57.45075576688063,57.69848173472482,58.60435810821247,20.0
Vandayar Engineering College,57.29291462537802,48.78864130092195,69.3885628034114,51.376514090766086,20.0
Suresh Deep Polytechnic,57.291114904753975,43.686962556326094,66.07723746300032,72.92741305505051,20.0
Hke Society'S Women'S Polytechnic,57.287336987073544,49.93861806220245,46.190878640419655,84.53105505727008,20.0
Motichand Lengade Bharatesh Polytechnic,57.28491722033293,62.31237209442175,43.62012692843367,73.12715547229784,20.0
Bhadrak Engineering School And Technology,57.27820150637779,51.09249606694033,79.49449084253818,54.224770353460855,20.0
Shantiniketan Polytechnic,57.2655470605044,61.33626793307144,41.32489955804228,78.61476300894913,20.0
Al Salama Institute Of Architecture,57.26014886300955,58.05043115013471,50.49085734656143,68.32913070775723,20.0
Ktvr Knowledge Park For Engineering And Technology,57.25957385966565,40.53826486970589,76.31855847765408,58.79605360735759,20.0
Kerala University Of Fisheries And Ocean Studies,57.258430855744415,50.54544280640219,77.47220267058364,71.13657841922856,20.0
Kkr And Ksr Institute Of Technology And Sciences,57.25241688552039,43.65282483889522,70.43156796396718,68.63361784581917,20.0
Shreeyash Polytechnic,57.24715575556104,60.399598263657225,46.60045921512968,71.7366511996942,20.0
Prayag Institute Of Technology And Management,57.241882195043026,61.77878639625755,52.30788296184234,51.65815838472355,20.0
St Soldier Institute Of Engineering And Technology,57.240574278606644,56.78186362703161,52.20160883391088,70.19064085917395,20.0
Adhiparasakthi Polytechnic College,57.23907050687065,58.9921415158508,53.05077009448014,69.86052871473412,20.0
Rm Polytechnic,57.23395382123001,43.28380255355516,53.944029577809545,78.93662375717065,20.0
Aaa College Of Engineering And Technology,57.227971482971796,45.03209477763499,70.76895745951737,62.363098362473465,20.0
Rohini College Of Engineering And Technology,57.21684553805709,46.02561131816708,76.83265598317155,50.79352588515354,20.0
Gomathi Ambal Polytechnic College,57.21632783501641,55.79832786662188,57.72540699741735,56.19431641383166,20.0
Ndrk Institute Of Technology,57.215743477690225,51.19233898430097,64.78540839522773,61.19397047391967,20.0
Mauli Institute Of Technology Polytechnic,57.21496404545087,42.56548760039091,64.19275605222319,69.60898160809879,20.0
Hindu College Of Engineering,57.214368811767685,42.32129810768777,75.94627421970642,68.75737763470354,20.0
Chhatrapati Shivaji Maharaj Institute Of Technology,57.206932290569824,56.2496609483847,61.12344962751263,56.536552437840285,20.0
Malwa Institute Of Technology And Management,57.20465583130079,65.95861224390856,47.61766085366446,50.41079902214732,20.0
Eit Polytechnic College,57.20356870472074,72.53440079360396,44.78156026770011,64.97993190742035,20.0
Panchkula Engineering College,57.20319454716801,57.268480782310895,52.96823115621604,57.47893256701977,20.0
Rajarajeswari College Of Engineering,57.20068300827838,65.37019010450967,42.728623092315104,64.28498628226417,20.0
Government Sri Krishnarajendra Silver Jubilee Technological Institute,57.19405761588647,42.37639906363878,84.45322436526861,58.740449085919785,20.0
Pune Vidyarthi Griha'S College Of Engineering And Technology,57.19035261913029,53.54212086297996,49.59513228479238,73.27038567459151,20.0
Swami Sachchidanand Polytechnic College,57.185813488459914,55.99137496234995,72.83733898675511,54.74599866655848,20.0
Baddi University Of Emerging Sciences And Technology,57.18456215164067,69.2442615909713,45.42112763271607,65.57065940646966,20.0
Gokul Institute Of Technology And Sciences,57.18438115253287,52.35091550917532,48.07054648808808,73.01812277478608,20.0
Dn Patel College Of Engineering,57.181858596700906,56.67679086919566,42.29254513051812,78.85251562329631,20.0
Muslim Association College Of Engineering,57.18088021213605,57.99213459444027,49.97352080657569,64.76539379251672,20.0
Lord Jegannath College Of Engineering And Technology,57.17869662040921,61.71533053409632,51.97762987992797,52.30342987658516,20.0
Mlv Government Textile And Engineering College,57.1732898300048,66.87289916625471,55.13597879214639,77.68579520007896,20.0
Gav Polytechnic College,57.171812456334685,55.0001501757519,72.07255989478543,69.26054076838537,20.0
Kln College Of Information Technology,57.16784716796821,47.2176278798976,57.73038208831059,73.55141001436158,20.0
Prince Dr K Vasudevan College Of Engineering And Technology,57.16749146534393,62.97986867302818,50.72668172569252,53.45285795126082,20.0
Rrase College Of Engineering,57.16554788801485,57.39315026620248,42.05943794099375,76.26729970325135,20.0
Central Agricultural University,57.16040901956727,59.5367527899775,55.976467155355394,55.098307741522376,20.0
Vikash Institute Of Technology,57.155376804921914,43.86602283232446,56.74441588651449,75.96726640236153,20.0
All Saints' College Of Technology,57.15120710826048,49.38938492267637,73.28950792275707,55.46062414265455,20.0
Shri Sai College Of Engineering And Technology,57.1511232450432,61.81194509746816,49.14844781211261,64.27994921199075,20.0
Everest College Of Engineering And Technology,57.14603794640772,45.288381096695446,65.23408870621483,70.57546888859835,20.0
Zenith Institute Of Science And Technology,57.13927947983477,59.58043655783537,58.56234445960906,67.46848584683698,20.0
Jntua College Of Engineering,57.13512764565078,79.0828039630494,55.25583929448551,59.39833349374337,20.0
Shankersinh Vaghela Bapu Institute Of Technology,57.1289314989949,42.06301946547255,70.57028814480785,66.69253938951401,20.0
Priyadarshini Institute Of Technology And Science,57.128460123689194,48.968185190055536,65.34198368944418,59.65171738165692,20.0
Apollo Institute Of Technology,57.12665257643266,44.056517388557886,59.12624734692996,76.5369316878213,20.0
Padmashree Dr Dy Patil Polytechnic,57.1240570669045,50.79138551167591,70.75941742838486,71.80218135539029,20.0
Bishamber Sahai Diploma Engineering College,57.120997916432465,59.365263389643616,44.367968088418,66.16924464634661,20.0
Alagappa Chettiar College Of Engineering And Technology,57.11503635657839,57.27172630146748,61.95067812311923,64.00201659947336,20.0
Hindustan Electronics Academy,57.10570239967339,42.98057902790224,62.62159493486735,74.81936881594018,20.0
Lourdes Matha College Of Science And Technology,57.10381905524921,54.75553621680966,46.49126212657578,75.67067136257744,20.0
Dr T Thimmaiah Institute Of Technology,57.103252224974256,42.76971927556432,64.36933789919274,72.81717160851537,20.0
Mlr Institute Of Technology,57.10129355881307,42.93447856882174,61.36357087975898,76.53317351533858,20.0
Tj Institute Of Technology,57.100783071296064,42.68586284725837,84.65916316962179,55.64405021716439,20.0
Dy Patil College Of Engineering And Technology,57.09475349133062,46.937160448794295,69.49446356859019,63.098176559696256,20.0
Sri Krishna College Of Engineering,57.090750121081484,60.5566226170826,48.536689908479154,61.056947996004816,20.0
Rl Jalappa Institute Of Technology,57.0906799275317,63.53184917904414,53.966670817378,54.881492299212816,20.0
Bomma Institute Of Technology And Science,57.085298049718006,55.80479528446723,50.16589250643821,62.68064798601193,20.0
Adi Shankara Institute Of Engineering And Technology,57.08283065592163,51.33611744236566,68.78223580286871,50.69515551117109,20.0
Sri Bharathi Engineering College For Women,57.079648418196086,47.850964236034905,70.99702437147775,51.14812977349258,20.0
Vidya Sagar Polytechnic,57.07902375564379,69.17961283693404,52.37183031053579,54.90587073619494,20.0
Kamla Raheja Vidhyandhi Institute For Architecture,57.074856183550466,56.03641939456935,42.83614470598903,73.09781509674237,20.0
Rao Pahlad Singh Group Of Institutions,57.07399123804056,68.61200988627654,67.26948620952578,58.34582755507943,20.0
Orissa School Of Engineering,57.07109545089002,56.7454405654769,72.47971175909717,57.56631202570139,20.0
Abasaheb Shivajirao Sitaram Patil Institute Of Polytechnic,57.07092569080715,53.16530338667498,42.90018473242685,84.11829810556569,20.0
Shri Guru Hargobind Sahib Government Polytechnic College,57.070366609594295,47.47382285502774,66.09466355756396,57.70133604364527,20.0
Nilasaila Institute Of Science And Technology,57.06943010928393,46.383649178909685,76.31736355625186,65.68858897699586,20.0
Musiri Institute Of Technology Polytechnic College,57.06852368803781,55.72087526825458,59.69514955658883,61.74573329113333,20.0
Teri School Of Advanced Studies,57.06736923301319,50.21018368700753,65.26619279358783,59.23723168362496,20.0
Kp Engineering College,57.05656393359346,58.26991036086095,49.55500377488603,60.61580868457815,20.0
School Of Technology And Applied Sciences,57.043474815367524,57.49241074829612,83.3890170582423,73.23045811096685,20.0
Velaga Nageswara Rao College Of Engineering,57.03878151427431,42.9897323789419,52.67803332072683,81.2592728444279,20.0
Vaagdevi College Of Engineering,57.036953807737035,47.470511912924216,68.84742840385202,50.22115654712605,20.0
Amity University,57.03574822975536,47.98690530085603,50.16114284679997,75.87612319571116,20.0
Bhivarabai Sawant College Of Engineering And Research,57.03347956886813,52.2966579786501,65.85760348760397,55.56589549183169,20.0
Rkdf Institute Of Science And Technology,57.03127904684361,53.51250084289365,47.44726125288761,72.69957435629271,20.0
Shiv Shankar Institute Of Engineering And Technology,57.024584643735565,40.2884574355964,77.4753743371437,55.554749405811855,20.0
Shree Nm Gopani Polytechnic Institute,57.02325626124336,59.40646019120576,44.09365635266658,80.25172285171388,20.0
Gourishiv Polytechnic,57.02164656822515,56.21018113897854,48.47668751156357,78.22913227849237,20.0
Jamia Institute Of Engineering And Management Studies,57.02074477858324,60.07731367650527,55.85733974478174,54.30718295172429,20.0
Northern Institute Of Engineering Technical Campus,57.01916775395704,61.52032869353453,58.96963366414129,50.14232882623751,20.0
Shahjehan College Of Engineering And Technology,57.01863599960087,70.92781346647487,53.16530538629159,59.33183601251785,20.0
Lal Bahadur Shastri Polytechnic,57.01285985971116,57.67146127175965,52.65358889457981,63.86710824359667,20.0
Govindrao Wanjari College Of Engineering And Technology,57.00700723164803,53.77402563000693,60.194465780457534,66.34182889814306,20.0
Xavier Institute Of Engineering,57.006875931543505,48.84099848312822,58.91181533884776,77.24076729895833,20.0
Nm Institute Of Engineering And Technology,57.005701020717964,43.111560454057816,68.44556759651995,60.88675088918373,20.0
Institute Of Textile Technology,57.002264322936824,77.32305102760138,71.8582121227096,83.06572760996377,20.0
Raksha Shakti University,56.99515292234858,57.71373329153418,55.205203607566204,78.77119251967862,20.0
Camellia School Of Engineering And Technology,56.99296124998678,68.01715033006059,52.49820959792407,50.83207709600387,20.0
Holy Mary Institute Of Technology And Science Mca And Mba,56.983191264651325,71.29546222749775,41.7998129428936,55.0149112161104,20.0
Anupama College Of Engineering,56.97895716499369,56.32939085047499,51.08747808624855,68.32130640486062,20.0
Falakata Polytechnic,56.97729947459702,69.52236677943554,50.30703849601858,83.94961958451515,20.0
Gv Acharya Institute Of Engineering And Technology,56.977217468371855,49.22500485410688,72.97201798571628,58.99103787305129,20.0
Lovely Professional University,56.97062707519124,57.91508453748831,44.447862490222334,83.2390613356697,20.0
King College Of Technology,56.97000369905623,53.48852944363094,48.96961931333502,68.81520539209879,20.0
Surya Polytechnic College,56.96691581684693,67.43958570969684,52.55637708829517,51.52718203398011,20.0
Mata Mahakali Polytechnic,56.96388117086714,44.49508804730129,70.36800540285226,63.3902470931907,20.0
Klm College Of Engineering For Women,56.9564639123475,66.738106712078,41.7025189387774,57.769115870043024,20.0
Rrs College Of Engineering And Technology,56.95059604249106,49.24797387206337,68.18719055289924,50.952659208263526,20.0
Gh Raisoni Institute Of Engineering And Management,56.94810210249764,45.817617676115,78.32792484605869,76.35408476171433,20.0
Minerva Polytechnic,56.94750404083999,55.24475897827651,57.8471474957268,73.30304150464617,20.0
Delhi Institute Of Engineering And Technology,56.94680515702438,47.44259854446347,45.70539486789132,84.5107205257452,20.0
Vidyavardhini Institute Of Technology,56.945961673641754,44.420667680546174,62.06514030585878,76.59536769247944,20.0
University Of Mysore,56.94495737795978,43.633848837373904,62.44364654501733,82.70924366178677,20.0
Jc Bose University Of Science And Technology,56.94315815097676,47.0972300933152,60.7075962390915,76.49049436264089,20.0
Rvs Polytechnic College,56.94261985198675,57.14748731937669,50.71297609701624,61.26525544505348,20.0
Karpagam Institute Of Technology,56.93855615911515,43.253721934336674,72.11272498360034,60.63851971814985,20.0
Maharashtra Animal And Fishery Sciences University,56.935796867972115,49.10200538399725,63.81169789207377,62.40679337747409,20.0
Na Manjammal Polytechnic College,56.93374888364144,51.28423022639095,55.455231481139705,69.58345364459183,20.0
Blde Association'S Shri Sanganabasav Mahaswamiji Polytechnic,56.93242032131532,67.1730493045788,40.98963128712443,66.82598936274934,20.0
Raja Ranajit Kishore Government Polytechnic,56.931244944936,60.84598789132633,74.19594592914052,67.70372524184205,20.0
Ssm Polytechnic College,56.93100556118867,53.477243135928354,75.08842760744892,53.27117281588978,20.0
Shri Bajrang Polytechnic College,56.930345404374684,48.27082459875268,64.95597354945434,53.30077361586788,20.0
Nehru Gram Bharati,56.93010291907764,50.38267505878446,78.33019553625698,84.67356698086758,20.0
Uka Tarsadia University,56.92982822097126,59.1778561461945,62.66813574860761,54.07606985960113,20.0
Achariya College Of Engineering Technology,56.92624350978235,53.28212573893069,56.77987540892333,60.24555844972376,20.0
Dr Paul Raj Engineering College,56.91626018128861,46.276128492142654,62.95748709173415,61.19120973052158,20.0
Shri Shivaji Polytechnic Institute,56.90690829785484,69.07483511148378,45.5964474048236,56.31225311298073,20.0
Santiniketan Institute Of Polytechnic,56.90423862708562,47.2304587741481,77.77791112144006,57.74274719753972,20.0
Annai College Of Engineering And Technology,56.90032757724991,45.19897220679968,70.81512964737257,61.76721021236861,20.0
Mar Athanasius College Of Engineering,56.89973004731576,54.01250749229706,49.46020433337672,77.55221566506823,20.0
Maratha Mandal Polytechnic,56.89770741073941,48.85664520046292,62.84011776990437,77.85348371095199,20.0
Gouthami Institute Of Technology And Management For Women,56.89312231013831,46.63275764715023,63.208305905566334,67.08107070750918,20.0
Manipur University,56.88737400350479,66.51457298457743,53.64391770881473,53.54582094348935,20.0
Tirupati College Of Polytechnic And Pharmacy,56.881889903437695,42.8088279372091,62.39700837399232,69.5701289305003,20.0
Chundi Ranganayakulu Polytechnic,56.87403353856803,68.59645866301929,45.58804780787604,52.3294304959726,20.0
Lenora College Of Engineering,56.86397774749574,48.65673046368476,65.65101389950442,57.20953571936133,20.0
St Francis Institute Of Technology,56.86162083072324,52.19145011161224,61.08903248683962,73.04208110541742,20.0
Vilasrao Deshmukh Foundation Group Of Institutions- School Of Engineering And Technology,56.859602868357804,66.58086701986154,50.42025668446849,52.325688633448266,20.0
Buddha Polytechnic Institute,56.85555891202371,52.469313427069466,56.05170652053848,68.49417206858948,20.0
Raajdhani Engineering College,56.85290891207095,48.68096387035034,51.604525705200544,81.29954622109412,20.0
Maria College Of Engineering And Technology,56.8518798870879,43.81670916117732,54.97940532876712,78.09341338153749,20.0
Aurora'S Scientific And Technological Institute,56.85175691864503,51.26756686975113,49.28241068588719,69.30865263440333,20.0
Desh Bhagat Foundation Group Of Institutions,56.84804160442436,55.81846093221041,51.556289276859744,66.39964195851724,20.0
East Point College Of Engineering And Technology,56.847829730472064,44.96660767353725,68.87915278646486,60.94127085525836,20.0
Guru Gobind Singh Polytechnic College,56.83993819200853,50.67382466446023,58.94172318774183,60.04373874512355,20.0
Hke Society'S Sln College Of Engineering,56.83848953731339,61.40925924763716,45.32705768217754,67.24953237090172,20.0
Sarabhai Institute Of Science And Technology,56.83588395518598,45.54299615553557,61.292452075746,65.9265188965748,20.0
Sagar Institute Of Research And Technology,56.83372687570752,41.17180897816647,84.48281501350344,56.66982447236281,20.0
Meenakshi Krishnan Polytechnic College,56.8329157556724,69.24549553569325,42.57417537673381,57.39450621469859,20.0
Sanjay Memorial Institute Of Technology,56.83041047455775,50.70366412355242,40.64375913198244,81.76226072334151,20.0
Ratnapuri Institute Of Technology College Of Polytechnic,56.82735055769725,47.15463921334442,52.10896729176842,80.84334543854317,20.0
Cooch Behar Polytechnic,56.82723104317607,44.36743602497571,64.52077749631393,78.93826898128782,20.0
Suguna Polytechnic College,56.82664745054353,55.425436464137306,56.66475792356985,62.61685337750558,20.0
Gayatri Vidya Parishad College For Degree And Pg Courses,56.8217732265697,69.71441609589725,67.09318916451969,60.53942898943234,20.0
Miet Polytechnic College,56.81981199944464,50.73241350748926,62.79396507124729,65.88451675389842,20.0
Thdc Institute Of Hydro Power Engineering And Technology,56.81885722097121,45.90187169074847,74.04535399430563,66.95997279185201,20.0
Al-Ameen Engineering College,56.817825042434315,49.35089666880465,65.66315024053513,57.093001519167935,20.0
Kj Somaiya College Of Engineering,56.809410532370876,70.97083092718412,46.78439776911331,53.09624788481367,20.0
Ganpat University,56.80045387815946,62.4323243509027,52.53445624628404,50.26432138562426,20.0
Mam School Of Architecture,56.79425905115937,63.884816833586086,49.02946939086797,51.14470946089804,20.0
Nutan Maharashtra Institute Of Engineering And Technology,56.79337640994861,57.77371650347642,62.034396407050814,56.9821554787885,20.0
Kct College Of Engineering And Technology,56.79193475282508,40.49013382724785,69.01912051235736,67.63718129027762,20.0
Nandini Nagar Technical Campus,56.79191184180097,40.96839367861974,80.92359055705093,53.20677139163867,20.0
Icl Institute Of Engineering And Technology,56.78811310545903,50.08608199351519,62.84856571273615,60.02075017909087,20.0
Rvs Padhmavathy College Of Engineering And Technology,56.78682183029763,47.36740365633025,70.96644995245056,53.03095925791945,20.0
Arya College Of Engineering And It,56.78478207408582,61.80785483763418,53.33159558621187,56.03949300884403,20.0
Dadasaheb Mokashi Polytechnic,56.781544021893,55.248525192405936,46.53289042706835,67.5935007637888,20.0
Ramarani Institute Of Technology,56.771467756157506,54.27022751530092,63.02964597145426,75.50791207497699,20.0
Ik Gujral Punjab Technical University,56.76818114664192,56.07796780140982,68.0736859151103,51.600084128853446,20.0
Purandar College Of Engineering And Management Research,56.762450017758134,57.73664541241277,41.91635708473549,76.76066248874473,20.0
Fabtech Technical Campus,56.761620665277945,68.35611673010385,45.16402839689512,55.579248350988856,20.0
Institute Of Engineering And Emerging Technology,56.76149779137505,59.39941300566502,43.54178080298704,70.49168342921656,20.0
Maharaj Vijayaram Gajapathi Raj College Of Engineering,56.752860960792084,65.70167800646786,41.79140855618474,68.44119145418583,20.0
Nagaji Institute Of Technology And Management,56.740500541638966,52.0815755774687,43.047076570054,75.34858647944301,20.0
Kumaran Polytechnic College,56.740117069139245,64.63789446809682,40.36663080324886,64.59199181964502,20.0
Snm Institute Of Management And Technology,56.739052483080044,46.60829315179711,60.47758928271544,67.40339305090197,20.0
Nitte Meenakshi Institute Of Technology,56.73780571571209,59.16439923677666,50.19101463086891,65.82107743254866,20.0
Bm Group Of Institutions,56.73303717230078,44.564114889947135,67.54958270650398,61.81223665504528,20.0
Kalawatibai College Of Engineering And Technology Polytechnic,56.72755363014458,43.8704091117802,65.14580911243895,63.44742877357679,20.0
Rmk Engineering College,56.726891861667525,58.68784572967531,60.83907924280759,53.75999335198487,20.0
Cmrb Government Polytechnic College,56.72493279781297,59.46145229819452,72.37422779809964,53.94944314224478,20.0
M Dasan Institute Of Technology,56.72441928115258,54.01122159455717,48.42620996131049,72.48284208013261,20.0
Shaheed Virendra Singh Sirohi Institute Of Technology,56.72422458862803,63.37206229377185,69.54886960651152,58.03178951477397,20.0
Psv College Of Engineering And Technology,56.716867718825085,65.2210429213219,43.04834989202554,60.450916621208606,20.0
Tr Abhilashi Memorial Institute Of Engineering And Technology,56.71653560918894,40.702147539232776,63.96276522927866,70.84014290733849,20.0
Sanskrithi School Of Engineering,56.715551782842475,61.97448839880437,43.23680928150796,67.27736575917885,20.0
Aryabhatta College Of Engineering And Technology,56.71493351031698,68.02595584294349,44.16718847708794,72.59881112652226,20.0
Cheran College Of Engineering,56.713924505932184,66.9630644273391,42.435862248239744,56.99398040373715,20.0
Nova College Of Engineering And Technology,56.713806169780455,51.69282829800129,57.31724605938888,61.996717379863966,20.0
Bharati Vidyapeeth'S College Of Engineering,56.70972386064156,44.62927350166253,64.33314617483714,77.81258240913077,20.0
University Of Kota,56.70930795430303,76.62990663078403,60.87409928822059,71.63933551901196,20.0
Nri Institute Of Research And Technology,56.70817447728369,49.354755782870896,43.501693510196816,83.71052349010456,20.0
Jayamukhi Institute Of Technological Sciences,56.70244221382012,44.15918633942852,75.73677080882555,51.6492682175332,20.0
Ms Ramaiah University Of Applied Sciences,56.701719168917855,41.54077928055814,73.87945169213677,61.52703375321695,20.0
Dibrugarh Polytechnic,56.69602986623392,57.040711188216,60.01989253550544,60.65693485830334,20.0
Rajaas Engineering College,56.6955995807359,41.44413885286936,51.75782372762827,82.4829904215994,20.0
Sanskar College Of Engineering And Technology,56.68924810191916,47.06040523799552,64.90652399472677,62.496724400943954,20.0
Gvvr Institute Of Technology,56.68578427016724,49.29452882093651,48.915819563696985,76.53175563994775,20.0
Bhagat Phool Singh Mahila Vishwavidyalaya,56.682827417748115,52.91910256050317,53.38390525817313,74.30792950116454,20.0
Kk Wagh Polytechnic,56.68261920686744,41.32756546469009,78.790367120761,70.75495101224558,20.0
Pes University,56.68063714323577,44.17812978535687,67.4381133273717,68.33947370541637,20.0
Andhra Loyola Institute Of Engineering And Technology,56.67923974516623,56.12612614086149,55.49838897062953,66.31331216062459,20.0
Atmiya Institute Of Technology And Science For Diploma Studies,56.67133166373231,44.36091548458055,66.84114801153082,69.37748793520667,20.0
Shaheed Bhagat Singh State Technical Campus,56.671000965381715,65.10956250545564,40.77106466213209,71.83147193117307,20.0
Global Research Institute Of Management And Technology,56.67054904273886,58.564318284424175,45.96708214949732,64.8769902481923,20.0
Saffrony Institute Of Technology,56.66997267217561,44.53649247809102,67.4215754439666,57.976806091493536,20.0
Rajiv Gandhi Recs Polytechnic,56.66935711112424,60.42914204140726,44.42432823755588,78.0917672869746,20.0
Swami Sahajanand Polytechnic Institute,56.66909595066787,62.64333535148612,55.0355047194826,53.54541673263984,20.0
Anuradha Engineering College,56.668157112746485,62.51965336925423,57.48695945671737,64.17710776535827,20.0
Sai Nath College,56.666124458582175,50.83943693130185,65.03695514059233,60.47833343087808,20.0
Institute Of Engineering And Rural Technology,56.66518343615531,47.19249017341488,67.7656738901085,70.31506298742148,20.0
Mar Polytechnic College,56.66288733139662,57.98763375120093,56.05279065117982,66.50576805203241,20.0
Jharkhand Rai University,56.662452618053564,40.69679415267024,70.7153062251289,75.5605448249941,20.0
Gayatri Vidya Parishad College Of Engineering,56.65791568055984,79.01167161822218,40.33907923029498,50.05496134005045,20.0
Karmaveer Bhaurao Patil College Of Engineering,56.65685918680798,60.89573460945613,45.137028702327214,83.03679862652335,20.0
Lr Institute Of Technology And Management,56.65606293132711,40.63916625072195,62.86388957067493,80.30912847670062,20.0
Navneet Bahuuddeshya Sanstha,56.65553916465358,51.80180977240221,48.74263638734104,72.69805061488645,20.0
Sahyadri Polytechnic,56.65448464519476,66.88718846129908,45.327621405728,65.30245584619684,20.0
Ggs College Of Modern Technology,56.65441733489973,55.62335019736421,56.640556213629125,60.13645695221903,20.0
Saroj Institute Of Management And Technology,56.651047795314796,44.4596683576038,51.96751043207031,84.3582648707393,20.0
Government College Of Engineering And Textile Technology,56.635478291565335,60.07839067273604,55.51528518290331,61.77779827097872,20.0
Rk Polytechnic College,56.62793561005813,66.3325060855251,45.233280833044326,58.68398244341626,20.0
Shivam Institute Of Science And Technology,56.62213928859741,49.480565349145,51.020349450083344,80.63556979134599,20.0
Gangamai College Of Engineering,56.61291486457651,59.825144383059694,52.97173489353506,53.227910346728905,20.0
Kle Society'S Chidanand B Kore Polytechnic,56.610294651966925,51.02746386582611,60.74157027001399,67.65187532116175,20.0
Nri Institute Of Information Science And Technology,56.609760216161774,55.63852160350688,55.92578828963613,53.41072161989824,20.0
Vvp Engineering College,56.60926882414735,53.47612406583359,81.78972315624098,50.941315240198605,20.0
Nims University,56.60892853492219,56.477498334782624,44.3386948320477,71.05129181797189,20.0
Sri Krishna College Of Engineering And Technology,56.60828264333939,41.81747581375579,64.82105744172301,73.59027713448248,20.0
Dr Dy Patil School Of Engineering And Technology,56.60818024515498,55.42949905815745,51.67855050347072,69.97243073793805,20.0
Rk Institute Of Engineering And Technology,56.60433003225907,50.08849662015538,62.522776620394666,66.4556548503993,20.0
Sushila Devi Bansal College Of Technology,56.59954831471469,63.69887043135566,40.57936521400926,73.47947084691256,20.0
Rajasthan Institute Of Engineering And Technology,56.598802628207565,44.46964884663901,65.2281427481544,62.05920097657882,20.0
Nie Institute Of Technology,56.59719035157472,62.30502565705598,55.36906934519276,55.11077949078719,20.0
Bahra University,56.59439985369107,61.52673723219899,46.37596263941576,68.2805628084463,20.0
Doaba Polytechnic College,56.591009536047196,44.08775790617363,61.77930569611595,70.81342634484758,20.0
Matoshri Pratishthans Group Of Institutions,56.590904780566824,51.96538453791986,66.44668472900139,52.982873350747774,20.0
The Northcap University,56.589916153266095,42.208828850207766,73.07013461570821,74.25440088033751,20.0
Galaxy Global Group Of Institutions,56.582505110445624,53.72722984172382,55.90528379790263,56.75796327849448,20.0
Centre For Design Excellence,56.58205067397235,78.13793251917659,54.13270378598621,55.60684524653969,20.0
Echelon Institute Of Technology,56.575702775873914,47.06210685735313,49.1535694214862,79.87954208693907,20.0
Delhi College Of Technology And Management,56.57333894166553,51.22841446875054,65.34906211917571,52.45763415243314,20.0
Ajay Kumar Garg Engineering College,56.56768190502547,62.02520851648991,43.81465590710693,69.9766400952423,20.0
Himalayan Institute Of Engineering And Technology,56.56637735151545,42.22577939294445,54.28790561610376,78.29345364483495,20.0
Bharati Vidyapeeth'S College Of Engineering For Women,56.56358519303163,62.38880137592984,42.13686755752797,71.29182161536986,20.0
Dungarpur College Of Engineering And Technology,56.5631051952359,53.51481203833369,61.21747369825768,70.47024717087046,20.0
Islamiah Institute Of Technology,56.559761922463444,64.51500092216017,44.7741989966493,53.259949369427005,20.0
Silchar Polytechnic,56.55732925883904,66.31063953588898,57.121346649987046,52.02266696579591,20.0
Unnati Management College,56.554739035086044,50.58118303407579,42.03676100165,84.8801536601747,20.0
Kalol Institute Of Technology And Research Centre,56.55064801702335,55.397124825689446,51.53074836932555,66.126844403636,20.0
Anil Neerukonda Institute Of Technology And Sciences,56.549452914825544,64.9520522913895,45.62906761370151,62.44456086543981,20.0
Amaksik College Of Technology And Management,56.54478065143157,45.51908065789284,55.136734748994456,71.43627543291502,20.0
Smt Fulehra Smarak College Of Polytechnic,56.540057895794945,43.58069391016964,77.88083173583195,58.532194547981696,20.0
Sembodai Rukmani Varatharajan Engineering College,56.534723171234404,41.12359369927428,56.95551103780895,77.38017557548267,20.0
Mit College Of Engineering And Management,56.526374552494225,46.8841117279758,65.52622895009985,52.73353272329659,20.0
Mahatma Basaweshwar Education Society'S College Of Engineering,56.525682527074835,53.26168652151601,62.61079089599183,65.11139788447731,20.0
Priyadarshini Institute Of Engineering And Technology,56.52150617366971,42.925099659819374,58.8721421375869,83.78956273429904,20.0
Guru Ghasidas Vishwavidyalaya,56.51970605627264,43.29649604492906,82.33448901162544,62.15674552614789,20.0
Sagar Institute Of Science Technology And Engineering,56.51433234576649,40.99722078690084,67.69211239376634,68.63791197261251,20.0
Priyadarshini Institute Of Technology And Management,56.508043381498496,45.123884660371125,65.26498256888536,59.50618369653661,20.0
Sushree Institute Of Technical Education,56.50660993934574,69.83579937906416,40.644957258041686,63.8848062036871,20.0
Sevdie Institute Of Management And Technology,56.50532056794446,53.82364031833266,55.12842594525476,67.10995063271884,20.0
National Power Training Institute,56.50521227048225,61.0954779179984,49.69680192826432,69.05766047997636,20.0
Ramgovind Polytechnic Institute,56.50215413485265,60.90083965752184,44.53337500705437,58.21039694427978,20.0
Chandigarh Group Of Colleges,56.496596676693954,43.50944145581819,70.25775830239773,66.56156512539984,20.0
Jabalpur Engineering College,56.49294351411145,62.19568935873129,48.00603501506528,57.2483907724001,20.0
Psit-Pranveer Singh Institute Of Technology,56.49197520356297,48.37462723422144,74.67538858150164,51.263602485979256,20.0
Bh Gardi College Of Engineering And Technology,56.490104342372206,52.256544101260126,43.94093272676346,77.5555821817336,20.0
Pa Polytechnic College,56.489913654009285,62.21233423461405,43.952817194996925,71.35348942075429,20.0
Theem College Of Engineering,56.476115956247874,43.31362457770887,62.32488928747931,75.97866155074838,20.0
Gh Raisoni Institute Of Engineering And Technology For Women,56.47300053435076,48.07979817331472,71.5042272887196,53.6774715863768,20.0
Maharishi Markandeshwar Deemed To Be University,56.47105385178811,51.45939662038556,59.86061433185658,61.281560028223005,20.0
Kashmir Government Polytechnic College,56.46147514140981,53.26796493948256,66.94659421767548,69.03443375336049,20.0
Fd Mubin Institute Of Engineering And Technology,56.46049150986502,43.30598296547026,71.90797950864714,58.5419250377128,20.0
Loyola Institute Of Technology And Science,56.45925133189924,55.08686444164879,58.577329454616006,55.018633027644086,20.0
Dev Bhoomi Institute Of Technology,56.45351070001706,41.40186490244918,53.38981819295846,83.81408532855596,20.0
Vikrant Institute Of Technology And Management,56.4518977280549,42.10548171326919,64.31647999581129,64.95180533074637,20.0
Cvr College Of Engineering,56.44805715302652,63.64320769588902,44.1732482279352,65.28125944533706,20.0
Shri Kashi Chandradev Yadav Polytechnic,56.44700688288977,51.66214023249699,66.47538443042765,51.60065761589127,20.0
Meri College Of Engineering And Technology,56.44470136071622,66.70610339514633,59.4568926240634,52.61074534621182,20.0
Bheemanna Khandre Institute Of Technology,56.4422304489753,47.20396111875746,65.70214757819403,55.01775003665986,20.0
Bharath Polytechnic,56.42772723599666,63.87665498370672,48.0933460198372,50.259955901344256,20.0
Malineni Lakshmaiah Engineering College,56.4275105678108,67.51430795674764,43.117654118918175,50.96396449354781,20.0
Modern Institute Of Engineering And Technology,56.42430016414341,41.58885857727186,62.67617759991524,66.74566666561597,20.0
Rameshwaram Institute Of Technology And Management,56.41820537888862,42.93694083407843,52.22710885301797,79.25193882671894,20.0
Roever Engineering College,56.41763220884086,46.35448826971879,69.26550670586565,53.49595765815254,20.0
Vsa School Of Engineering And School Of Management,56.41482162795127,40.03978208377346,60.76288390475382,74.35436017941223,20.0
Netaji Subhas Chandra Bose Institute Of Pharmacy,56.414070320416,52.0476044607632,66.21824672210965,55.592746784440095,20.0
Chiranjeevi Reddy Institute Of Engineering And Technology,56.407402458507185,50.704855151411536,53.96769974794304,63.27921970199952,20.0
Baba Mastnath University,56.403845099493864,47.61570758982111,67.47547710675587,67.38431759629648,20.0
Gandhi Institute For Technological Advancement,56.40053038737197,52.15078879813864,44.078551766516085,82.08820561321923,20.0
Chhattisgarh Engineering College,56.39924614309551,72.14393382162713,42.48101414241453,69.85883043392114,20.0
University Of Hyderabad,56.396390218268365,54.969564207994935,52.03019705307158,64.52094784588338,20.0
Balasore College Of Engineering And Technology,56.39329856276967,56.35246193642557,52.14309106410629,62.00848993700431,20.0
Mei Polytechnic,56.38992882737551,62.57371077673819,53.26879388189965,62.407456167914034,20.0
Gramin Polytechnic,56.38339888298411,63.26861786662821,56.09984119419891,57.12583365029182,20.0
Christian Polytechnic College,56.380443226725504,51.08836706283242,67.7191384411917,55.640035028403645,20.0
Tatyasaheb Kore Institute Of Engineering And Technology,56.372444774886894,60.129624073283466,52.8332286489854,59.48431172074821,20.0
Dr Bc Roy Polytechnic,56.36752323517463,59.836928226096525,54.335862045411766,59.49349834982753,20.0
Anuradha Polytechnic,56.365146477637,48.49399494180373,70.00533727114104,51.23349821601536,20.0
Opjs University,56.35865406989517,51.213431766614654,62.82704592543302,57.05979379172505,20.0
Shri Ram Institute Of Technology,56.356639630591765,41.77383888194721,61.556678392533925,72.80088112894242,20.0
Ideal School Of Architecture,56.34592605827453,73.56773180565492,71.46415317890495,79.34108314053209,20.0
Jairupaa College Of Engineering,56.338117347757354,48.74665603960071,59.70900896825971,60.32005139059199,20.0
Dr Babasaheb Bhimrao Ambedkar Government Polytechnic,56.33244310225358,63.35097923521883,72.59741680869917,63.123655100282505,20.0
Jai Bharath College Of Management And Engineering Technology,56.33229007710328,48.54312861874613,66.55337441006785,51.17137638749798,20.0
Ramgarh Engineering College,56.331690158063495,44.59957158440176,57.68791692520121,78.78938283539938,20.0
Haryana Engineering College,56.3291506655513,41.53913973942184,78.60577804527719,53.636215625750886,20.0
Assam Down Town University,56.32735718317056,45.58573112959476,65.71815930713692,60.6159371904012,20.0
Itm University,56.32218866983536,50.62891090494694,49.50231161704124,84.28217782992681,20.0
Dr Kn Modi Institute Of Engineering And Technology,56.32150888111941,42.86342759670147,62.56410589018686,69.5001635740027,20.0
Sri Kalahastheeswara Institute Of Technology,56.31178511378305,60.13624818839201,61.99630192157272,53.94837190545852,20.0
Indian Institute Of Petroleum And Energy Visakhapatnam,56.308883094060896,49.24177393505916,64.48285602509362,61.84578936851589,20.0
Dr Br Ambedkar Institute Of Technology,56.3032853807632,57.34923668403292,54.38961482726965,76.14257718422921,20.0
Kvn Naik Sp Sanstha Polytechnic,56.30172631371713,50.41448781476228,60.407423881755314,64.25550006688061,20.0
Great Lakes International University,56.29776389329761,66.48722663478439,42.51198036656899,72.71262996414033,20.0
Sri Jyothi Polytechnic,56.29529413689973,45.6166651935888,61.2953320107324,71.16552487969022,20.0
Laxmi Narayana Polytechnic College,56.29302621271631,50.21135488973596,72.16793432596731,51.69678194503687,20.0
Jss Academy Of Technical Education,56.292736985977214,54.61598275797196,51.25147433396564,73.85169737194482,20.0
Sri Ramana Polytechnic College,56.29161168619458,48.88773119501939,40.94186692565344,84.96531710534073,20.0
Shree Rama Educational Society Group Of Institutions,56.276338719961814,62.29599806698821,43.04048027408144,56.594870780467645,20.0
K Ramakrishnan College Of Engineering,56.262816242205744,72.93946744795608,41.01720674198074,50.94116465658161,20.0
Bharati Vidyapeeth College Of Architecture,56.26095627018767,59.78587901803888,62.98157633185858,52.78780832870823,20.0
Ludhiana Group Of Colleges,56.25797499825117,57.17617246366022,43.45104057852309,69.91938775863079,20.0
Bhagwant Institute Of Technology,56.254274007085,68.33690451917889,48.71718929927066,57.4061582861756,20.0
Baruipur Government Polytechnic,56.24232923152714,60.956780732131946,63.79933548322704,66.83390089111279,20.0
Sinhgad Institute Of Technology And Science,56.24191903484992,62.14623026751276,41.877952089824085,70.51593398417305,20.0
Gurukula Institute Of Technology,56.23468541219444,43.03499913820373,63.23258211474193,63.46182851439258,20.0
Mg Polytechnic,56.22949087733118,51.48750975528641,45.1592341240758,79.29899159532182,20.0
Gm Institute Of Technology,56.226826806808475,70.9606120379014,42.34156413702453,53.237044914159846,20.0
Bvvs Polytechnic,56.22623970807247,72.39776701971658,40.2191775642324,56.67072999413588,20.0
North West Institute Of Engineering And Technology,56.22337057916892,57.95908423390716,44.59304196986415,65.44973508347847,20.0
Dr Panjabrao Deshmukh Polytechnic,56.22043773265286,76.67298964127336,45.402740575910656,81.01094804768263,20.0
Bk Polytechnic,56.22032721849886,67.01804327362473,46.7939750470902,63.99663005969474,20.0
Shibani Institute Of Technical Education,56.21724823405095,47.49774530424342,68.32192523829028,60.21366699158554,20.0
Nanhi Pari Seemant Engineering Institute,56.21668564457426,63.86155769429713,43.17249739512605,60.79716346501698,20.0
Haryana College Of Technology And Management,56.21491129260293,50.78751283666319,42.07178826572861,78.99972269275007,20.0
Samanta Chandra Sekhar Institute Of Technology Management,56.21387168981699,48.38003600505294,59.06143725912002,61.08827935597613,20.0
Nilai Institute Of Technology,56.203331777897205,52.13963916387065,56.2524301312793,55.301391252976046,20.0
Hindustan Institute Of Technology And Management,56.195644443404674,53.48723730102624,60.67958616734551,63.09324173831594,20.0
Maturi Venkata Subba Rao Engineering College,56.19393245295428,50.46807089514476,55.309448282095886,71.05972084761478,20.0
Mahaveer Institute Of Science And Technology,56.18091079207558,62.42930566018079,48.27278040602404,56.63154666352847,20.0
Prestige Institute Of Engineering And Science,56.180226986346064,47.9967289700295,56.67776035762911,68.22351240231366,20.0
Chandravati Group Of Institution,56.17437391616958,46.90988161087533,50.13212831835023,72.29927330213737,20.0
Amina Institute Of Technology,56.173241130188195,49.69323188906287,40.030219876108994,84.85421071295401,20.0
Vivekananda Polytechnic,56.16927556792007,61.75719789852496,45.72387455222143,59.90942202704439,20.0
Amrita College Of Engineering And Technology,56.168378179792676,68.83285227457024,40.37530424666953,57.45625063433023,20.0
Sri Satya Narayana College Of Engineering And Technology,56.16343884387312,43.497087652172446,57.61102536899304,69.6525619259815,20.0
St Mary'S Polytechnic College,56.15578960559003,40.89417647409291,66.22882767850747,76.69853736640053,20.0
Maharaja Engineering College,56.14336295879678,44.46812629242223,60.69240495797565,61.42858117136859,20.0
Thiru Seven Hills Polytechnic College,56.140398448630116,40.66104123012151,70.21761964478091,57.70661547730859,20.0
Lakshmi Narain College Of Technology Excellence,56.13677733189194,49.769510263763664,50.89305901601487,68.86548700311567,20.0
Dr Harisingh Gour Vishwavidyalaya,56.12777637271675,60.54197862338229,57.66115730536515,60.29575987525561,20.0
Amrutvahini Polytechnic,56.127026345636125,60.95090777062269,56.80587010617496,62.40149431451704,20.0
Sri Chundi Ranganayakulu Engineering College,56.12489457995558,43.21986376989855,68.24598003449809,55.915995314986574,20.0
Saint Kabir Polytechnic College,56.1229197556311,50.43960585043251,67.78313241990634,51.44501446268043,20.0
Orphanage Polytechnic College,56.11777718822122,48.15705189134795,69.04641114542554,61.197178759235534,20.0
Trr College Of Engineering And Technology,56.11551857794217,52.99891031670443,55.17099418102552,53.93955214601076,20.0
Quba College Of Engineering And Technology,56.1138358297309,48.07592420640251,64.51257093994138,51.03311235178836,20.0
Panchwati Institute Of Engineering And Technology,56.11028332687631,53.77826235331163,44.04471527414516,69.80072011368468,20.0
Bsf Polytechnic,56.10920320040505,44.246825174139865,63.31991105105647,76.33454242216972,20.0
Akshara Polytechnic College,56.10894187295776,47.52567546968945,65.81706139152149,53.72518262598505,20.0
Hr Institute Of Technology,56.09720434270137,50.457322021112354,41.34620659421506,78.22763559395389,20.0
Roorkee College Of Polytechnic,56.096259118771684,51.26460470640115,59.39507702883361,53.66384923259682,20.0
Annamalai Polytechnic College,56.09549414846413,42.39199855660252,73.31786243362481,76.97281348392352,20.0
Dr Mahalingam College Of Engineering And Technology,56.0932495905388,55.62021555620223,45.26535893849146,73.95920650624555,20.0
Bapuji Institute Of Engineering And Technology,56.09322085705091,72.70196795226126,46.79208256770679,50.774237477756486,20.0
Gandhi Institute For Education And Technology,56.09153930105267,41.102348736048185,51.88118147925224,84.1581054746012,20.0
Krishna Chaitanya Institute Of Technology And Sciences,56.08776356014772,61.132981090055445,41.64463151364687,71.47201808582558,20.0
St Mark Educational Institution Society Group Of Institution,56.08739934906824,48.46677631861296,49.82690643746695,72.07012524744276,20.0
Padre Conceicao College Of Engineering,56.0845749665433,48.72602443241508,59.794393225167696,74.15318728129247,20.0
Mahatma Gandhi Mission'S College Of Engineering And Technology,56.08035915613829,45.777739125933664,67.52060386413565,62.01000381016474,20.0
St Wilfred'S Institute Of Technology,56.07713721616682,56.94569385314367,45.30396278087984,68.99335548205866,20.0
Sir Issac Newton College Of Engineering And Technology,56.07051012202672,67.97019557082548,41.438540427789775,53.759857559723166,20.0
Royal College Of Engineering And Technology,56.06076840626651,45.26135689927536,73.82014942189149,51.11966003114477,20.0
Christ University,56.05810537245623,56.4185544069439,67.50728819525469,56.046632577700514,20.0
Shri Govindram Seksaria Institute Of Technology And Science,56.05757483328375,70.20626994055861,54.87339375926717,60.13338561049127,20.0
Bnm Institute Of Technology,56.05588519911137,50.46481918214891,68.27805133952305,50.9930601637228,20.0
Pathankot Polytechnic College,56.04372911002213,76.21067308324653,45.16883866111354,53.048620713251886,20.0
Al Falah University,56.04160431312811,61.09509376572012,60.45949516295835,83.84920742979153,20.0
Veermata Jijabai Technological Institute,56.04022386943179,46.65422746854173,59.8092101815281,79.81359264226002,20.0
Devang Patel Institute Of Advance Technology And Research,56.034161403475245,49.93716305880734,47.81808258595439,77.64381054599995,20.0
Shobhit University,56.033644783528324,67.3745961184352,48.63580218057971,56.74148276385184,20.0
Ch Charan Singh Group Of Colleges,56.02809343114173,61.39260673267943,62.54786317423023,51.86172001343142,20.0
Jagan'S College Of Engineering And Technology,56.02318912432068,53.18633262498426,44.17457903854682,69.84936297386358,20.0
Netaji Subhas Institute Of Polytechnic,56.02072170915145,48.52004895142984,58.90816539348398,74.68273150620352,20.0
Gidc Degree Engineering College,56.01644005176457,52.456654983275655,68.34711445267104,61.742832293219145,20.0
Plastic Waste Management Centre,56.01498948505119,49.6006005473057,71.47111217167055,70.85539481055308,20.0
Kota Polytechnic College,56.009224317779335,51.95786516192194,50.65880531743015,76.90410674287915,20.0
Kvt Polytechnic,56.00849038195068,58.49695172802846,44.70938085502829,67.73348891840953,20.0
Mar Baselios College Of Engineering And Technology,56.004272424166025,41.94354259279538,69.19617829231098,63.10755577350466,20.0
Sir M Visvesvaraya Institute Of Technology,56.0032993124633,55.91897082995179,57.70383039782392,59.79613018195869,20.0
Ndmvp Samajs College Of Architecture,56.00257270247525,52.267636565251365,46.66309024409247,75.96104415636682,20.0
Rk Polytechnic,55.99029949528173,47.6012339131775,56.49822678976528,63.93563772689532,20.0
Swift Technical Campus,55.98674241053916,56.073039588568506,50.88107049648214,64.83734498289292,20.0
Srinivas Institute Of Technology,55.984726677275475,41.15306170477603,74.07278442187783,56.519663762973416,20.0
Rajasthan Polytechnic College,55.9823685477966,45.59288347210423,59.06687261799322,62.33213850146337,20.0
Jawaharlal Nehru Technological University,55.97577973081165,41.36930249123674,66.55375555815327,57.83573334135154,20.0
Gates Institute Of Technology,55.96915077150385,65.79844164021576,46.62947816720973,54.20324555514083,20.0
Rvr And Jc College Of Engineering,55.942518477576996,44.63549697827091,56.358706554643845,81.00597755181548,20.0
Anjana Institute Of Technical Education,55.94124764422082,45.124178075462986,54.48034223472058,77.75699922059549,20.0
Dr Dy Patil Institute Of Technology,55.94034977906679,50.41529589876732,52.43058267851445,75.02484012171648,20.0
Jawahar Engineering College,55.93888479674873,50.6838117145556,57.43775550990252,54.20934116195061,20.0
Vsm College Of Engineering,55.93767154299533,44.29417287356946,62.35269167253245,66.8236112061182,20.0
Universal College Of Engineering And Research,55.937388929898844,48.97665826483421,80.35154652882918,71.41202631208897,20.0
Dr Subhash Technical Campus,55.93632072711791,59.817851809200064,44.97102654040641,58.33743619799708,20.0
Meenakshi Ammal Polytechnic College,55.93546660583506,45.24482912132523,72.10833690248813,52.83672407781858,20.0
Jyothishmathi Institute Of Technology And Science,55.926629350776096,62.99620406124573,40.786029188460994,62.10084767268499,20.0
Sahaja Institute Of Technology And Sciences For Women,55.92376908958295,46.30932466178692,54.01785886693628,66.95532700787908,20.0
Muruga Polytechnic College,55.922784767688455,52.98141463835579,48.44540202648689,74.39852849487136,20.0
Grt Institute Of Engineering And Technology,55.921256467558436,52.053741660005485,49.433393597737016,69.92645613310788,20.0
Ariyalur Engineering College,55.917229346789156,46.88755487508461,51.48660404399619,75.39124323923619,20.0
Akal College Of Engineering And Technology,55.91654288552162,63.56406596739408,59.92790858274242,77.28590569063466,20.0
Dr Daulatrao Aher College Of Engineering,55.91399212337099,70.31374631806754,40.21838828356808,53.538445173529176,20.0
Sri Vellappally Natesan College Of Engineering,55.91396089048047,50.77401119379245,51.56446557533307,68.04843117776959,20.0
Babu Sunder Singh Institute Of Technology And Management,55.91180366098375,49.18057260537352,46.62576729471544,75.6175982452095,20.0
Pdea'S College Of Engineering,55.9102791005095,57.23025352864232,46.40959256999667,70.51642580677493,20.0
Clg Institute Of Engineering And Technology,55.90942158962907,40.28718422219568,64.97246771376214,61.63797395927882,20.0
Jt Mahajan College Of Engineering,55.90531372092091,65.07011564675118,41.95979073348087,62.75884441691288,20.0
Excel College Of Engineering And Technology,55.89955169425379,50.07407553726127,44.48566363800215,77.09326378531102,20.0
Dr Sivanthi Aditanar College Of Engineering,55.885825391589975,50.08173864219374,59.88391189765548,58.80528173037613,20.0
Srm Institute Of Science And Technology,55.877763879673886,52.89034955327016,41.18603044413863,71.54524551766264,20.0
Rp Inderaprastha Institute Of Technology,55.87315710100648,44.43977717680468,48.29690505962676,81.70348410757329,20.0
Veer Bahadur Singh Purvanchal University,55.8635849612285,48.646825441786326,64.84965988478547,63.1111256403136,20.0
Christian College Of Engineering And Technology,55.863183886361405,49.9742853535183,40.27646391787009,84.04082028730892,20.0
Sher-E-Kashmir University Of Agricultural Sciences And Technology Of Kashmir,55.85615543215366,53.98037327009166,51.94359702485809,63.3260850531221,20.0
Jain College Of Engineering,55.85338054517493,45.62116417059735,49.196129700217725,82.64912873072319,20.0
Rajarshi Shahu College Of Engineering,55.85246700008524,52.47826715671,56.53242363418654,59.84476113235323,20.0
Arignar Anna Institute Of Science And Technology,55.848999621662344,42.22881023977618,71.90274529049512,55.80832002412848,20.0
Sjpn Trust'S Hirasugar Institute Of Technology,55.84698792738555,65.6083785572089,47.75492079987482,50.634499672621125,20.0
Ujjain Engineering College,55.846266313881785,69.040136408513,40.71394238543582,64.41660902475991,20.0
Amity School Of Engineering,55.84066106947593,43.51428091404173,84.06204843278971,54.42997312814915,20.0
Avinashilingam Institute For Home Science And Higher Education For Women,55.831677803304046,63.8123353764851,58.534890805446096,51.81077198729032,20.0
Sri Polytechnic,55.83093547484789,44.88636915100179,79.36913583358164,50.15211738455138,20.0
Bangalore University,55.82692693622047,43.08097505579416,64.6875741605195,74.76891281695673,20.0
Girijabai Sail Institute Of Technology,55.82351171197566,40.68866616335217,69.02582375828257,64.27823983357777,20.0
Suddhananda Engineering And Research Centre,55.82302906471067,43.9235825456427,49.17110067414169,82.26245795021791,20.0
Sahyadri College Of Engineering And Management,55.81946422737839,40.13307188925895,53.06659243888705,78.16839146444792,20.0
Visakha Technical Campus,55.818402950259106,56.58917516163703,55.375744654287615,52.90874070790204,20.0
Centre For Computers And Communication Technology,55.817745962150525,61.10309890023901,43.374723350357385,72.1569887076649,20.0
Institute Of Engineering And Technology,55.81673979878789,66.56072833008704,63.64719575259107,56.84322430075331,20.0
Jaya Suriya Engineering College,55.816070236247896,49.813195501130856,47.35260134917271,75.5720443112413,20.0
Er Perumal Manimekalai College Of Engineering,55.81439410083973,47.66295095608725,45.82151397794984,82.07517762100683,20.0
Shridhar University,55.806907399280455,54.05507510680221,51.81824519132866,78.89500992717385,20.0
Swami Devi Dyal Institute Of Engineering,55.80229483598418,52.3228881317001,43.49893258055271,76.87274036115956,20.0
Ghubaya College Of Engineering And Technology,55.79255878433186,52.59014912749298,43.7845936085524,70.29804369555367,20.0
College Of Engineering,55.79101194561038,40.3480413677591,81.86077958122752,63.053632996118125,20.0
Viswanadha Institute Of Technology And Management,55.78104495536667,51.52484748375507,56.32002225399292,57.564904916363,20.0
Jawahar Education Society'S Ac Patil College Of Engineering,55.77955791709891,43.73816077470788,63.188903506841285,77.86425637163626,20.0
Maharashtra College Of Engineering,55.77573827852575,56.373720835306905,54.64931849024046,51.68296247767285,20.0
Jat College Of Polytechnic,55.771178708264095,45.35728865291673,57.03322057806105,64.34199590629628,20.0
Rao Jai Ram Polytechnic,55.765990367391325,50.19879374321377,45.50886107281315,67.71998651929876,20.0
Mbm Engineering College,55.76527341409331,58.332593267877456,47.27342471620005,60.65269525936689,20.0
Sapthagiri College Of Engineering,55.760808030568356,55.4385491273186,46.21957104039807,73.6453268287948,20.0
Dr Rajendra Prasad Polytechnic,55.76018332364325,40.60932366723107,58.431222189330775,74.1638062128819,20.0
Jp College Of Engineering,55.75973802932744,56.58420151175887,51.59262678802044,56.58503257584152,20.0
Modern Education Society'S College Of Engineering,55.75523315326909,75.24077828346674,41.6119822440593,58.43051744974343,20.0
Vaageswari Engineering College,55.74618351788584,41.435685097911296,67.44070349722742,62.68550165110825,20.0
Maulana Azad College Of Engineering And Technology,55.732023105147356,59.58511257109828,44.30988698153735,67.88860917059412,20.0
Malabar College Of Engineering And Technology,55.72955554567094,46.89975623450105,48.857196725004094,74.89129291940323,20.0
Shree Niranjana Swamy Polytechnic,55.72930176963564,70.00273172622646,43.33245034276772,72.95964634229107,20.0
Sidana Polytechnic College,55.72594205318145,61.46609952917321,47.819330571747074,53.72342679667797,20.0
Genba Sopanroa Moze Trust'S Parvatibai Genba Moze College Of Engineering,55.71916464282674,69.8060104751967,42.19486215875356,60.33161482570535,20.0
Deen Bandhu Sir Chhotu Ram Government Polytechnic,55.71793006243616,50.66375399929376,79.4815548148004,51.23787066435097,20.0
Mahatma Phule Krishi Vidyapeeth,55.7160179170602,46.68803297629556,62.72201805571676,58.48887701359358,20.0
Dr Babasaheb Ambedkar Marathwada University,55.71592903955407,59.13425205744922,48.88540191212181,66.63818653893381,20.0
Prof Ram Meghe Institute Of Technology And Research,55.71575093449054,45.136011540006734,69.51054125168753,73.86426532767565,20.0
Coastal Institute Of Technology And Management,55.71074363062505,56.907113292065134,45.7212199553739,65.96101130853886,20.0
Sant Tukaram Polytechnic,55.706931844260254,62.39687266528027,65.56427196635919,62.63239523112232,20.0
Saheed Jageshwar Nagar Government Polytechnic College,55.70258963735839,40.07035688738864,72.56932591003418,75.80756822336261,20.0
Sriram Polytechnic College,55.702122568000576,57.74387381244516,51.79787170456882,58.90210270772951,20.0
Karpagam College Of Engineering,55.698588252127635,43.67738052077087,61.77511762803678,65.77100572065201,20.0
Skr Engineering College,55.69639011014054,47.23030197648291,60.88477881054692,58.04527085193042,20.0
Patiala Polytechnic College,55.69517219939435,44.05304655885732,54.029362996365535,71.76200580803352,20.0
Nbn Sinhgad School Of Engineering,55.681047780525404,43.89541938416117,58.16763520598157,69.08369854785124,20.0
Bit Sindri,55.6752290628735,48.94284809185779,69.3778208968452,79.67079684804457,20.0
Muzaffarpur Institute Of Technology,55.6735088430854,41.02268799435669,81.53896257066026,56.81828495375059,20.0
Pt Lee Chengalvaraya Naicker Polytechnic College,55.67120186682278,64.21876259206743,52.74444272566346,52.01544367482835,20.0
Sankalchand Patel College Of Engineering,55.669704828701555,46.99766581487678,55.716872559527694,77.89053686495657,20.0
Nv Society'S Polytechnic,55.66836514091031,71.44727979829655,47.00068014448691,52.55066425752848,20.0
Shri Jagdishprasad Jhabarmal Tibrewala University,55.66643331592017,57.12465086846826,55.55020893154294,54.21092712603187,20.0
Manipal University,55.66594841625275,43.75612146037005,72.81133735128532,53.45761366346584,20.0
Gobindapur Sephali Memorial Polytechnic,55.661378981241256,68.24133177185738,40.705553627770406,59.73290208481888,20.0
Anjuman E Islam Polytechnic,55.65530113925172,43.10604969850402,69.7018388156831,57.296139676593945,20.0
Jhadeswar Institute Of Engineering And Technology,55.653413671107415,59.9114044844555,40.58829472296626,78.09616896353812,20.0
United College Of Engineering And Management,55.652918065942956,48.63078934029247,40.17676930329731,82.62133469029138,20.0
Nv Polytechnic College,55.648540149464566,42.43206613040884,61.689585073140506,70.57878085700028,20.0
Baselios Mathews Ii College Of Engineering,55.64599428860885,55.515939542700174,43.90719241076426,69.54656281927107,20.0
Dayananda Sagar Academy Of Technology And Management,55.6442642603181,45.96237787857254,47.05740835870998,72.66862510375472,20.0
Aarupadai Veedu Institute Of Technology,55.64232314197574,41.34055148213214,55.68094034608095,79.67238875558415,20.0
Vijayanjali Institute Of Technology,55.641262273941614,47.11914554740589,53.55106685876303,70.28044742025787,20.0
Ms Bidve Engineering College,55.63411642881533,47.40360135320967,79.44975208056704,57.61224735313954,20.0
Sanjay Institute Of Engineering And Management,55.63341569799485,49.82008631359185,53.527593191608815,69.14860457302325,20.0
St Gregorios College Of Engineering,55.63235645420231,47.32774178385433,64.276987600524,74.60784889525179,20.0
Ssm Institute Of Engineering And Technology,55.63181928061706,51.336526692738005,56.69313826716037,61.82008961581718,20.0
Tkr College Of Engineering And Technology,55.62313448557979,48.32222365940886,41.82064904343677,82.48574779907636,20.0
Rect Polytechnic College,55.61961362588568,42.38453514806457,59.80454236864792,72.0230124552307,20.0
Abes Institute Of Technology,55.613934386444406,66.04770453947322,42.35842845229664,54.67128620991425,20.0
Rajendra Mane College Of Engineering And Technology,55.60919635680828,62.84265940216852,45.55537957308848,67.73336407504205,20.0
Jawahar Lal Nehru Polytechnic,55.60444916823569,50.158305344763605,71.56690199471264,67.55540409946963,20.0
Swami Vivekananda Institute Of Technology,55.60088688674923,53.52450861469687,48.04844889478161,67.98953161652315,20.0
Vidarbha Institute Of Technology,55.594006524956896,47.07473348027583,51.66636495597348,68.02978976231225,20.0
Dy Patil Polytechnic,55.58987389302015,54.922665880237815,45.79943770763804,68.90657698733165,20.0
Skp Engineering College,55.58961170558743,45.52865491461921,56.150936191888114,65.92976497227318,20.0
Mahaveer Swami Institute Of Technology,55.58808060974103,47.64522460325868,53.63483504214419,64.99871633665015,20.0
Shri Sai College Of Engineering,55.58727116819968,56.2164513490541,53.75211742899887,59.65378785646472,20.0
St Aloysius Institute Of Technology,55.583770389641245,66.10853248839024,44.55206875434598,53.99539957618383,20.0
Tkm College Of Engineering,55.56457157558603,46.83685584696491,63.01838242069344,66.74405513307417,20.0
Himalayan Institute Of Technology And Management,55.561540677124015,47.53700593117168,51.234801253586326,69.43047578570835,20.0
Sadguru Swami Nithyananda Institute Of Technology,55.54321108504499,47.35740368177164,62.20424632064374,53.75340600315548,20.0
Aman Bhalla Institute Of Engineering And Technology,55.54225897632206,45.36251037409192,52.02766149802066,70.09520600917844,20.0
Kempegowda Memorial Polytechnic,55.5422201302418,51.5820166573623,45.08833221551255,65.90033015199143,20.0
Nizar Rahim And Mark School Of Architecture,55.53831850978516,46.17346165401544,49.8677339453171,74.40533497741211,20.0
Narayani Institute Of Engineering And Technology,55.536798259387645,43.23002609180748,63.03683741303492,76.10263362804534,20.0
Cm Annamalai Polytechnic College,55.53154226572124,46.01628533067104,46.58520084736537,78.76349553887913,20.0
Kle Technological University,55.52497179656409,42.8689955638561,63.97530505772487,69.79185744558986,20.0
Grd Institute Of Management And Technology,55.5199052920249,59.69641556255262,40.36540119295764,58.76079341505054,20.0
Lala Lajpat Rai Institute Of Engineering And Technology,55.51856428048681,76.40794974368161,44.87499066636831,67.81052474195158,20.0
Renaissance Polytechnic,55.51151778555218,51.57949130302551,48.84356090016456,62.99891694445101,20.0
Sri Polytechnic College,55.50838505283838,40.27818432061948,65.2120208165993,66.90552499171724,20.0
Panimalar Institute Of Technology,55.505113013781525,59.02585714850848,40.7008235060926,76.8070591715685,20.0
Blue Mountains Group Of Colleges,55.50378453792437,61.66340118047224,47.08825435661615,70.24633358766494,20.0
Bihar Agricultural University,55.50254626977642,52.02903518528245,53.347861238143615,53.01372874565724,20.0
Green Hills Engineering College,55.496765579798094,55.14986595578294,42.59536017955225,65.6777664229243,20.0
Yashwantrao Bhonsale Polytechnic,55.49433599415208,50.853204483947735,68.3436970166633,54.13135251493262,20.0
Ingraham Polytechnic,55.48469457026542,47.73345077480228,67.75748914065619,64.77667143400181,20.0
Jspms Bhivarabai Sawant Institute Of Technology And Research,55.48446047334101,41.16824790771527,75.40868928849588,53.71264798568535,20.0
Manav Rachna University,55.484144099931676,45.2382846122137,52.86307032900352,75.52628672041115,20.0
College Of Engineering Science And Technology,55.48278869961282,58.05743490976198,45.13246364210363,57.97995615684584,20.0
Shri Sant Gadge Baba College Of Engineering And Technology,55.48103496352911,46.60525846900796,67.00762756510672,54.55489061963797,20.0
Institute Of Engineering And Management,55.47894922153377,43.62666083425226,62.2449450394202,56.88626930105055,20.0
Kamala Institute Of Technology And Science,55.469400668083225,46.28554852849489,55.48198765130572,71.06262522317422,20.0
Mody University Of Science And Technology,55.469284902018444,53.3361767474882,61.280518287809045,52.392714483514055,20.0
Met Institute Of Engineering,55.4654126928399,52.751759844272,50.92554324003177,68.2878917059779,20.0
Shambhunath Institute Of Engineering And Technology,55.46289649442951,43.67099596948069,65.8072635714255,56.170258396036274,20.0
Kingston Polytechnic College,55.458537111186544,63.68196422710296,42.61648625718115,66.76499201983052,20.0
Indian Institute Of Space Science And Technology,55.44529881337915,62.22314496847386,46.94476421801184,51.25785693026335,20.0
Sjb Institute Of Technology,55.43852072840152,44.64297150849753,64.88325593176019,61.39272891643657,20.0
Sir Jc Bose School Of Engineering,55.43834942017668,41.03059013333338,65.2379864040607,61.6256560512272,20.0
Rajeev Gandhi Proudyogiki Mahavidyalaya,55.43553007718458,45.84640920746588,45.755433943946656,72.90817875533618,20.0
Dehradun Institute Of Technology,55.43133823870901,71.14328051733465,54.49686106348065,50.08541708897262,20.0
Punjab Engineering College,55.42663897530401,55.521369488640346,49.75543959320749,75.75584568447059,20.0
Ns Polytechnic College,55.41773675445274,44.67452679901909,49.76249368442789,79.92181989652703,20.0
Pandit Dev Prabhakar Shastri College Of Technology,55.40992461887288,42.57240519255078,68.76741235078109,51.66439505692773,20.0
Crk Polytechnic College,55.40503791433156,59.37163709964475,40.69207828691711,59.23667733282082,20.0
Akal College Of Agriculture,55.40390853458435,57.37594734179723,52.267711521588,74.01586263211627,20.0
Ttaadc Polytechnic Institute,55.395337049919476,76.48271042398936,69.72384509847204,68.1192694948515,20.0
Bhabha College Of Engineering,55.39166623645407,42.026388985965966,58.62205848359096,66.1900399533865,20.0
Malwa Institute Of Technology,55.390359871651825,61.64483097217769,44.49993735307364,52.02461973252977,20.0
Vishwavidyalaya Engineering College Sarguja University,55.38112752494558,53.91646200454166,52.03238474656791,70.59245605219948,20.0
Sarojini Institute Of Technology,55.37814477141272,42.26278115050284,42.0247009077348,84.98414864393553,20.0
Gandhi School Of Engineering,55.375984788587864,42.17779389440115,60.54485044949725,79.01318659862672,20.0
Adarsh Shikshan Prasarak Mandal'S Kt Patil College Of Engineering And Technology,55.37537240868875,41.49044521018113,60.56196635503896,66.95539341070842,20.0
Kgisl Institute Of Technology,55.370135463168815,59.69983015277023,45.8314382052091,56.716411416705775,20.0
Chaudhary Ranbir Singh University,55.359235965406704,44.74830048791507,61.738570974842894,70.92321157452434,20.0
Rn Polytechnic College,55.355894873322406,57.24631072589716,55.61241508341484,55.51840067394048,20.0
Sam College Of Engineering And Technology,55.353140765115704,45.17386944127209,63.950665065808565,56.51521551413224,20.0
Bangalore Institute Of Technology,55.34910588931819,50.43329985408206,53.55684288296973,66.97647888619915,20.0
Vidyadaan Institute Of Technology And Management,55.34740273189081,52.57138762806517,50.56413392612247,70.73038998009578,20.0
Sri Manakula Vinayagar Engineering College,55.33747193968429,64.78546357338125,45.90855810059071,51.87845903629715,20.0
Yadavindra College Of Engineering,55.33412145399986,45.41353163366405,57.67996064179992,66.05206320191286,20.0
Arulmigu Senthilandavar Polytechnic College,55.33191856705582,56.74739236744955,50.95953670280119,58.886656837197975,20.0
Mallabhum Institute Of Polytechnic,55.330009504762465,54.28876014250071,57.86840609363127,60.063567172052345,20.0
Dkte Society'S Textile And Engineering Institute,55.32514717028489,61.3271319042131,45.32426263960594,70.42163706578567,20.0
Vigneshwara Polytechnic College,55.32460078153748,42.31391003230953,58.04216340357341,74.04116960820173,20.0
Everest Polytechnic College,55.323022749839396,51.39423689010579,45.7707380164281,68.68514709585472,20.0
Babu Mohan Lal Arya Smarak Engineering College,55.31963919612541,57.62265863385885,42.72047541464924,66.2597438688981,20.0
Vasavi College Of Engineering,55.317444081104505,44.33767238005624,59.88086155900075,75.44879193712913,20.0
Pet Polytechnic College,55.31386676278192,45.24353029611712,69.79105438350626,56.11400237384362,20.0
Global Group Of Institutions,55.30969737182003,45.546831963043005,49.394405916454,77.42126882248229,20.0
Vidya College Of Engineering,55.30608151204845,43.34712665236534,56.39253073838732,67.37882823753866,20.0
Madhav Institute Of Technology And Science,55.30510788783031,51.726074712804845,68.71607203092493,84.50367516021564,20.0
All India Institute Of Hygiene And Public Health,55.305107422656626,46.682662101104206,60.63704129612695,55.92723280137645,20.0
Noble College Of Engineering And Technology For Women,55.30452147766578,46.70973540907508,52.10522053902884,63.10011917710397,20.0
Jaihind College Of Engineering,55.30370892926648,74.50154797813673,46.06565666233429,61.02127068176961,20.0
Amrapali Institute Of Technology And Sciences,55.30310466739785,48.67409412452915,48.353304293736144,69.64155468458935,20.0
Mahatma Gandhi University,55.296863600903855,57.36828754445689,40.65168730717348,73.95298269359905,20.0
Mohamed Sathak Polytechnic College,55.2961863819897,67.25042133245437,52.48468321373938,71.86334365990248,20.0
Mar Ephraem College Of Engineering And Technology,55.29610031197774,45.91225722968717,64.49095642787499,57.29799013433693,20.0
Indraprastha Institute Of Management And Technology,55.29543373585284,56.546250085002,44.49688483613394,60.28761364078463,20.0
St Mary'S Group Of Institutions College Of Engineering And Technology,55.28842993727164,41.960348689078735,46.00789884824785,80.50546028366682,20.0
Balasore School Of Engineering,55.28747096876334,40.41189984880964,69.73180075138461,83.89060267825701,20.0
Late Shri Bapuraoji Deshmukh College Of Architechure,55.28471908628014,45.2861767936637,46.711029881353205,75.52868163284607,20.0
Jj Polytechnic College,55.282054263590155,40.38485811360272,52.49230352601012,80.59124146353284,20.0
East West College Of Engineering,55.281890314115884,46.54291389892653,65.0611363434495,56.25586010092532,20.0
Chandigarh Polytechnic College,55.28070309184465,47.28559329563054,59.67368445118282,58.88262643104648,20.0
Ke Society'S Rajarambapu Institute Of Technology,55.27762212411268,53.710146241479976,58.05523681699311,64.7765945382415,20.0
Mahakal Institute Of Technology And Management,55.27527327021867,53.68260366517161,57.55477360682024,50.0688953281892,20.0
Gh Raisoni Institute Of Engineering And Technology,55.266262815252816,53.80893233220634,64.64872711837944,82.03315975798502,20.0
Padmabhushan Vasantdada Patil Pratishthan'S College Of Engineering,55.26174503095102,54.101866546060165,55.484515888567415,60.623612555927735,20.0
Ratneshwari Institute Of Polytechnic,55.260157116319185,57.81231643826895,74.60850737697139,62.92211805218837,20.0
Global Institute Of Engineering And Science,55.25812297640081,56.48197216816995,42.15683202333276,61.241756864611816,20.0
Indian Institute Of Information Technology,55.255516459460395,48.6551449000138,83.16316938031028,52.29141162006843,20.0
Nagarjuna Institute Of Engineering Technology And Management,55.25374163245104,59.216940573049975,40.704540911980914,62.26102574898613,20.0
Rao Bahadur Y Mahabaleshwarappa Engineering College,55.251859780519354,46.14707177206644,64.1916086612114,57.31735625729195,20.0
Mit Academy Of Engineering,55.251339909300725,53.1981687579783,52.6257280807682,65.2615013537848,20.0
Ambal Professional Group Of Institutions,55.24527854269901,45.370827610529,43.79640281720896,79.06838096326157,20.0
Aligarh College Of Engineering And Technology,55.2430880394148,44.81385788199821,45.4104486398929,78.46054931578078,20.0
Cauvery Institute Of Technology,55.241377863395186,43.237351158574974,46.72349738973348,79.50101027385585,20.0
Anjuman I Islam'S Ar Kalsekar Polytechnic,55.24058875581278,42.00007567138418,77.90374544566072,57.85299602536898,20.0
Ggr College Of Engineering,55.23715879429834,54.37672713778045,49.63950096403861,52.78229593827763,20.0
Alliance College Of Engineering And Design,55.22697447971246,51.09489895210526,55.87027384121083,56.5477195760463,20.0
Ahmedabad Institute Of Technology,55.225930806403134,56.024565264119246,49.34002237257214,61.45634455017039,20.0
Mar College Of Engineering And Technology,55.22415501780524,44.66804390773238,47.308436418778506,78.31605806045599,20.0
Bes Institute Of Technology,55.22104214256002,40.04252533781766,67.72351002063827,74.38787948171678,20.0
Nb Navale Sinhgad College Of Engineering,55.22003541843105,57.03189176952114,41.49911249038269,69.89409985316155,20.0
Pcps Girls Polytechnic,55.21804218286207,68.85266652989873,63.917559339721016,62.67575788295454,20.0
Translam Institute Of Technology And Management,55.21428786401447,61.31898626744032,41.66563440647651,57.28293371256489,20.0
Baselios Thomas I Catholicose College Of Engineering And Technology,55.20896495869206,63.3335733662879,41.904416530271824,52.767456123950645,20.0
Nishitha College Of Engineering And Technology,55.20816594854884,47.45509079070722,46.84308055591276,71.77363186394771,20.0
Ranippettai Engineering College,55.19826336146494,56.57389270224709,45.81406248662124,54.444429369139286,20.0
Indira College Of Engineering And Management,55.1905883550007,59.06458657298708,49.82155526572888,62.95129840781501,20.0
Priyadarshini Polytechnic College,55.190487128834356,65.57379617132699,44.32415814062995,54.108043052510745,20.0
Institute Of Engineering And Technology Devi Ahilya Vishwavidyalaya,55.17448530651945,43.00595433444765,59.786998208406416,71.16747260500041,20.0
Bt Patil And Sons Polytechnic,55.17342970030334,55.04944461285524,47.116733430564,59.83971436729584,20.0
Maa Saraswati Institute Of Engineering And Technology,55.172238746723394,48.8089619061509,51.554721356013225,62.0727056722325,20.0
Rajeev Polytechnic,55.171814305144075,49.63924428069883,47.34209072578995,72.2395162143581,20.0
School Of Planning And Architecture Vijayawada,55.16817222279274,41.56240970400625,55.85701310316877,79.22841609501775,20.0
University Of Rajasthan,55.16672769079995,49.28943153209291,58.25574389691696,62.39973970088842,20.0
Mvn University,55.15854173069859,43.22411974925584,65.0446146884214,74.47241055315384,20.0
Gurukul Institute Of Engineering And Technology,55.15769295634796,59.14768861792962,42.52195129047942,67.4600808181136,20.0
Deogiri Institute Of Engineering And Management Studies,55.14785947431305,42.5206079682409,74.34057867977143,54.467908174191294,20.0
Gkm College Of Engineering And Technology,55.14675363135533,50.110015695600296,53.44351348747401,54.99797297420444,20.0
Bm Institute Of Engineering And Technology,55.14608809415416,51.33168352749357,47.10421606983434,64.56381373552937,20.0
Immanuel Araser Jj College Of Engineering,55.143715708187884,53.35290419333516,44.86259505800335,61.32202654391175,20.0
Kilachand Devchand Polytechnic,55.13351529710856,44.90004488923102,52.50908164233961,77.5086372631342,20.0
Gautam Polytechnic Institute,55.11032763210887,67.09448720468441,40.12774334404826,56.88919589566889,20.0
Siddartha Institute Of Science And Technology,55.10587530676756,52.09380940034504,46.43922344519366,63.74763890140089,20.0
Rnb Global University,55.103456454335486,41.83048587878769,51.85251881419413,76.27281746432794,20.0
Nadar Mahajana Sangam Kamaraj Polytechnic College,55.10118827455243,54.98628339509507,53.373823989701286,66.27309159299678,20.0
Mahatma Gandhi Mission College Of Engineering And Technology,55.10117582887169,58.80266208406107,44.944258766273656,70.03327925290014,20.0
Tripura Institute Of Technology,55.10096334213301,58.98202423339374,41.41557571805844,77.69709574930069,20.0
Shridevi Institute Of Engineering And Technology,55.099271168128986,58.53088587402856,49.39933276068507,50.50381357582477,20.0
New Era College Of Science And Technology,55.08979478441167,43.474296561611006,53.333036032837015,72.09018777415793,20.0
Usp Polytechnic College,55.089471836072406,43.23307345769948,79.63485144553538,78.1393323280475,20.0
Ludhiana College Of Engineering And Technology,55.0767289362178,42.27714219555176,61.58043814263647,65.50196768494638,20.0
Madanapalle Institute Of Technology And Science,55.06897947888399,53.290185576009286,61.79017451689052,53.84061551508148,20.0
Indira Institute Of Engineering And Technology,55.06764708629697,49.63073560327255,53.87733572685157,57.12589483841688,20.0
Arj College Of Engineering And Technology,55.06713429733337,43.45087537166607,59.77562691409764,58.45472660344156,20.0
Mahendra Institute Of Technology,55.064288802399055,51.8715066135024,50.26978441272048,60.60782143464866,20.0
Thejus Engineering College,55.05795105702958,53.61437310327398,43.51451683898802,70.65021896524014,20.0
Indira Gandhi Polytechnic,55.05546058917551,40.70084939446339,71.85902507471548,59.91487402936298,20.0
Aurora'S Scientific Technological And Research Academy,55.04107319022357,42.233645520102485,53.70642018187169,71.1991493165302,20.0
Balasinor College Of Polytechnic,55.040399706543354,46.08647693963001,51.30545213786258,77.06219592217087,20.0
Bgs Polytechnic,55.039084762925384,46.98680879955879,49.635991102364095,79.15098019420023,20.0
Sri Vidhyanikethan Polytechnic,55.03785675705961,69.51158504615708,46.1914900392417,52.76090403967708,20.0
Annasaheb Dange College Of Engineering And Technology,55.034761114510566,49.84780038356762,65.22145960927257,51.12185421939148,20.0
Ganesh Institute Of Engineering And Technology,55.03472973194361,54.93328486984072,62.75023041903466,52.29797176006552,20.0
Aringer Anna College Of Engineering And Technology,55.02425157548443,59.48268113040984,43.018460166470405,53.11037284169702,20.0
Sri Balaji Polytechnic College,55.022762963988065,56.18402189625992,49.91962636173525,59.224942056567485,20.0
Jeypore School Of Engineering And Technology,55.02198346634776,55.137619936199215,54.47718136120203,61.25237663847893,20.0
Padmabhooshan Vasantdada Patil Institute Of Technology,55.021785565794154,45.53741402821129,63.65688230689126,59.61985782857435,20.0
Oxford College Of Engineering And Management,55.02006611433225,42.65965606122264,69.5335737346935,53.260289417959655,20.0
Dumkal Institute Of Engineering And Technology,55.01489632545298,52.57075524730778,59.18534802976758,50.70168566800836,20.0
Radharaman Institute Of Technology And Science,55.01393419718425,59.210884239819855,46.76245253030388,56.97451885534085,20.0
Vardey Devi Institute Of Engineering And Technology,55.00525960506053,47.50999752672954,57.89080213873406,58.82216857218275,20.0
Shri Dadaji Institute Of Technology And Science,55.00366025050932,40.75992810814722,55.78115790709353,70.5516523124872,20.0
Arulmigu Palaniandavar Polytechnic College,55.00359179306206,49.49616868177161,62.59731324680731,62.95613537727348,20.0
Hindusthan Polytechnic College,54.99968464217163,60.53308034530694,50.62482364105157,51.82422490453703,20.0
Kg Engineering Institute,54.997451640236186,47.35444443860296,66.15809670336891,63.1420480761136,20.0
Giet Engineering College,54.994298038702325,45.08705980354715,66.92395965635815,52.74896220764721,20.0
Adarsh Polytechnic,54.981164862345246,56.4034615717172,45.6538412624753,67.35436270217791,20.0
Mn Technical Institute,54.979379353676066,41.97877151183702,61.453925527889474,71.0300495382998,20.0
Dwarkadas J Sanghvi College Of Engineering,54.97931337826911,44.937134783997,74.84095171687393,54.86553861257688,20.0
St Thomas Institute For Science And Technology,54.97697473284667,44.75213932609731,50.66217649410815,71.67081499706357,20.0
Hindustan College Of Science And Technology,54.972803914732765,53.57617580740543,56.41171634046634,62.91008875430414,20.0
Dadi Institute Of Engineering And Technology,54.9648535247779,58.57636601433744,48.00317155208087,53.84454678595648,20.0
Institute Of Road And Transport Technology,54.95884323593838,44.13881740509099,73.11703711591466,56.1562451699491,20.0
Arvindbhai Patel Institute Of Environmental Design,54.95855655495351,44.063550838161305,63.83357982567126,55.801038525531055,20.0
Priyadarshini Bhagwati College Of Engineering,54.95764052260203,61.04739121624689,41.62469058220484,66.75651701946006,20.0
Swami Vivekananda School Of Diploma,54.95386742424556,57.12718461542766,46.172876199096656,61.8168285277125,20.0
Shillong Polytechnic,54.94748954305284,42.20074636798419,67.77195531606358,58.1654443316589,20.0
Terna Public Charitable Trust'S Terna Engineering College,54.946333219395484,48.46348877310196,79.91068570375313,65.24523615887273,20.0
Asian Institute Of Technology,54.91933424085843,43.198116755315546,46.24531943532331,84.4993855442103,20.0
Rise Krishna Sai Polytechnic College,54.9157533641143,55.52877479615166,55.97649390225393,57.22729478639289,20.0
Arasan Ganesan Polytechnic College,54.91508158879384,65.33116742159373,69.44954366957506,80.6860487684658,20.0
Graphic Era Hill University,54.91373914059932,59.6786336029554,41.73511804020634,78.773714212128,20.0
Srg Polytechnic College,54.90831946597988,40.04265104561375,54.49060875022055,78.19936883268466,20.0
Prashanti Institute Of Technology And Science,54.90512811474427,45.03829680375968,57.84669208777129,62.80201011836981,20.0
Sikkim Manipal University,54.900969036446526,49.64515728068498,52.47440934353273,82.3105244632436,20.0
Erode Institute Of Chemical Technology Polytechnic College,54.891513122270574,53.04529934188182,46.95366929137395,58.955839981018535,20.0
Mass Polytechnic College,54.8875266820763,50.32129132363952,53.555926071619965,59.90384579849436,20.0
Latha Mathavan Polytechnic College,54.882038585153616,49.02168938544631,46.73803293305166,68.87805376586743,20.0
Ghousia College Of Engineering,54.87249186578465,45.87148534408817,60.30431695935918,60.56452364736584,20.0
Institute Of Shipbuilding Technology,54.86497810647424,50.30646468351557,54.00160604468622,66.04725563803811,20.0
The Technological Institute Of Textile And Sciences,54.86442674597282,52.64697484253328,52.80498477329087,66.52311793251155,20.0
Mukesh Patel School Of Technology Management And Engineering,54.86029787047953,49.56191675620991,52.39488696161131,56.75912442870716,20.0
Bs Patel Polytechnic,54.85576705436032,42.29517899414783,49.11093073254224,81.22898375215792,20.0
Ks Rangasamy College Of Technology,54.85421159410484,50.799943331330944,43.56394299299489,70.79152214964027,20.0
Esc Government Polytechnic,54.85230059045541,43.87631697705714,72.92637954687157,71.90083282664196,20.0
Kongu Engineering College,54.840961295143984,46.454527607892366,46.86878582274101,79.46991767672174,20.0
Elitte College Of Engineering,54.83974781896338,52.83890589450719,48.28699650992313,65.75986712028875,20.0
Phonics School Of Engineering,54.838282595195516,56.43793483432357,50.33232398062648,60.29137759672622,20.0
Bhagwan Mahavir College Of Engineering And Technology,54.83095882139724,54.67053667977932,52.87381102638884,77.49752013296754,20.0
Mathuradevi Institute Of Technology And Management,54.830904700256866,57.37298526918662,50.99634782302327,62.17656037633862,20.0
Brilliant Institute Of Engineering And Technology,54.828796002210446,57.56189859934477,40.683885874583495,61.67094038392611,20.0
Datta Meghe College Of Engineering,54.820696522182644,60.23603112800029,41.52278019538476,69.73538202853484,20.0
Sri Sai University,54.816747847191245,40.489330049748354,72.33063411042643,51.87034591436312,20.0
Kj Somaiya Polytechnic,54.805107843184786,42.10484347994702,67.88494098862252,68.27727543437376,20.0
Bhubaneshwar Institute Of Industrial Technology,54.80344861107727,57.35310929362838,43.32395302435325,60.91337464801879,20.0
Trinity Institute Of Technology And Research,54.79408127564679,51.99459661419044,44.66081987760775,72.12981684093117,20.0
Sies Graduate School Of Technology,54.792075664903805,51.54405622616307,51.79115123430888,68.76332018778615,20.0
Kpr Institute Of Engineering And Technology,54.78871861229586,45.61463764140146,43.59759584205471,83.44597130277685,20.0
Nit Polytechnic,54.786563433384096,49.77547021316009,57.22348421281718,66.94572457768962,20.0
Merchant Institute Of Diploma Studies,54.785324855873185,43.17595627164893,61.1073804323279,84.31188518945635,20.0
Sree Krishna College Of Engineering,54.78225676920445,52.43806874406604,52.53317993427359,51.21846841999928,20.0
Ng Patel Polytechnic,54.77013123511734,51.31920181338751,82.70827368392939,57.17066081271774,20.0
Karmaveer Bhaurao Patil Polytechnic,54.76800949203709,61.89397442157603,48.93372898858968,77.4202216454659,20.0
Devineni Venkata Ramana And Dr Hima Sekhar Mic College Of Technology,54.76708077963569,62.6654553289346,41.10675437366518,57.96140584658331,20.0
Cape Polytechnic College,54.75582573663968,47.23083796105637,61.02025922681283,53.82109953409031,20.0
Saraswati Institute Of Engineering And Technology,54.75166327928312,53.12140405805755,45.47896554013843,63.170127711607016,20.0
Karavali Institute Of Technology,54.751622870124805,45.12628246587993,44.539366488816135,74.24642044284661,20.0
Einstein Academy Of Technology And Management,54.7515701756915,58.31687191448941,43.42538421775812,65.46705148442348,20.0
Yamuna Polytechnic For Engineering,54.75109588649299,50.204449887505646,47.53803574360986,70.22695288374182,20.0
Camellia Institute Of Technology And Management,54.73982992000248,54.98780359125012,40.69008681027896,76.93241106756108,20.0
Vits Engineering College,54.737487860400876,48.167644405432185,51.98666128222175,63.32163001732316,20.0
Technocrats Institute Of Technology Advance,54.73669484370301,40.68536617746022,56.42653657544257,81.8307975177353,20.0
Subharti Polytechnic College,54.731427565641724,52.71123505476728,58.02454493174438,61.53011930939407,20.0
Gs Mandal'S Maharashtra Institute Of Technology,54.72773581188052,47.50058127399747,53.241773569288654,66.48749778941541,20.0
Koneru Lakshmaiah Education Foundation,54.72707732392158,53.26466142133957,48.201770416954986,65.93141748503555,20.0
Dev Bhoomi Institute Of Polytechnic,54.72545674804341,42.7163518586103,66.86328737427576,60.00656023872278,20.0
Aravali College Of Engineering And Management,54.71480275408208,52.55494927163665,51.21167486450474,59.70801582256214,20.0
Anand International College Of Engineering,54.70945244120108,60.029364170716406,46.0839777170843,51.65025384884892,20.0
Nathdwara Institute Of Engineering And Technology,54.709408814853624,53.646883780855816,49.31976784740171,61.79175032497935,20.0
Durgapur Institute Of Polytechnic,54.70546274381202,45.996209360831166,76.34830035555802,54.65079931806681,20.0
E-Max Institute Of Engineering And Technology,54.700710808716316,42.365868948369794,69.93528487061407,51.2751248206994,20.0
Tjs Engineering College,54.7004066512569,48.0475183770912,47.38927937100118,71.81018301264673,20.0
Cms College Of Engineering And Technology,54.67752338971919,53.12861018319953,43.85945409471293,62.80040814371944,20.0
Shree Bhagwat Institute Of Technology,54.677128557066645,58.1119505395539,61.99833050151101,80.51165032765797,20.0
Akole Taluka Education Societys Faculty Of Polytechnic,54.67452304192739,47.73407759401905,63.59035372059708,60.49856500770044,20.0
Institute For Design Of Electrical Measuring Instruments,54.67129635515155,53.163297530952704,64.52845616586208,65.71065947372755,20.0
Guru Sai Polytechnic,54.66403989436663,45.1877892026601,48.33367240273109,75.6050810237295,20.0
Institute Of Technology And Management,54.65749852582379,47.966044468544624,46.6275573079736,65.52483565048351,20.0
Sasmira Institute Of Man Made Textiles,54.65716299016683,48.049055665564765,71.61100813040558,50.797780964428114,20.0
Krishna Vidyapeeth Of Management And Technology,54.65510659807526,54.676937427685246,68.95549074956762,63.63182727493613,20.0
Mes College Of Architecture,54.64937035604713,53.42580713972519,47.32799389605911,61.21137171210859,20.0
Shri Pandit Anna Patil College Of Engineering,54.642813017709756,54.45676788947495,61.94303434699586,56.71120561739009,20.0
Ch Devi Lal State Institute Of Engineering And Technology,54.641993183543676,69.08136113261037,46.90948900260407,57.7498824839836,20.0
Nath Polytechnic,54.6413117682894,45.54409940199188,57.215162908618304,61.62902067666576,20.0
Mittal Institute Of Technology,54.634947721130104,43.79463005158812,41.27056474011064,81.68648244829718,20.0
Kamatchi Polytechnic College,54.61617277454398,43.441142023745165,55.00985100039068,59.921008685091934,20.0
College Name,54.611116472397185,51.58385063972535,52.10594267639022,59.08698268527783,20.0
Rh Sapat College Of Engineering,54.603535315886944,61.4776670841508,44.45952042273856,70.52556119074264,20.0
Watumull Institute Of Electronics Engineering And Computer Technology,54.60123913487876,41.14366196669644,52.98181654965728,73.4934055888247,20.0
Sipna College Of Engineering And Technology,54.60115249090239,68.99550631840064,45.43496764065855,56.16854922113684,20.0
Vignana Bharathi Institute Of Technology,54.59135017307566,44.69559977145155,50.6222404898164,73.77336591380285,20.0
Government College Of Engineering And Technology,54.58602971809373,67.23066515521501,53.381094916277846,68.56985186245153,20.0
Sengunthar College Of Engineering,54.58584322159348,45.18719925781996,60.91720150265928,51.75530276199292,20.0
Dr Ss Bhatnagar University Institute Of Chemical Engineering And Technology,54.584666745224055,46.02423906824587,62.41880110935523,70.73107714070906,20.0
Government Girls Polytechnic,54.579074510302604,52.51623672417034,57.54073693099444,77.58946444799372,20.0
Career Point University,54.56685142922547,52.74330350446341,48.32842799852303,76.79994077463802,20.0
Ishwar Chandra Vidyasagar Polytechnic,54.556792697794044,59.793271689138365,55.75827461722052,54.283560918530895,20.0
Rn Shetty Rural Polytechnic,54.55542797835592,64.4745508235531,42.56487093606789,53.45753933379254,20.0
Trinity Polytechnic,54.554352767664255,58.93178236047615,48.60587789444219,57.85339584289706,20.0
Vasant Polytechnic College,54.553886182873796,55.92699346163131,84.9564788806999,51.73894694217323,20.0
Modern Institute Of Technology And Research Centre,54.552128063204364,50.22182958134067,47.30484913714808,69.15692452184946,20.0
Kalasalingam Academy Of Research And Education,54.54543543976275,53.70491602853638,51.250610867210845,57.71184377919192,20.0
Chirala Engineering College,54.54235772212704,56.13833602169476,42.338708897515936,59.84003689706603,20.0
Government Polytechnic College For Women,54.53618684180917,56.141685910309455,79.14117023480961,52.10258973418017,20.0
Dhirubhai Ambani Institute Of Information And Communication Technology,54.5236378180086,61.78651057569312,54.557639582336485,53.6549391887179,20.0
Mewar School Of Engineering And Technology,54.52125907235411,52.25656086810648,68.05759501638781,69.28645515401703,20.0
Aisect Institute Of Science And Technology,54.51565649861354,72.82038864712354,50.388584157968566,69.41895003492628,20.0
Bhubaneswar College Of Engineering,54.514901531609596,59.222325326237616,46.49697776148607,57.31439126870775,20.0
Savitri Bai Phule Government Girls Polytechnic,54.51424624021395,52.389833326462266,51.35338760839928,68.79629146834574,20.0
Angel Polytechnic College,54.514113308758155,51.57696851784304,54.18710363145476,52.2308291069995,20.0
Ram Devi Jindal Group Of Institutions,54.50951593534252,42.48442318001117,56.16022432070071,70.96013064791492,20.0
Vignan'S Foundation For Science Technology And Research,54.5070490109384,53.97546217604954,52.229593581054566,53.98677282949351,20.0
Sneha College Of Architecture,54.500137421195234,48.71114471281375,60.22938710148196,50.79130696611749,20.0
Kiit College Of Engineering,54.49387877161839,44.694179823176114,47.42857708660437,76.08264117520841,20.0
Npa Centenary Polytechnic College,54.49009254842378,43.751194860745706,73.47650537479228,52.66980679432311,20.0
Gwalior Institute Of Technology And Science,54.48990535855303,50.2474131314252,52.33856635202072,75.51336981306164,20.0
Birla Institute Of Applied Sciences,54.48779198880142,41.87254306505574,66.62485020474499,67.04059793573613,20.0
Shanthiniketan Polytechnic College,54.48724360622664,41.31187117920899,67.27558294220398,59.80550593100176,20.0
Hitkarini College Of Architecture And Town Planning,54.48121032842694,72.94299946269206,53.6929249268378,69.99250318257577,20.0
Pb College Of Engineering,54.465854459397505,47.58706379871892,40.23593054740081,75.19824772048246,20.0
The Kavery Institute Of Technology,54.46449660460841,62.54698944861932,41.26222545019022,54.731418363773805,20.0
Basavakalyan Polytechnic College,54.46266637517293,57.13416441592907,57.68099877081944,55.84172566906737,20.0
Sri Krishna Engineering College,54.462021987878245,45.478148438899815,44.22591806245975,70.98200843774228,20.0
Pavai College Of Technology,54.44286581506387,43.10108601170897,57.11151843423701,61.353145231396766,20.0
Bharat Institute Of Technology And Management,54.43667726303976,58.713978900754256,40.92979510304604,74.54074937420586,20.0
Abhinav Education Society'S College Of Engineering And Technology,54.436314646955466,49.38499950795391,71.85141835325383,81.86520732877479,20.0
Pune Vidhyarthi Griha'S College Of Engineering,54.42723921727909,57.98323578023804,51.48987945736139,57.26878083896891,20.0
Mahindra Ecole Centrale,54.42458639186444,51.66086305063953,43.30501690732976,70.63069204585594,20.0
Jorhat Institute Of Science And Technology,54.42458392752393,48.520282493631626,52.91232769399086,72.6424099387203,20.0
Viit Polytechnic College,54.42404819293818,52.44348862706477,50.82487822664854,61.80717471890497,20.0
Chalapathi Institute Of Engineering And Technology,54.419748196060034,47.954426690724304,40.25873930657689,82.44326957504755,20.0
Mumtaz College Of Engineering And Technology,54.41948232538493,66.98797220697264,45.55075788245362,53.69873876953743,20.0
St John'S Polytechnic,54.418436342181906,60.01347400449506,44.45768812735752,53.21569163332266,20.0
Buddha Institute Of Architecture And Town Planning,54.410825407204264,51.93235888855105,47.05312765264533,57.69431461049643,20.0
Sandip University,54.406075853878605,50.42060967518158,45.542480368210846,77.20877500219953,20.0
Bfit Group Of Institutions,54.40164504382998,42.446650608873085,69.13067403160204,51.78861353157159,20.0
Sri Krishna College Of Technology,54.3991230702471,55.2543252341402,52.98692869818639,51.82918829531333,20.0
Fr C Rodrigues Institute Of Technology,54.39700172865396,41.32949054026926,48.90177808986968,84.4242570331852,20.0
Ag Patil Institute Of Technology,54.395554554550436,40.8477897393311,66.55426212330865,55.52206833740986,20.0
Karnataka Government Polytechnic,54.392807532591675,71.23750157994132,41.67978076946989,62.74983989141575,20.0
Government Ramchandra Khaitan Polytechnic College,54.3793596728123,46.03305280158398,43.32921863260532,79.43649978744978,20.0
Vaishno College Of Engineering,54.37574144348226,44.47606715497142,47.29130555352416,71.45740042787395,20.0
Rajiv Gandhi University,54.370411532053254,52.53866991684943,69.10689124074717,51.896538314801305,20.0
Guru Nanak Institute Of Technology,54.35686587043454,49.6756958423133,46.24754121812582,75.10355268581513,20.0
Dnr College Of Engineering And Technology,54.35215293076157,46.97424975820856,50.56286781249752,67.5863043325595,20.0
Gb Pant Institute Of Technology,54.34904261864149,66.34996601941002,51.94235834140528,61.733573114980416,20.0
Nagesh Karajgi Orchid College Of Engineering And Technology,54.3447544716301,41.21189909643406,54.20860487377622,78.35678561508794,20.0
Mother Terasa College Of Engineering And Technology,54.336384252520666,56.848614267231056,46.116347425602726,53.77529689283789,20.0
Sd Polytechnic College,54.33328336284727,64.69401209021733,46.24415824052269,53.9684161178573,20.0
Sri Raghavendra Institute Of Science And Technology,54.33313029846137,78.23238771704754,57.47968675325944,65.72730679031727,20.0
Greater Noida College Of Technology,54.332157858980366,61.99862788317367,47.469501020011286,79.23979403491549,20.0
Kkc College Of Engineering And Technology,54.331028702719685,49.5637153782357,46.41531523131967,62.31396860952661,20.0
Sri Sai Ram Institute Of Technology,54.327802864283,50.57828293118919,40.38834730830503,74.29384900205527,20.0
Msd Polytechnic College,54.321907615756956,45.59043898329606,53.67934937959936,66.42194254660808,20.0
Gsfc University,54.31964557197901,61.85124119931017,65.57110054921871,51.864347995631775,20.0
Ltr Institute Of Technology,54.31642516031257,57.10858270195216,43.514895873391154,72.9679279935679,20.0
Indotech College Of Engineering,54.314544533772725,45.334879544822215,46.31076445431432,71.78702981835794,20.0
Sjc Institute Of Technology,54.30149011742063,52.06960678761699,41.72306873876851,72.32538670730673,20.0
Vidya Vihar Institute Of Technology,54.29685022698712,48.31939370754335,58.22636244600476,50.69568949583676,20.0
Shri Shivaji Shikshan Prasarak Mandal'S Polytechnic,54.290784688158844,43.28285452961784,49.00101414187149,73.14954886629461,20.0
Mysuru Royal Institute Of Technology,54.287099119231186,65.43833949920986,44.32401301726034,50.53694065560664,20.0
Bits Pilani,54.28656868030681,48.22700224186646,52.66141995118485,55.914204883837456,20.0
C Abdul Hakeem College Of Engineering And Technology,54.27727959227372,44.21304564902958,64.81936083732211,52.78273979877904,20.0
Dr Babasaheb Ambedkar Technological University,54.27658421987506,43.67408957483368,83.33219953861847,69.7713066167801,20.0
Global Engineering College,54.275035189333636,50.89865290231366,60.37769047887996,51.22905118335354,20.0
Diamond Harbour Government Polytechnic,54.26986411541188,51.35901110414958,52.63994430748744,73.23637207473551,20.0
Andhra Polytechnic College,54.26942479272648,75.08671365994019,44.92538281158159,55.50113210283408,20.0
Dr Gu Pope College Of Engineering,54.25885090390966,46.5233128751782,52.482836082780544,63.03657650873957,20.0
Gvr And S College Of Engineering And Technology,54.253059854220716,44.996805214816334,62.58261033509089,50.99494163602144,20.0
University College Of Engineering And Technology,54.25229439477148,47.73535614789008,41.829091663220325,84.1125296626488,20.0
Infinity Management And Engineering College,54.25199221794227,50.75221466736539,50.45815426350612,50.70427354488688,20.0
Shri Balaji Institute Of Technology And Management,54.248168055713236,54.216792342394506,51.00593357569276,52.62323339574683,20.0
Arulmurugan Polytechnic College,54.24722814787265,49.77258191030856,47.63519377164887,70.37100587426576,20.0
Rimt Polytechnic,54.24470273263258,56.43311559661738,40.70080289707841,56.51103607283529,20.0
Vrs And Yrn College Of Engineering And Technology,54.240701490649556,45.44562549933017,82.2345744160246,55.41586821741399,20.0
Muthayammal Engineering College,54.23804128047482,41.89254264388087,63.76973107673728,55.40639602771429,20.0
Dr Kv Subba Reddy College Of Engineering For Women,54.22099044593833,40.10665806456175,50.46214300125891,78.76345792512939,20.0
Npr Polytechnic College,54.195923290528754,50.09194890057064,40.193636385903936,75.03694747692421,20.0
Government Leather Institute,54.188361456155235,75.1745859153726,69.43602525252521,54.71673284538021,20.0
Scholar Institute Of Technology And Management,54.18354816797626,41.43654628438428,59.26544804020159,58.44933613474945,20.0
Sree Vaikundar Polytechnic,54.163049857259224,46.17776013757128,56.45105059050229,55.3973085730835,20.0
Baba Saheb Ambedkar Polytechnic,54.159579814435624,49.5048737476544,55.621886801610366,54.85377428535879,20.0
Sb Patil College Of Engineering,54.1469992224474,46.17938998078345,44.16546194079508,81.87309400664853,20.0
Amal Jyothi College Of Engineering,54.13733927775216,54.91991664339432,42.40432960386365,65.85304122956629,20.0
Sri Indu Institute Of Engineering And Technology,54.136173551426566,43.502247561653135,54.02221045407053,69.01522726417721,20.0
Mm College Of Technology,54.12818666154211,50.17310535851523,51.64340803629053,53.44608316892642,20.0
Dr Br Ambedkar Government Polytechnic,54.12196216212607,51.80531387927945,69.45248363277474,66.75646866056391,20.0
Centre For Bioinformatics,54.113150904744046,41.70365588196451,62.04812576668552,59.6779056999326,20.0
Sitarambhai Naranji Patel Institute Of Technology And Research Centre,54.09602552401849,59.46670152453376,53.372450548541615,50.64351133228928,20.0
Shakambhari Institute Of Higher Education And Technology,54.09540757895673,41.3923061372314,54.90571689055855,60.96902888802557,20.0
Sakshi Institute Of Technology And Management,54.07991441136673,44.7127826683058,53.16013419141376,56.17572381782792,20.0
Shivajirao S Jondhale College Of Engineering,54.07101877582974,44.08683136108857,70.0234164512281,71.73837785046696,20.0
Bearys Institute Of Technology,54.07091747758522,40.478229415859566,63.55039572752082,54.66117143305512,20.0
Central Institute Of Technology,54.062498168524115,40.71562919489563,64.06948927911537,51.87088349944433,20.0
Dr Jivraj N Mehta Government Polytechnic,54.05335307171775,57.48741619167178,48.91647203354539,50.425637618211695,20.0
Gangadhar Polytechnic,54.04022462469343,46.564238652100215,43.51033366157497,74.94361782531885,20.0
Chennai Institute Of Technology,54.03697118604329,41.47324896573984,46.527466361358805,84.28411818087395,20.0
Yogananda College Of Engineering And Technology,54.03217677767532,66.28471879852563,42.212134739710535,76.17508291862737,20.0
Jct College Of Engineering And Technology,54.02945390908712,48.88284351816538,44.53446909983223,69.55457689952414,20.0
Bineswar Brahma Engineering College,54.01965569244517,62.734016032010985,83.62076153431985,50.21332918385635,20.0
Ambala College Of Engineering And Applied Research,54.0178060508148,42.12789627551012,51.69609317024629,65.63520009703117,20.0
Global Open University,54.003509925513136,49.12918089567224,51.94063396298287,74.0185658579698,20.0
Srg Engineering College,53.996434125973245,47.82163947495924,41.46538582385843,67.46532629542395,20.0
Graphic Era University,53.992056380707865,45.804836240812826,60.1247327321237,61.05444379524595,20.0
Siddhartha Educational Academy Group Of Institutions,53.97445378902979,60.15865433316989,44.33996795931353,54.519384833238114,20.0
Rajarshi Shahu Polytechnic,53.97325944854931,54.42057757517093,52.12248351648845,56.80930752824437,20.0
South Point School Of Polytechnic,53.97085350986359,41.34892136932365,56.9499752585416,68.83786265250427,20.0
Gramin Polytechnic Dharmapuri,53.96433179665693,61.32258335477522,81.94474380342676,79.74067222427605,20.0
Bilaspur College Of Polytechnic,53.95924670668954,48.365735300895466,46.64693536889568,65.36728316235468,20.0
Morning Star Polytechnic College,53.938263403658695,41.95272760447477,46.6841875752824,84.47589014911495,20.0
Maharaja Agrasen Polytechnic College,53.929749094258646,59.52039902628988,43.09056347107396,53.68772176728671,20.0
Spit Polytechnic,53.9261789081455,47.08335709670061,60.50164721052384,50.99921324491588,20.0
Haldia Institute Of Technology,53.916759097416346,59.726119746310935,47.81078367114296,51.93876241395928,20.0
School Of Computer Science And Information Technology,53.91589865476146,71.84192628875118,73.78386787170876,62.92429005487944,20.0
Brilliant Grammar School Educational Society'S Group Of Institutions,53.91264484095749,42.54527250975577,57.19379636300654,55.10410814270029,20.0
Kls Vishwanathrao Deshpande Rural Institute Of Technology,53.90259807370412,50.66779886037371,49.48671664660952,55.25341754418642,20.0
Indore Institute Of Science And Technology,53.901525292655585,41.27787561800031,68.14926621559512,51.98275915337226,20.0
Akt Memorial Polytechnic College,53.89832775963543,51.69797279854957,43.46561504256808,68.2518246558472,20.0
Poornima University,53.880676205180876,69.45043796445918,41.61129316611374,50.418742985644656,20.0
Sri Ranganathar Institute Of Engineering And Technology,53.872375872526604,50.95103422675676,47.00595060957366,60.20364356990982,20.0
Pailan College Of Management And Technology,53.86975051538329,49.04021530267477,54.62015246617742,69.10779560755462,20.0
Haji Sheik Ismail Polytechnic College,53.866370574500266,49.52162619038738,49.802902098315634,67.98866849271303,20.0
Psn Engineering College,53.86083443974581,40.5614719222597,52.828336001929976,65.05131873013019,20.0
Dr Dy Patil Institute Of Engineering And Technology,53.85712709351183,49.83403500209845,58.8452179045793,50.40535221497861,20.0
Jawaharlal Nehru Architecture And Fine Arts University,53.85616385914698,53.29628165230668,58.73930321145864,58.66031745728933,20.0
Subhash Kool College Of Engineering,53.847795702787195,43.1107988074542,41.576030975694685,82.15981287592385,20.0
Akshaya College Of Engineering And Technology,53.84168312249703,44.41994330441617,57.24669099091071,55.31328673052576,20.0
Nibedita Polytechnic,53.84077525211856,54.91743452676537,49.43041198265855,55.88819307158409,20.0
Pimpri Chinchwad College Of Engineering,53.83991674648444,49.61605722498834,54.03330102436296,60.84680008761693,20.0
Sarvottam Institute Of Technology And Management,53.83296081222807,44.02847701023244,41.32803646229079,79.7958972933946,20.0
Jaywant College Of Engineering And Management,53.83183782272077,47.93813921172663,42.84058332648471,65.82872203807788,20.0
Bhupendra Narayan Mandal University,53.82980416640321,53.59621963024991,62.89582751190986,62.46634068931685,20.0
Seemanta Engineering College,53.82785329247095,49.08013313290624,59.44752429213822,55.4427761109302,20.0
Dr Ram Manohar Lohia Avadh University,53.825752185049616,65.6082772408943,47.94433103005193,63.00988890321551,20.0
Ukf College Of Engineering And Technology,53.825606034905526,53.04695640537886,48.85561068355051,55.12824016613925,20.0
Ims Polytechnic,53.80875466535714,41.12544867373987,60.00962266546389,57.688304944047886,20.0
Nigam Institute Of Engineering And Technology,53.80448620294935,56.00269601389443,46.76374775336923,56.73257452142439,20.0
St Andrews Institute Of Technology And Management,53.80061394156518,47.71806117936905,63.814091383295576,50.536076784031856,20.0
Central Tool Room And Training Centre,53.80011717755424,49.16933102190646,42.59570493514731,71.88127881429953,20.0
Sri Taralbalu Jagadguru Institute Of Technology,53.78827680462177,75.42174906810965,40.46599425081106,54.34179062939263,20.0
Jerusalem College Of Engineering,53.78432321494659,46.77380268709618,53.5861019384928,59.22263830145052,20.0
Tontadarya College Of Engineering,53.77299347552947,60.157669068379406,41.62017395340644,57.54898956864795,20.0
Kautilya Institute Of Technology And Engineering,53.757703443630945,47.4880434251688,50.43737661944137,58.041025142579805,20.0
Ay Dadabhai Technical Institute,53.74468470838665,57.418741757290206,59.20050495992804,63.60801749936386,20.0
Basantika Institute Of Engineering And Technology,53.73684179900435,48.15974473377045,40.36328359182155,79.16730903216366,20.0
Mother Theresa Institute Of Engineering And Technology,53.734678552486585,74.12080801263954,57.770525737110574,68.17170678192801,20.0
Jamia Hamdard,53.733942025039966,44.54168489193668,43.93543988698512,83.66881142365108,20.0
Sujala Bharati Institute Of Technology,53.73053006846325,48.72648505690232,53.004907726880255,51.475070614633,20.0
University Of Allahabad Allahabad,53.72954143555293,57.26294298653423,59.68844028149851,84.59192293382054,20.0
Md Jadhav Institute Of Technology,53.722714680637985,48.380779671238194,47.76290218925094,61.521817722077216,20.0
Shri Madhwa Vadiraja Institute Of Technology And Management,53.708925795688195,44.69322034474119,50.76633129761417,69.9776010951052,20.0
Guru Nanak Dev Engineering College,53.702566051826494,54.03353918122612,76.39031142528518,62.96079314308616,20.0
Vidyabharti Trust Institute Of Technology And Research Centre,53.700942392086205,52.13042218890464,50.27877265813031,63.04040382735698,20.0
Brown Hills College Of Engineering And Technology,53.69713792964343,58.76332212275979,46.9617626911302,62.31525462707182,20.0
Swarna Bharathi College Of Engineering,53.69677348268249,45.56221236724804,52.074524425399375,64.4493497487489,20.0
Srinivasa Ramanujan Institute Of Technology,53.696471296881626,50.277305300376334,42.25438249572152,71.65684358106242,20.0
Nri College Of Engineering And Management,53.69496001499569,46.714545507807706,45.98937328988271,70.81928949674446,20.0
Shivani College Of Engineering And Technology,53.68665248996363,53.667611610595536,45.4092046180655,58.37993859537004,20.0
Cmr Engineering College,53.68602055563605,55.59357858568138,52.41812108731869,71.15334461167974,20.0
Purulia Polytechnic,53.68122502833613,63.30701673744609,46.16440020670959,72.7839386842179,20.0
Dit University,53.65720621315464,60.716782129092834,45.7987721942855,53.075009407376335,20.0
Dy Patil Education Society'S Dy Patil Technical Campus,53.65178816396004,45.94501845480994,49.05344681522936,61.93044272955934,20.0
Lyallpur Khalsa College Of Engineering,53.643920600104195,58.55779470836354,41.99869993213128,55.96535239048583,20.0
Ganapathy Engineering College,53.63874301083413,51.11376169387254,46.85562165805095,53.72668544772877,20.0
Sri Sai Institute Of Technology,53.63597807892401,44.08197855591156,41.43734174733674,76.24108825751284,20.0
Dibrugarh University,53.633256941079516,53.98679537257477,84.36212865211814,71.7308983990446,20.0
Shanmugha Arts Science Technology Research And Academy,53.62920432299594,46.81042104581138,50.1911312439624,64.24900393685596,20.0
Government Polytechnic For Women Minorities,53.62506859036245,45.49613078666266,50.82151069102002,64.48933614772963,20.0
Psv Polytechnic College,53.62201852415961,42.48401210686491,60.689178947154495,58.76266146805064,20.0
Shri Vatavriksha Swami Maharaj Devashtan'S Polytechnic,53.61556073753431,43.08889572266164,55.39639698465996,63.11840742427069,20.0
Rajalakshmi Institute Of Technology,53.61323678312712,45.00714963777988,53.89889900050791,62.894345620560784,20.0
Raman Bhakta School Of Architecture,53.61052871235425,52.20074021733606,52.37300737863359,74.3107449834061,20.0
Christ Knowledge City,53.6093148678763,47.36141140914736,47.30040905569064,56.69542662937108,20.0
Government Residence Women Polytechnic,53.60601167284892,45.44474003625259,67.54479843104458,66.7823230603889,20.0
Marri Laxman Reddy Institute Of Technology And Management,53.60227778214514,54.322038291464935,41.16145737263909,63.50363407212972,20.0
Barapada School Of Engineering And Technology,53.59677197918108,57.84081734592293,46.88265829652288,57.54944623851151,20.0
Ms Polytechnic,53.58545505565233,46.4052756702954,42.11709169553559,65.51589643758692,20.0
Uma Charan Patnaik Engineering School,53.582877768705316,44.68411397866995,56.75577203153655,74.52963245153678,20.0
Motihari College Of Engineering,53.57432947344845,56.12913691702124,67.31503224378774,65.74914752512619,20.0
Nalla Malla Reddy Engineering College,53.558164512442445,53.73875052676369,43.14886623693801,61.893696737046014,20.0
Vivekanandha College Of Technology For Women,53.55669147510501,50.710862443077794,52.95268186258718,51.893644846401656,20.0
Mahaveer Institute Of Engineering And Technology,53.55097233919735,43.03163358317762,45.167278394993886,72.23072176269446,20.0
Jyothishmathi Institute Of Technological Sciences,53.54736652214458,41.15801851757501,62.48447470517194,51.39057332890323,20.0
Keshav Memorial Institute Of Technology,53.52967532108246,54.2810750139351,47.03535875513464,55.13707611704649,20.0
Bhulabhai Vanmalibhai Patel Institute Of Technology Diploma Studies,53.52504012588981,45.12204015700623,59.78311795350746,74.6971544173562,20.0
Kle College Of Engineering And Technology,53.50899190436242,43.33958410290309,58.80471237152287,65.41076628529075,20.0
Kamath Institute Of Technology,53.50191987952316,50.45299812004042,42.486838431985966,61.89370857536176,20.0
Kalpana Chawla Government Polytechnic For Women,53.494788441999944,40.59065041457367,57.59453316335086,69.6907735405545,20.0
De Society'S Technical Institute,53.49211691452311,58.57450733443342,54.310500029850985,62.131489388519256,20.0
Sai Spurthi Institute Of Technology,53.491544470208616,49.81362173968702,44.540274429904905,63.37389432870583,20.0
Smt B Seetha Polytechnic,53.483648563384165,41.49834292966096,43.52362269759447,84.92669972077802,20.0
Kamaraj College Of Engineering And Technology,53.48055181369696,57.22143818577953,45.3180572485982,51.09907771618301,20.0
Sns College Of Engineering,53.4683655268876,42.97565887045653,46.74613116978199,70.08273173668174,20.0
Gandhi Engineering College,53.444232510504975,41.88189414708314,45.78846132497325,81.17963301501676,20.0
Madurai Institute Of Engineering And Technology,53.44280544646721,40.573719901155336,56.84549282903262,55.3256039400581,20.0
Oasys Institute Of Technology,53.44153997930707,45.31621271391864,48.38347876620509,58.27035301565532,20.0
Hi-Tech Institute Of Technology,53.430388276910094,43.75651460486971,61.26970576672384,50.286525664709245,20.0
Malla Reddy Institute Of Technology,53.422651413142994,57.87598178253077,41.24496257620283,56.5866452373538,20.0
Gateway Institute Of Engineering And Technology,53.413494037979206,41.11189909459026,51.57994959672422,67.17351013418694,20.0
Dr Ad Shinde College Of Engineering,53.40929335834427,53.87296383209977,41.62041633883985,57.393730186877264,20.0
College Of Agricultural Engineering,53.39987837288176,48.53802646468191,41.68610618460554,64.6765590208233,20.0
Panjab University,53.39075318753377,66.39867344104499,52.86866320037521,53.27272018679363,20.0
Yalamarty College Of Polytechnic,53.38522136182102,46.64458131784791,41.74031301093374,82.55613891719794,20.0
Vidhyadeep Institute Of Engineering And Technology,53.37833941304145,42.5501828450907,70.65885020887619,50.144664775543774,20.0
Dkte Society'S Yashwantrao Chavan Polytechnic,53.359256227360206,67.77380383309551,79.72814764376731,83.03753523858272,20.0
Indian Institute Of Information Technology Design And Manufacturing Kurnool,53.35922996765234,76.82320109355042,55.34841405787418,67.1634407563942,20.0
Bharati Vidyapeeth'S Jawaharlal Nehru Institute Of Technology Polytechnic,53.356959022845714,41.52786753815383,55.947230053430864,68.49094243810879,20.0
Mcts Rajiv Gandhi Institute Of Technology,53.356576432566605,44.60980015749086,52.48466534152874,69.57835382210543,20.0
Dharam Institute Of Polytechnic And Research,53.33292175369968,46.07345358103909,49.0953970312264,75.17524688668468,20.0
Rmd Engineering College,53.321226800991305,43.801960787295975,57.18175592160679,59.871748209601,20.0
Acme College Of Engineering,53.319432421571825,52.59013141762424,80.96251945043605,59.80930451385704,20.0
Itm College Of Engineering,53.304181063592736,42.40936043925756,71.6772718224886,60.887021706315295,20.0
Dr Mgr Educational And Research Institute,53.30330928678788,45.94076603477711,46.49456195483821,63.84678147966196,20.0
Mar Baselios Institute Of Technology And Science,53.29540837619509,42.44586513637127,40.17315446552575,81.0108095334682,20.0
Shree Kapildhara Polytechnic,53.29281634574865,41.77413965378191,66.16634723491539,62.328968791022845,20.0
Nehru Institute Of Technology,53.28872739843326,48.80362332358651,48.23957317761255,54.40983706310063,20.0
Elitte Institute Of Engineering And Management,53.286574225032005,54.8484447287222,57.49077850446358,50.54986787643272,20.0
Mahatma Jyotiba Phule Government Polytechnic,53.284243611997795,60.974669571171454,60.26147487705271,69.30854162529592,20.0
Vignan'S Nirula Institute Of Technology And Science For Women,53.27718780019942,61.28524659030317,41.47205090995552,50.11820497364158,20.0
Sindhudurg Shikshan Prasarak Mandal'S College Of Engineering,53.26945233615362,50.382674515236296,51.078939060641936,65.19709681778092,20.0
Bansal Institute Of Research Technology And Science,53.26655789949275,44.619499906352594,57.942293537738905,50.71779106534181,20.0
Ganapathy Chettiar College Of Engineering And Technology,53.24591065677565,42.807381223224056,47.47980355386936,63.86831664892414,20.0
Om Institute Of Technology And Management,53.24309998870618,50.39125062764313,46.74515675693058,51.26022505458033,20.0
Siddhi Vinayak Polytechnic,53.22819876141854,40.23821140705319,56.66399831775477,63.60739602666018,20.0
State Institute Of Engineering And Technology,53.21555535217739,58.617185964949854,62.00515006201656,68.71947437485946,20.0
Lokmanya Tilak College Of Engineering,53.21339968478365,60.7401544399658,42.13332024868777,55.58332996126969,20.0
Mahakavi Bharathiyar College Of Engineering And Technology,53.20400074789804,45.21494859711195,49.85867682702821,55.81267818126878,20.0
Samuel Polytechnic College,53.195093640175905,42.66984384785951,55.63822002526842,59.97298846077962,20.0
Smt Maherbanu College Of Science And Commerce,53.19484933386085,44.372254895922026,44.10510054653568,72.33231750784714,20.0
Sri Varalakshmi Polytechnic,53.19244136718887,40.45543480688853,44.523396127729725,78.86050569142596,20.0
Nalanda Institute Of Engineering And Technology,53.1822270101239,44.378644919590464,50.58168418699157,59.01418546154976,20.0
Jits Polytechnic,53.17460657657576,45.747314585913614,40.05427708203536,69.10346003278903,20.0
Sri Guru Granth Sahib World University,53.173434084590156,46.68552874366026,50.528852337613,61.72818111724399,20.0
Siddaganga Polytechnic,53.15822122857519,43.934738262616136,49.48661730430141,71.87076375070058,20.0
Bps Mahila Polytechnic,53.153730549529115,55.0378060241656,46.03494875864327,62.20586023565869,20.0
Dev Bhoomi Institute Of Technology And Engineering,53.1482009093807,49.62920394952522,43.99608505686479,62.79440258735942,20.0
Astral Institute Of Technology And Research,53.14105952333505,47.75055805896312,47.95660563137029,53.33130521030012,20.0
Guru Ramdas Khalsa Institute Of Science And Technology,53.136239412608745,40.18215157379517,47.181527405322704,67.81832065347001,20.0
Veerayatan Institute Of Engineering,53.13522225578105,42.39471917456491,47.34121388078832,66.11345089800072,20.0
Babu Banarsi Das Institute Of Engineering Technology And Research Centre,53.133018537190075,51.74893629175381,51.91822056019476,50.3891794090164,20.0
Aarsh Mahavidyalaya,53.12094809477077,52.934630457155386,44.998557636112295,56.18879796000135,20.0
Venus Group Of Educational And Research Institute,53.12044666370267,44.38861179424551,40.1472002003909,84.61968516108143,20.0
Sardar Patel College Of Engineering,53.09664532687104,54.3605965148027,41.61382456126228,56.03017595301032,20.0
Vrs College Of Engineering And Technology,53.09101052622944,44.58797044641826,46.58094813193132,67.37282350889234,20.0
Aurora'S Research And Technological Institute,53.084096370521614,46.343588726938265,41.28557939889776,66.83749581206284,20.0
Br Harne College Of Architecture,53.0839313851581,44.17548146666045,61.68934520772392,73.89340105844256,20.0
Netaji Institute Of Engineering And Technology,53.06222024016007,41.59086336092988,49.40174940095884,59.955182178355855,20.0
Universal College Of Engineering And Technology,53.05993683099826,54.37477023276799,47.02185953341857,51.19437544493216,20.0
Vasavi Polytechnic,53.05616551461878,52.21871206661076,79.0379821718457,52.80775860579787,20.0
Ap Shah Institute Of Technology,53.03525121064973,52.956113728024974,53.42050970219746,58.4119602721225,20.0
Greater Noida Institute Of Technology Engineering Institute,53.03443973077809,40.63706879435613,52.67357522076814,69.97613860525145,20.0
Laqshya Institute Of Technology And Sciences,53.03310400124142,45.0035263245064,50.36561250709401,59.23238329635727,20.0
Ss Polytechnic College,53.03179014307286,44.69547062366806,53.95723901941072,65.99872011071362,20.0
Sanjivani Kbp Polytechnic,53.02198140548845,62.1726551294655,41.38981751437355,63.52293551429276,20.0
Nova College Of Engineering And Technology,53.015842197069404,43.56666962309967,40.28112689991745,71.70085932326987,20.0
Seikalathur Kamatchi Amman Polytechnic College,53.01462090016287,46.39191150121536,53.82214470330352,56.436982783544366,20.0
Dr Dy Patil School Of Architecture,53.008296368415515,41.50159432005159,50.6588770971115,68.73475518714156,20.0
Nutan Maharashtra Vidya Polytechnic,52.99512770611314,43.49065495352833,57.45544232478798,67.72028112960083,20.0
Modish Institute Of Polytechnic,52.98721751835344,45.99956392591326,40.36223543335904,82.81524571740482,20.0
Heritage Technical College,52.97940502381677,45.481961307742736,58.60765382345764,50.02202886799671,20.0
Guru Teg Bahadur Khalsa Polytechnic College,52.97395920290528,64.08957062639715,57.00646619433937,58.33515538292076,20.0
Dr Br Ambedkar Polytechnic College,52.9632863686789,50.66267564926813,57.22773761909542,54.219186755672425,20.0
Kiit Polytechnic,52.960023270404825,56.16499586934463,47.30854630167229,52.10692934472375,20.0
Hyderabad Institute Of Technology And Management,52.95646416514328,55.13247119565705,44.43118194321674,53.606374209545535,20.0
K Ramakrishnan College Of Technology,52.95445287853562,41.19098617885869,63.246001145759,50.38337403112761,20.0
Tagore Institute Of Research And Technology,52.94988351704209,43.96010513529613,41.17390377858776,69.40527175476524,20.0
Sri Yvs And Sri Brm Polytechnic,52.935696702199024,69.03106492274125,83.85925711233435,54.57386032697897,20.0
North Eastern Regional Institute Of Science And Technology,52.925998312164616,47.01956215252424,54.30306209646801,54.22683177669774,20.0
Aryan Polytechnic College,52.913707434613166,43.0758695199857,54.11012816980696,63.04031835992452,20.0
Sri Chaitanya Engineering College,52.89621011762287,43.54969796118557,40.49972971571717,66.41196511283572,20.0
Pattukkottai Polytechnic College,52.89519941769895,42.55521600041597,46.38764791388352,74.66466112101057,20.0
Gyan Ganga College Of Technology,52.89504572864843,42.29941016481114,52.31293202270176,60.584546472501394,20.0
Indo Danish Tool Room,52.894218657501746,48.193563050614586,68.61210471692831,52.600490787527335,20.0
Kakatiya University,52.893921619638476,67.22553537279697,45.08704378850904,51.81359897841933,20.0
Metis Institute Of Polytechnic,52.89303060975469,59.93921762223376,46.30037185295996,74.63680169771256,20.0
Vignan'S Institute Of Engineering For Women,52.89215890481512,41.79019230454436,49.01963804567897,69.1441422886382,20.0
Jiaganj College Of Engineering And Technology,52.8913625609343,57.80290416631881,46.64955410194574,50.071504659769616,20.0
Sakthi Polytechnic College,52.88813857150943,56.52350095891599,70.70019363900178,59.615905962017706,20.0
Sherwood College Of Engineering Research And Technology,52.88421721412583,51.35178550383911,49.05277267114644,50.94517939998251,20.0
Jainuddin Zaweri Polytechnic,52.879552569577875,44.12145149702594,56.15428055144501,53.58254136053336,20.0
Matrusri Engineering College,52.871138531381355,46.24390601118176,51.98669792442273,63.12077707565616,20.0
Imperial College Of Engineering And Research,52.86868788272437,48.986510382063926,51.51901910411,56.18005862755421,20.0
Karan Institute Of Technical Education,52.864600340437605,61.188345901441934,66.84303510911843,82.92604562168957,20.0
Grow More Foundations Group Of Institutions Faculty Of Engineering,52.86024636786307,50.02530215532527,42.094513601947455,66.32234294650397,20.0
Dr Ambedkar Institute Of Technology For Handicapped,52.84778946756554,52.14294013456788,66.63398763955172,53.43324423828637,20.0
Rmd Sinhgad School Of Engineering,52.84389804294619,42.04524832377103,52.673043998532215,66.68455363099962,20.0
Rn College Of Engineering And Technology,52.83374042733298,51.00749947543552,46.69295384512696,54.09159282979866,20.0
International Centre Of Excellence In Engineering And Management,52.83138655398928,43.80603389540282,69.78958676098046,82.67973818628326,20.0
Durgapur Institute Of Advanced Technology And Management,52.83131103516188,43.36653432798257,45.58864630610508,73.35547160643222,20.0
Maharshi Karve Stree Shikshan Samstha Cummins College Of Engineering For Women,52.822611212710896,50.44740121661218,45.54912797082141,62.02739945045445,20.0
Shekhawati Girls Engineering College,52.82008771662566,40.40223880352841,40.3609248034818,81.44283453767372,20.0
Maharaja Institute Of Technology,52.814561266793305,45.50369873805425,60.33966572863995,52.39544181993784,20.0
Dr Apj Abdul Kalam Technical University,52.812887149428185,50.90585634524644,46.66344797076173,55.48543729712063,20.0
Radha Govind Polytechnic College,52.80287803951419,56.22648928899645,42.97990977083844,53.89071397620484,20.0
Shri Shivajirao Deshmukh Institute Of Technology,52.785815457615826,45.1872507130569,41.31943620914607,65.8929271128943,20.0
Government Polytechnic,52.77140829654598,52.021507658214205,45.80770875257189,68.18527068234556,20.0
Global College Of Technology,52.75911488976941,48.997585872708456,44.51175209399922,53.51317230619798,20.0
Indraprastha Institute Of Information Technology,52.749208494138124,52.95730932330953,54.56540640750549,61.18379408385913,20.0
Government College Of Technology,52.74790422400664,58.597581900678286,49.15958317851462,51.28698093059445,20.0
Anjuman Polytechnic,52.735099012254416,44.60961465135483,47.73567137217306,65.33109092722435,20.0
Ml Institute Of Diploma Studies,52.73268301983414,76.84055537868373,55.842336803403,54.36051209655072,20.0
West Godavari Institute Of Science And Engineering,52.72799283780426,50.631206853654405,49.39371306583807,50.378995700699285,20.0
Bapatla Women'S Engineering College,52.72722352097828,56.29289937920987,42.341043701531405,51.63859957246354,20.0
Gm Chaudhari Polytechnic,52.718783189345785,45.83866438716069,53.292452500618246,70.09941537811785,20.0
Adithya Institute Of Technology,52.71014155076804,47.25102243730325,48.09733704688188,53.31372211341393,20.0
Arunai College Of Engineering,52.70327180262861,47.137343246589566,41.78372227886506,63.110262408634455,20.0
Pes Polytechnic,52.699304020647055,48.61250512004831,61.82448342751462,66.00854036754698,20.0
Kmbb College Of Engineering And Technology,52.69400534764877,40.82066626363404,60.11190342919272,61.4092375475573,20.0
Samrat Ashok Technological Institute,52.68108214304206,58.76820280590678,49.11939424622543,57.04622276158727,20.0
Guru Teg Bahadur Institute Of Technology,52.67358636238188,41.21528777366832,72.2442190740123,62.19502624997116,20.0
Oxford Engineering College,52.661125273597754,52.64233094249613,40.92430397579786,54.426057954458365,20.0
Venus Institute Of Design And Architecture,52.66051035756217,42.68446166888342,46.86828600986195,62.94936270023722,20.0
Vimal Jyothi Engineering College,52.645852098759036,44.24859341198652,41.56423162450922,72.312382805737,20.0
Chettinad College Of Engineering And Technology,52.63084320879281,50.81631910351412,44.44049058558746,56.50149637054492,20.0
Hsm Polytechnic,52.62254830162742,47.91026430756461,45.3440249045727,76.28562606992257,20.0
Holy Institute Of Technology,52.60650724024875,66.41401193293156,54.1075440052774,50.6766363730692,20.0
Dream Institute Of Technology,52.60120777761299,40.40590230634733,49.92296089843887,68.29352606818179,20.0
Praveenya Institute Of Marine Engineering And Maritime Studies,52.59932204755134,48.55860670431655,41.63018243446995,56.81681848978064,20.0
Op Jindal University,52.58047080605017,41.21429773252305,57.8096347550421,60.241872648805504,20.0
Government Model Engineering College,52.58030740561008,46.54927296031162,56.57344400589263,62.01089131791321,20.0
Thiruvalluvar College Of Engineering And Technology,52.54696413838563,44.81821412235046,44.81760700393461,65.96830209781032,20.0
Rajendranath College Of Polytechnic,52.537500536005275,44.66642165279952,48.120239108501394,63.78657008324817,20.0
Vinuthna Institute Of Technology And Science,52.52328317628478,49.56961523253506,43.45123432239434,53.24630125358615,20.0
Ayya Nadar Janaki Ammal Polytechnic College,52.51467887818791,42.90957991656935,64.36519120282651,50.432748834312896,20.0
Suman Ramesh Tulsiani Technical Campus Faculty Of Engineering,52.50779619250825,41.64488285213452,66.94805868692347,55.54642494726615,20.0
Mit School Of Engineering,52.506214553077534,52.76727180464199,44.64999996857421,53.4986709907082,20.0
Shiva Rama Krishna College Of Engineering And Technology,52.50602950107968,49.284935206429445,64.36667965127158,62.87639846145335,20.0
Smt Geeta D Tatkare Polytechnic,52.50314109519362,49.55970811912685,50.70473117733421,56.84289664407818,20.0
Veerammal College Of Engineering,52.46545538926714,49.50633541656055,43.04368748541679,55.30105008148032,20.0
Vaageswari College Of Engineering,52.46529841532939,42.18078853118169,48.1238469045565,62.16298365254115,20.0
Heritage Institute Of Technology,52.462364943782084,54.47554226970972,44.14572892910807,58.57143802902784,20.0
Ekalavya Shikshan Sanstha'S Polytechnic,52.4460053744394,52.17145443487652,45.75515593221355,76.12518163962822,20.0
Bitt Polytechnic,52.44072123218808,41.01143191260328,50.88022165518209,74.1813569225697,20.0
Shiva Polytechnic Institute And Management College,52.43563322945848,51.073179277394416,47.717892697970825,53.26951024788255,20.0
S S Agrawal Institute Of Engineering And Technology,52.43489655949402,52.9572660948818,41.11861400746598,71.2759830944362,20.0
Bhubanananda Orissa School Of Engineering,52.43113068107024,53.65631178574303,67.51012544859307,55.96685096610578,20.0
Vivekananda Global University,52.4271065660397,43.96028773696718,41.35270412910024,76.04166105106536,20.0
Neotech Institute Of Technology,52.42444638620039,41.818095090268606,49.1647285390041,63.40392011295689,20.0
Hi Tech Polytechnic College,52.40816151186988,47.56230248210936,62.36343594838223,55.27368365213288,20.0
Swami Vivekananda School Of Engineering And Technology,52.38799269833883,40.50307192993397,52.85570850844126,67.8961089833361,20.0
Elite Polytechnic Institute,52.34877118600509,53.14907964320958,40.480440609452856,65.50571731837708,20.0
Karmayogi Polytechnic College,52.34824958180428,41.81768980759156,49.61699667481419,65.12184838206095,20.0
Matsyodari Shikshan Sanstha'S College Of Engineering And Technology,52.34257577692516,58.280887850837104,44.58996483060714,53.16618815987324,20.0
Puranmal Lahoti Government Polytechnic,52.33461065941914,51.70134210269703,45.4869605823504,66.5395375754828,20.0
Dr Jj Magdum College Of Engineering,52.32053462492374,58.77134310895812,50.1442919890445,68.7256029991687,20.0
Delhi Global Institute Of Technology,52.31679855262499,55.71347821279599,42.42472304065307,52.2922351232557,20.0
Jims Engineering Management Technical Campus,52.30274363192879,56.10615993779477,43.44685830703128,79.05975422409881,20.0
Tatva Institute Of Technological Studies,52.30267215377664,51.32948026310712,40.63345784928344,55.69995087976207,20.0
Klu School Of Architecture,52.30026319022697,60.44414415986069,73.13575577358594,56.54717330363072,20.0
Muthoot Institute Of Technology And Science,52.29870496089316,49.88708040602421,45.51171555403436,56.13219895878889,20.0
Black Diamond College Of Engineering And Technology,52.2909127438569,46.945255917623136,44.011462121808464,59.17789633028109,20.0
Kothiwal Institute Of Technology And Professional Studies,52.28988883759105,46.08707854953205,44.622764093320505,56.95710921029288,20.0
Mh Saboo Siddik College Of Engineering,52.28561963801718,59.560209509028574,41.05308167789918,51.96840135687143,20.0
Sant Gadge Baba Amravati University,52.28540834912598,40.32630281213746,51.95813073684658,75.06871843030055,20.0
Shri Bhairavnath Nisarg Mandals Diploma In Engineering And Technology Polytechnic Institute,52.270400296169555,42.23197410433496,56.48573018650041,53.78289763886138,20.0
Institute Of Information Technology And Management,52.26922168628155,57.48647328076693,40.40024852815076,52.48261580091385,20.0
Patna Sahib Technical Campus,52.24969951742112,40.93347050226811,52.07277123284048,57.55259170931405,20.0
Ana College Of Engineering And Management Studies,52.24160574010402,40.46980218128146,52.96046726922518,54.50132663893719,20.0
Velammal Institute Of Technology,52.240057744162506,45.24553017361959,44.7606016973044,64.53673109037743,20.0
Psna College Of Engineering And Technology,52.23504650206404,49.52593274797088,44.47638876519106,57.91780351909691,20.0
Dev Bhumy Polytechnic,52.21777276613739,43.44884650344743,49.66474724394132,51.22699733322664,20.0
Shivneri Polytechnic,52.2134299012593,50.1092884103675,58.43231613429104,52.6198527009504,20.0
Ag Patil Polytechnic Institute,52.21310152189488,43.080365012196765,47.9914777438167,63.3234392644866,20.0
Thanthai Periyar Ev Ramasamy Government Polytechnic College,52.190734123400404,64.22553407067682,68.31312049435064,81.25393428816471,20.0
Jntuh College Of Engineering,52.18476551189113,40.28841698421475,42.0511124415358,80.60815882839503,20.0
Kls Institute Of Engineering And Technology,52.18311357042414,42.24892714856881,54.625651858133374,54.26204644807214,20.0
Rajasthan College Of Engineering For Women,52.179432927615146,41.39451141042693,40.19792245992676,68.79392956988053,20.0
Btl Institute Of Technology And Management,52.16777095418291,40.8336478612493,52.10962363035407,53.99601961926174,20.0
The Techno School,52.1667537482982,49.53176723838037,41.0269242370882,55.55315030553941,20.0
Vivekananda College Of Engineering And Technology,52.15784779602704,54.19490225786714,42.84954254282668,52.42760839484532,20.0
Shri Vaishnav Polytechnic College,52.13841763722916,54.66816200777227,59.64222650909502,67.941384636907,20.0
Jayawantrao Sawant Polytechnic,52.12925358767192,44.465090397430906,47.89396529479316,60.28852558964312,20.0
Suyash Institute Of Information Technology,52.12551879373771,46.09065729905375,45.184847137859,52.305900276016445,20.0
Cambridge Institute Of Polytechnic,52.123253720062024,43.309815462114045,56.74041783026788,57.03075226802713,20.0
Cit Sandwich Polytechnic College,52.12072617355116,67.74164009875697,56.5808598766504,84.70711500303281,20.0
Swarna Bharathi Institute Of Science And Technology,52.108103777382475,40.74604399418494,54.77449707734248,56.143637893618966,20.0
Kakatiya Institute Of Technology And Science,52.08833271626656,58.27996184091006,44.91560990289715,57.69944830104384,20.0
Dr Radhakrishnan Polytechnic College,52.042709937285736,43.88615591053448,43.78697257009656,62.38813926718166,20.0
Mukhi Polytechnic,52.042100505588884,42.26660266662033,53.27624357232689,54.00134082978951,20.0
Shri Ramswaroop Memorial University,52.02463108272103,54.678390040348496,43.89148602974708,59.91482172046838,20.0
Nova Institute Of Technology,52.024408926372864,47.52439347877499,42.36568724186544,56.21742948573345,20.0
Gandhiji Institute Of Science And Technology,52.011992286073166,44.9969214661846,45.687836472583726,55.41820571262887,20.0
Srinivasan Engineering College,51.99176875599606,46.63634480262328,42.84254132309719,61.52436776691832,20.0
Cv Raman College Of Engineering,51.98525221368693,47.758400087515554,49.34054696766871,50.92560224949451,20.0
Government Cpc Polytechnic,51.960760842046426,49.508235641613446,42.420579981010974,69.58633810210051,20.0
Government Polytechnic Sidcul,51.9434456843345,49.48159416469284,59.48225176435585,50.14027489823042,20.0
Iamr College Of Engineering,51.94069872504384,40.908131637222894,40.95868508200336,77.09797396623286,20.0
Ch Ranbir Singh State Institute Of Engineering And Technology,51.92335801572119,52.234644984314016,52.13563864767936,55.23458725150575,20.0
Anjuman College Of Engineering And Technology,51.92321805342658,48.97666439037255,47.11117888866957,55.44687487908649,20.0
Icfai University,51.917949906587495,45.23532264669322,54.519063126711,56.75075037096702,20.0
Jharsuguda Engineering School,51.90343107522644,50.00077550951698,47.82007625509266,76.51954416165349,20.0
Madha Engineering College,51.89171273177331,45.46834894251708,46.36429283832846,51.951050778249694,20.0
Kj College Of Engineering And Management Research,51.88793913724188,44.87269476489382,41.12682754496955,72.0641155221924,20.0
Indira Gandhi Institute Of Technology,51.87966925346923,63.43781608402452,55.51662699034638,55.38979187841496,20.0
Central Footwear Training Institute,51.85726305546379,53.539354414923466,40.15655438674053,53.40130466659121,20.0
Purvanchal Institute Of Architecture And Design,51.842686295101245,47.05160150025354,59.34111468260057,59.85486433456276,20.0
Pvkk Institute Of Technology,51.832417931629976,51.75038175186252,44.61503423969988,52.61646694968261,20.0
Government Polytechnic Garhi Shyampur,51.797002298998954,58.029879220758176,40.92885823736685,59.13618342001802,20.0
University Of Lucknow,51.77819217562141,71.47123728629981,47.93062734099299,72.57877016921836,20.0
Gh Raisoni Polytechnic,51.773728960289034,49.08148579881991,84.00052376013284,52.510573945938816,20.0
Ganga Institute Of Architecture And Town Planning,51.76799203895222,45.150329862230464,44.03046841712541,59.45840222942645,20.0
Prof Ram Meghe College Of Engineering And Management,51.76736611246877,53.42860786585717,44.38915430616194,50.34728953133085,20.0
Mangalayatan University,51.76626407251922,42.12297081389404,46.17027663914944,79.6690328673647,20.0
Dhamangaon Education Society'S College Of Engineering And Technology,51.755836208567416,48.522253582499694,50.07585137056445,67.80068359219737,20.0
Dattakala Polytechnic,51.74825069581382,54.75651643945301,48.85648785016316,51.0299378838974,20.0
Sunrise Group Of Institutions,51.74035909137462,40.39685220841164,44.054474051482096,64.21484358411513,20.0
Swami Vivekanand Institute Of Polytechnic,51.70245385027079,52.77280436367042,42.853595361040526,53.71887955172749,20.0
Samrat Ashok Polytechnic,51.69971191389875,45.02845300845616,60.13956909267081,63.17036272311964,20.0
Aurora'S Technological And Management Academy,51.69910581990578,46.95609051329064,58.9809856160647,51.96535961844209,20.0
Naraina Vidya Peeth Engineering And Management Institute,51.67861905694089,46.78337764328132,43.82693763531875,53.56776597889724,20.0
D Banumaiahs Polytechnic,51.67268620936249,44.09259791161298,42.69442839702626,67.36097991342226,20.0
Pimpri Chinchwad Polytechnic,51.6698785041027,68.32358971390664,69.0139377338709,51.39367114472661,20.0
Dr S And Ss Ghandhy Government Engineering College,51.66292663605592,44.21236470514985,60.13712585490096,54.97606859192173,20.0
Lj Polytechnic,51.656354842582886,46.912373829403705,60.39957701307705,51.68982791829831,20.0
Ck Pithawala College Of Engineering And Technology,51.655068645344926,49.83919156042523,41.866967678976266,66.69781945578731,20.0
Guru Teg Bahadur Khalsa Institute Of Engineering And Technology,51.64764557660454,47.40503167795109,48.94693214488259,54.17013164439181,20.0
Shri Tulja Bhavani College Of Engineering,51.63245503083895,52.24790332890882,40.26698388824531,51.806554201216905,20.0
Vemana Institute Of Technology,51.62928082871834,40.931497866263584,43.71279557192104,70.94251482524948,20.0
Maharashtra Academy Of Naval Education And Training,51.60649512848815,41.829391379707104,55.04219672486485,57.723582639685,20.0
Valivalam Desikar Polytechnic College,51.59576580281544,52.808280548100726,69.81919555753618,57.57047226664875,20.0
Ansal School Of Architecture,51.57039512929587,61.15450438823712,53.62638924585181,57.19142270192299,20.0
Maeer'S Mit Polytechnic,51.548606866874934,45.70123858188906,55.61694619690324,50.44696088171174,20.0
Swami Nithyananda Polytechnic College,51.54672998622377,58.35680502115827,43.08103136622171,53.91992749571014,20.0
Alpine College Of Engineering,51.54116763490247,57.189926127091326,47.26708332403189,61.14725080094298,20.0
Pillai Polytechnic,51.53541631120859,41.166497546769335,43.24812092257194,78.52320976994712,20.0
Seth Jai Parkash Polytechnic,51.52960768679466,53.87479807118639,42.96517704329945,67.59322580966186,20.0
Smr East Coast College Of Engineering And Technology,51.52408825115973,41.16898943126959,40.05248007328912,63.6978547467856,20.0
Bkr College Of Engineering And Technology,51.504404471960385,40.84733556302672,48.54689455228333,61.01515864233934,20.0
Gyan Vihar School Of Applied And Bio Sciences,51.50341588299002,76.92372789948286,68.89546183242565,66.54261027756118,20.0
Shahul Hameed Memorial Engineering College,51.49918572165115,48.21240008428949,41.04463390222517,52.01107389757273,20.0
Shikshan Maharshi Dadasaheb Rawal Government Polytechnic,51.45686202251793,47.97808713961193,45.76075151231194,65.85244468552887,20.0
Shri Krishna College Of Engineering,51.446299477082846,52.49315347411424,61.8263421194424,53.85161789777203,20.0
Thanthai Roever Institute Of Polytechnic College,51.43567595917041,40.73176775993764,61.093571615791845,51.32144817927887,20.0
Cept University,51.42331955860534,40.127310154272585,52.5498627786183,69.4787864785081,20.0
Seth Haribaksh Lohia Jairam Mahila Polytechnic,51.41382061917123,75.17861507937496,82.85910984028641,80.31563254180136,20.0
Dr Jivraj Mehta Institute Of Technology,51.40305969982765,47.292154805592766,45.79214618546087,53.38066005142731,20.0
Abu Road Polytechnic College,51.38370274106574,46.531319981178704,45.42066152963012,83.7782695989669,20.0
Kl Polytechnic,51.349368949476705,46.142910156950336,79.56383438569324,55.33916355400312,20.0
Assam Textile Institute,51.339240333877235,42.510829747293705,44.75014634775505,61.14018291351072,20.0
Shree Vidyadhiraj Polytechnic,51.334707812685416,53.31026861268733,40.480050635179786,61.103010134212944,20.0
Iimt College Of Polytechnic,51.3306540106153,44.97299494757438,41.843584267121535,65.21100922173571,20.0
Shri Sant Gajanan Maharaj College Of Engineering,51.29521602062914,41.81954823176664,46.90212053440754,58.94751385352131,20.0
Pratap University,51.28439821221888,79.50067623727803,49.76729026576283,74.6326768968628,20.0
Al-Falah School Of Engineering And Technology,51.21973525605095,42.99515784282988,47.451096883620366,51.62111822115603,20.0
Glocal School Of Science And Technology,51.203559617377984,41.60962600260958,55.98315052190412,75.5857089711873,20.0
Jd Polytechnic,51.19179125305558,54.559347771711714,61.82045404020288,63.81242334724714,20.0
Gautam Buddha University,51.186142891181404,44.320567727913016,52.77322329151298,60.74302416334349,20.0
Janardan Rai Nagar Rajasthan Vidyapeeth,51.18282291501204,59.75462750678194,50.38625524567045,64.7115866535468,20.0
Shivaji Polytechnic College,51.14195373932254,49.44909245068786,59.38654118208108,61.66026037934013,20.0
Jogaiah Institute Of Technology And Sciences,51.13184230318771,44.541747970508986,40.96549518958143,55.675585124714445,20.0
Saveetha School Of Engineering,51.10744875880732,49.18229548928808,49.178404774715126,57.52297455863021,20.0
Indus University,51.10711709649643,56.62848031180186,40.572236417194745,55.32341798713319,20.0
Agricultural Engineering College And Research Institute,51.10453249026194,40.21362303906333,49.77917578911872,55.40295391882584,20.0
Kl Nagaswamy Memorial Polytechnic College,51.091404944047135,48.18427211034165,44.133776704686014,61.64768669397301,20.0
Jaypee University Of Information Technology,51.08792839908199,40.26167360443661,56.78788830656336,53.16274972656214,20.0
Dr Bhanuben Nanavati College Of Architecture For Women,51.07841658762743,40.15069678362605,57.95715697457,77.14033418161134,20.0
Shri Balaji Institute Of Engineering And Technology,51.070361729119895,44.55626766210613,48.97895007454261,53.57638119758147,20.0
Svpes Faculty Of Engineering,51.052394047307374,55.96065632474237,66.11930451671074,50.03357152964199,20.0
Dayananda Sagar University,51.0401360839328,49.42739685672431,42.885188260636816,55.7463798678762,20.0
Sri Nallalaghu Nadar Polytechnic College,51.007314639937036,50.65832927692855,42.449272626204696,55.43142362837492,20.0
Kle Society'S Polytechnic,51.00064309875947,40.592732315498935,50.78480972204774,76.41443161427908,20.0
Bankura Government Polytechnic,50.9762701051872,67.42245761184151,81.15858407461656,73.12625924868999,20.0
Paavai College Of Engineering,50.96365133402357,40.20687251872726,42.14980392005701,65.60867707194375,20.0
Chhatrapati Shahu Ji Maharaj University,50.95334973493346,41.26842288768156,54.27247824271241,82.40520415023406,20.0
Engineering Institute For Junior Executives,50.94152666041618,52.28932064544245,40.29034570289741,63.827268809593626,20.0
Ssms College Of Architecture,50.93965475750229,40.743271447803,43.35762152948635,60.94090746044023,20.0
Gandhi Polytechnic,50.9246659083354,41.12523048743628,47.88347436992838,66.45265320261257,20.0
Ct Institute Of Technology And Research,50.90166493436713,41.79095737674333,48.29342633985837,51.45544830191032,20.0
Mahatma Gandhi Institute Of Technology,50.900175773801315,50.19493235076887,40.05489307466046,64.27417548555091,20.0
Sardar Patel Institute Of Technology,50.88820895122076,40.83919925604269,41.5226685621035,76.87291714454699,20.0
University Institute Of Chemical Technology,50.85786409699718,74.32901400652223,46.74120620593638,52.79579569452899,20.0
Raja Balwant Singh Engineering Technical Campus,50.84345529370144,55.0640266134225,80.19556826228515,51.31689991925853,20.0
Muthiah Polytechnic College,50.81253344484688,66.33411353221553,40.52583591074279,83.03510967382002,20.0
Gokul Group Of Institutions,50.80083399233033,41.7430332392848,44.33828393938296,52.30223707532804,20.0
Sree Ramkrishna Silpa Vidyapith,50.789959982262616,48.17745810245918,56.69531905789675,59.49452469261334,20.0
Vashisth Polytechnic College,50.77601834844755,77.9596125425957,75.74334394100057,80.91630949732343,20.0
Gujarat Power Engineering And Research Institute,50.73123525248242,45.79222859921544,43.027335951439404,62.38780455003746,20.0
Vaish Technical Institute,50.730244305669004,40.62947647128114,53.51919361001824,55.51906663504551,20.0
University Of Engineering And Management,50.7088693269457,42.03625646977781,53.159525462881646,66.12390032287846,20.0
Department Of Chemical Engineering,50.686906011546995,52.17662611948047,49.54655817500104,65.68958564451114,20.0
School Of Information Technology,50.666961571673866,45.1708677927676,75.9408523961054,67.37382762840593,20.0
Darshan Institute Of Engineering And Technology,50.65865272254742,41.56488904149053,55.407765716012726,54.29738318468265,20.0
Srinivasa Subbaraya Polytechnic College,50.646864913825496,77.90201440719308,46.06324850094292,82.83585519003537,20.0
Skdav Government Polytechnic,50.63935294398726,42.78288349464801,54.87673817593419,53.36432047668035,20.0
Bharathidasan University,50.62472472998731,44.35653022384733,44.68564310746915,56.93420146132209,20.0
Sant Gajanan Maharaj College Of Engineering,50.623234159945916,44.85075358552402,45.12062618749195,56.39835906266568,20.0
Jaipur Engineering College And Research Centre,50.61433726459769,43.93254055690255,47.65972314134941,55.479010929077184,20.0
Vidya Academy Of Science And Technology,50.61259450731614,43.082185795485614,43.18604576314516,63.3383525620689,20.0
Sivakasi Institute Of Printing Technology,50.598192682016226,44.87961587119052,41.43320145849268,52.04416178620456,20.0
Chandigarh College Of Engineering And Technology,50.52915330223137,74.3306194349034,58.314851307782405,60.45362873987533,20.0
Motherhood University,50.52174724964358,47.27387155400401,60.77152958676757,71.51300647919301,20.0
Mehr Chand Polytechnic College,50.51813457370245,67.45955773365326,65.81870471018651,54.76202798834555,20.0
Csi Polytechnic College,50.51706033785097,42.73879433276894,40.045628143348814,68.05932805617496,20.0
Mina Institute Of Engineering And Technology For Women,50.51256375056439,40.83746162946367,40.43187491293804,57.08993351518357,20.0
Sagar Institute Of Technology,50.50296066165943,41.35792824445439,70.8262790364381,73.26815195505473,20.0
Bml Munjal University,50.49402200521405,47.15878007823311,47.53654933866752,50.40435654372423,20.0
Chhatratpati Shahuji Maharaj College Of Engineering And Technology,50.48456141288858,41.3529905549666,51.205640265166025,51.20032739394578,20.0
Agm Rural College Of Engineering And Technology,50.476427686908394,50.635768530351726,41.77023434229155,50.61600289664019,20.0
Yugantar Institute Of Technology And Management,50.45579781236537,41.79702392299935,40.45585926129256,60.69183850972315,20.0
Avc College Of Engineering,50.43804194877245,44.10417636747311,43.745550554588576,56.19702941768752,20.0
St Peter'S Engineering College,50.41387456032501,42.38893351938658,45.90731193940087,57.67275854830815,20.0
Seth Jai Parkash Mukand Lal Institute Of Engineering And Technology,50.371164075155306,42.121705261017176,63.0101552765373,55.61701905626467,20.0
Christ Polytechnic Institute,50.36612300638232,41.57939391220732,50.62648675840866,56.51907489746514,20.0
Kk Wagh Institute Of Engineering Education And Research,50.3563195222053,50.10029088425589,42.198438173933646,59.702867560643554,20.0
Dhalai District Polytechnic,50.34787155003428,71.37223700897411,77.17181208842035,54.33633253404452,20.0
Mjr College Of Engineering And Technology,50.33140765557417,42.65001794049429,45.30480416666119,51.66183780301126,20.0
Dr Mc Saxena Institute Of Engineering And Management,50.32961455694522,41.72174769918731,63.24666045365933,59.88785916499903,20.0
International Maritime Institute,50.327061441306945,48.26923540610181,44.30995199558857,76.78508127109183,20.0
Assam Engineering Institute,50.314604507605445,47.56990580746028,41.50755396028696,51.92429649711554,20.0
Gargi Institute Of Science And Technology,50.30351978282552,51.30744008888418,64.39061140222387,58.52358320106468,20.0
Technique Polytechnic Institute,50.30308718892353,49.20049027970881,42.13348064448553,55.58782168002657,20.0
Sarvajanik College Of Engineering And Technology,50.260213328204706,51.492978893601205,42.42864292972197,53.440365557832216,20.0
Shri Kj Polytechnic,50.2338432298305,50.8870640843104,44.01902488537133,57.39283884299918,20.0
Rajasthan Vidyapeeth Technology College,50.19730457813111,43.84605760977517,46.56229481496714,66.25430685005804,20.0
Vidya Vikas Pratishthan Institute Of Engineering And Technology,50.17911816790669,43.700461521512686,41.08309017283712,53.94235337952898,20.0
Mahatma Gandhi Polytechnic College,50.17607411320526,45.57167741732946,48.120928233390735,64.36646074796494,20.0
Ncr Polytechnic,50.1133605317886,42.57745825223893,43.19153208515154,56.81570812243486,20.0
Vidarbha Youth Welfare Society'S Polytechnic,50.10020557343448,54.35597128095405,47.4480591361781,70.38962020815671,20.0
Buddha Institute Of Technology,50.09272525596985,42.10687410861655,48.320588248618805,55.92250377052295,20.0
Mit School Of Bioengineering Sciences And Research,50.07677439607521,66.8631758804864,53.93301101867639,72.09585481478888,20.0
Sri Sahadev Paudhriya Polytechnic College,49.98951801199823,40.19091081892971,41.50918682979908,55.67376034944736,20.0
Md Polytechnic,49.975169567818014,46.82168594431889,40.58059317612419,52.4809864335465,20.0
Latthe Education Society'S Polytechnic,49.969274403785555,42.43785773748567,47.72303334690016,68.59659342879881,20.0
Mjp Government Polytechnic College,49.95092206594947,61.54685032846498,70.37892573149685,58.02282891689242,20.0
Seth Jaiprakash Mukandlal Polytechnic For Women,49.877400690656216,75.18769389975672,84.25941706297569,68.19062535414594,20.0
Balaji Institute Of Technology,49.86675045675705,43.25995352713305,45.74914205185582,50.11902708408383,20.0
Bipin Tripathi Kumaon Institute Of Technology,49.808497052693,52.51188491451941,51.496909587978045,55.83619747168828,20.0
Government Polytechnic For Girls,49.80566909042582,42.78624511964558,44.0016351370339,57.41551254932285,20.0
Smt Bhagwati Chaturvedi College Of Engineering,49.79057575596348,40.66924989685974,43.3676277881096,60.21192670785269,20.0
Fakir Mohan University,49.78024105379372,67.14609553566723,50.631712593499415,79.66694211895796,20.0
Cmr College Of Engineering And Technology,49.75407986980655,42.00267728738116,40.37722676384821,59.36239498157485,20.0
A1 Global Institute Of Engineering And Technology,49.74224644469723,51.30228744347151,57.709675261309926,81.92683497235389,20.0
Rajaram Shinde Degree College Of Architecture,49.712090096762125,74.1001353303551,72.56391592837714,84.49515385665278,20.0
S Thangapazham Polytechnic College,49.70645851985638,49.335517230915485,40.18742904836038,53.44607722849074,20.0
Government Institute Of Chemical Engineering,49.66307185093109,41.84450652867321,64.63645767898389,65.5172990629107,20.0
Sri Sairam Polytechnic College,49.64812644327698,43.531869535623706,41.27540714920774,54.91685739947774,20.0
Jai Parkash Mukand Lal Innovative Engineering And Technology Institute,49.63975884182795,43.141858184575376,55.481330872140745,77.17473292958513,20.0
Ims Engineering College,49.621260022700994,41.95528536913698,44.50650548811683,53.766360052761016,20.0
Baba Banda Singh Bahadur Engineering College,49.60873881375134,43.57721663495193,44.44356772788318,51.267126236824495,20.0
Swami Vivekanand Subharti University,49.585745784595616,65.49208794663541,84.67894074370992,81.84623766129855,20.0
Mahatma Gandhi Missions College Of Engineering And Technology,49.52523470450203,43.94281065340562,48.06239001679645,50.45136296196933,20.0
Rajiv Gandhi Proudyogiki Vishwavidyalaya,49.50490485805595,44.2562317624656,57.519760741300686,66.39411327601091,20.0
Thakur Polytechnic,49.474985764078895,58.26422595934492,70.19639978275671,53.695098015378015,20.0
Malout Institute Of Management And Information Technology,49.44544097869795,46.78889126043519,65.33007609436577,64.94017649418511,20.0
Guru Tegh Bahadur Institute Of Technology,49.42325549986643,40.98420805005247,40.20037399170163,83.63641348230877,20.0
Radha Govind Institute Of Technology And Management,49.41992421756591,48.22369245291902,43.887149496979255,51.19936358849088,20.0
Jss Polytechnic,49.39108813963478,42.957708961908615,47.49361355978329,50.03546093054616,20.0
Baldwin Polytechnic,49.38225178796345,66.86806517102501,45.20657164296257,70.76460264922608,20.0
Ambedkar Institute Of Technology,49.37745597235674,43.6301400684646,74.14853125641449,54.39076469305129,20.0
Guru Tegh Bahadur Polytechnic Institute,49.35770009086431,57.82985237662858,43.003310986620185,69.86383199588752,20.0
Baghmundi Government Polytechnic,49.328804813818884,46.533106581922944,50.3016735253034,55.345734199627536,20.0
Excel Institute Of Diploma Studies,49.316122681176566,54.74833639979965,79.91297625118133,58.109622206602566,20.0
Bongaigaon Polytechnic,49.29541531449929,72.45356461875377,40.280199486189936,67.44502328894724,20.0
Balaji Institute Of Engineering And Sciences,49.275401555516396,42.37315643725391,40.461706550489545,53.75147016856508,20.0
Sri Venkateswara University College Of Engineering,49.26386484176611,41.68966072129928,55.87203898277113,50.3272876462556,20.0
Ks Institute Of Technology,49.26156526780668,41.17399179966281,42.9225429357142,56.67470526381108,20.0
Engineering College Nowgong,49.192911811711355,64.22040171630735,66.73059743442701,75.19794597166077,20.0
University Polytechnic,49.187693788567046,49.3125189501613,59.0893384357601,52.455753536942446,20.0
Little Flower Polytechnic,49.14182492603739,75.98373508145286,81.08536449682714,66.19212170872493,20.0
Doon University,49.12942096709446,53.75881503213702,48.01977422562957,64.38570258126737,20.0
Karnataka Institute Of Leather Technology,49.12617533012576,74.45599187898759,79.86783502553658,70.25740236847702,20.0
Jharkhand Government Mini Tool Room And Training Centre,49.119572431168415,76.51175068282184,79.31744043558905,67.52097782230095,20.0
Sai Nath University,48.99719267310163,61.17645455858671,68.19961620333328,51.45871977800893,20.0
Maharashtra Institute Of Printing Technology,48.96719157724765,57.52864194658304,66.3927490109588,59.37654192273416,20.0
Virudhunagar S Vellaichamy Nadar Polytechnic College,48.92081257647077,49.68958400051439,49.32409887314849,69.38187341492527,20.0
Kruttika Institute Of Technical Education,48.78172234689974,40.67068776597986,40.65960050535315,52.125038791582966,20.0
Arun Muchhala Engineering College,48.76983981457545,47.01448279308672,44.02430122126635,84.60905914700331,20.0
Guru Kripa Polytechnic College,48.74369525693152,45.79884698053177,73.38060513641696,50.73241656343454,20.0
Government Millennium Polytechnic College,48.70828582644747,62.74525950235336,40.48444396245795,59.11959534149791,20.0
Minimata Government Girls Polytechnic,48.62039613600072,51.17402378979232,80.087286174116,53.662886358196246,20.0
Jaipur National University,48.53528001846918,48.60031249476912,41.357234083344224,63.46334803029892,20.0
Maharaja Sayajirao University Of Baroda,48.5336002346557,79.87941915979543,41.89946195083326,79.09235369693462,20.0
Hindusthan Institute Of Technology And Management,48.44925013651609,61.67126108607401,62.909175447521406,57.16029479958503,20.0
Shantilal Shah Engineering College,48.44139659216191,40.73226274316168,53.08104717005445,58.42426973134917,20.0
Jind Polytechnic College,48.3832781454317,58.3100425994494,72.61573111001601,71.8041418237743,20.0
Supraja Institute Of Technology And Science,48.29545856533828,47.90646124869716,53.907863971526965,51.04846972572398,20.0
Uma Nath Singh Institute Of Engineering And Technology,48.257271017816336,64.85873282912102,57.93485655205116,57.97077666750561,20.0
Ranchi University,48.25628145056707,50.30715371607265,45.12512302502859,73.83262632305393,20.0
Anand College Of Architecture,48.24504505110963,41.01371779386585,44.91969482925205,77.03363371896921,20.0
Ysr Engineering College,48.209727153736786,58.56743798195441,66.15892290841576,69.57388717710022,20.0
Vidya Prasarak Mandal'S Polytechnic,48.15785998011033,40.73556386772092,58.21874033624071,68.00539454150716,20.0
Institute Of Tool Engineering,48.123848231144635,50.73301201394354,81.8777300755734,57.2336614169605,20.0
Sant Baba Bhag Singh University,48.1154836186041,40.178871354002126,43.33890524195149,55.09532400217607,20.0
Government Women'S Polytechnic College,48.10315495355831,40.28155618473448,54.85743456009749,70.76146781217186,20.0
Department Of Ship Technology,48.08587938963289,75.13865655313981,63.60204909936675,83.87203620983061,20.0
Valia Polytechnic College,47.95555149495263,43.861618996957255,46.84731910996531,69.24899726924612,20.0
Saraswati Higher Education And Technical College Of Polytechnic,47.88965839126149,49.49747590022301,53.969966336851776,51.623455807050746,20.0
University Of Burdwan,47.8829370701553,77.0416150313985,45.935868493579896,51.99869372022757,20.0
Bishop Jerome School Of Architecture And Design,47.81107251674499,74.19215701444733,43.55540670153471,68.45543706126573,20.0
Loknete Gopinathji Munde Institute Of Engineering Education And Research,47.725833879010295,49.47063032363485,69.1280411244341,61.86840253938044,20.0
Ysps Polytechnic,47.70535952785771,40.128417663856375,76.95164814333648,67.48616988817545,20.0
Marathwada Institute Of Technology,47.66849032598618,55.075064167865136,46.56733516026038,50.72319649460026,20.0
Government Polytechnic College,47.66668410851563,60.8456611564613,51.29674148149232,78.80613682067896,20.0
Tamilnadu Polytechnic College,47.545102947322505,64.68314598061849,81.93682473875297,73.24634336278189,20.0
Guru Jambheshwar University Of Science And Technology,47.52393380562897,66.41575055956427,42.58073096785884,65.88433314777423,20.0
Sunder Deep College Of Engineering And Research Centre,47.517745943918186,48.05421459345794,82.10680188821576,58.66130369516124,20.0
Shri Chhatrapati Shivaji Maharaj College Of Engineering,47.48616871901995,61.56479778641644,67.184932925577,56.27988458200292,20.0
Mahatma Jyoti Rao Phoole University,47.47815171719448,63.78927160824364,53.33787347908,79.00723470849394,20.0
Acharya Nagarjuna University,47.47123099829048,79.98700821296282,53.88171266776658,84.65424274330971,20.0
Indian Institute Of Information Technology Tiruchirappalli,47.43758257061485,56.21123721936998,81.60318553082729,57.014241064046,20.0
Raja Balwant Singh Polytechnic,47.37668115531745,64.0848993875336,70.99546293189685,84.9090914803645,20.0
Shiridi Sai Diploma In Engineering And Technology,47.37221577370758,61.01857720849895,77.45574145043267,84.17615454330874,20.0
Siliguri Government Polytechnic,47.28481482096631,41.32511214985933,44.07298427615096,62.57071063291971,20.0
Lakshya Institute,47.23692494840745,42.29897938061794,49.82542093204302,77.92730611229571,20.0
Gauhati University,47.23113215167946,63.64266884006241,48.19735093390507,50.82458776416638,20.0
Government Institute Of Printing Technology,47.22158918417302,55.78403679348689,73.9118606628163,65.4213856882536,20.0
Contai Polytechnic,47.20680261396608,43.18608028603342,63.32329594344732,56.81844140607416,20.0
Keltron Toolroom Research And Training Centre,47.18702168452625,69.78986521146462,71.16874004069555,76.70538249013993,20.0
Sankar Polytechnic College,47.18536356282134,42.723072886647145,63.59314360122893,54.706444139425074,20.0
Kalinga University,47.1841215570049,54.36398162557426,84.90994066459544,84.07425345128159,20.0
Yashwantrao Chavan School Of Rural Development,47.149506246255996,55.644923888540674,75.91720413955008,78.05445186362765,20.0
Gitam University,47.14812877811232,74.85592948082527,51.039870506357744,71.33985000959768,20.0
Jiwaji University,47.08372289586973,59.45726216282074,57.835152579039566,76.45584559571085,20.0
Government College Of Engineering And Research,46.96838118467031,40.71658685360926,41.354223210842655,59.21593219399639,20.0
Rama University,46.89588935445228,44.76463445164997,43.68933499153181,84.00274753553462,20.0
Dr Dashrath Chaudhary National Polytechnic,46.83671740603997,74.03321797710615,74.10880062887384,63.37768523992449,20.0
Odisha Polytechnic,46.79929025438758,71.60162208152846,66.60612134238143,77.18440310352786,20.0
Kamla Nehru Mahavidyalaya,46.742202536887014,41.160639993795705,44.20319273913544,50.6451322951302,20.0
School Of Electronics,46.74101815521674,71.79554103366321,63.99226574105786,79.95786499059577,20.0
Ssb Regional Institute Of Science And Technology,46.73610387105699,40.12050809155747,45.56656034007781,70.70378670639008,20.0
Pac Ramasamy Raja Polytechnic College,46.722921818909654,41.768011470509066,47.59291900707582,79.4989009991148,20.0
Shri Krishan Polytechnic,46.720426815366565,57.99840654518952,42.4583377637931,84.80771750873711,20.0
Aks University,46.66113019219963,55.44146747517367,68.89648445268092,55.95528346551031,20.0
Muchhala Polytechnic,46.653611975253746,44.468298890961904,52.108619852098265,58.29875521395745,20.0
Baba Sahab Dr Bhim Rao Ambedkar College Of Agricultural Engineering And Technology,46.6517820497023,47.7364276582789,69.44684564505731,60.45537337414078,20.0
Tripura University,46.64425948291215,52.28614566768293,54.69671661437567,51.08764789984501,20.0
Madhav University,46.56637293566931,63.26853712945655,68.57250478204817,62.7823092836514,20.0
Gayathri Institute Of Technology And Sciences,46.416239108506396,70.79548044114809,72.4854842018047,68.13514771905622,20.0
Jai Narain Vyas University,46.398833300206384,46.129678601657616,40.10608891512992,80.8789681161023,20.0
Navjeevan Education Society'S Polytechnic,46.28536325461181,69.76002048351705,64.89195716227634,54.19882562756278,20.0
Sanjay Gandhi Polytechnic,46.24367920602774,56.19089198064642,48.85189061923148,60.78004438965607,20.0
Gaya College Of Engineering,46.2428368985397,43.70279249532275,76.83117844586178,61.00602057024437,20.0
Irt Polytechnic College,46.12387118371558,43.18221090670199,42.27362023163838,53.1222083521178,20.0
Feroze Gandhi Polytechnic,46.09885694153769,67.19775033667659,74.62144995262855,69.16752911228556,20.0
Lucknow Polytechnic,46.08025516879576,76.24288004065893,57.904230602494025,76.2579269208815,20.0
Azad Polytechnic College,46.06703167619638,51.1032418024793,44.84151971801274,75.42457675162154,20.0
Maha Manav Gautam Buddha Polytechnic,46.01986236652203,75.39035441568079,67.89174034148597,63.959504628697545,20.0
Shankarrao Dhawad Polytechnic,46.00409912692183,77.21061278230789,52.28244524249164,81.63304588564355,20.0
Swamy Vivekananda Polytechnic,45.86858693785241,58.11477462725634,80.30796115741143,75.18867366370692,20.0
Vadodara Institute Of Engineering,45.800784350976926,52.932307806642655,84.22031671305342,78.15762704470389,20.0
Shivganga Charitable Trust,45.767280276682826,60.87973756453003,78.45481888073004,72.37588072936202,20.0
Swami Vivekanand University,45.74183776321154,45.28113440380197,40.21035008349616,77.94452845008689,20.0
Mantram Women'S Polytechnic College,45.68727992656422,77.98904893597188,59.8706285255994,68.10594658300914,20.0
Town Polytechnic,45.567365958680384,79.60425185611358,48.1635612234782,80.22393833304234,20.0
Emerald-9 Institute Of Management And Technology,45.45570118052514,71.63903544876196,76.07356723453658,55.54152580951552,20.0
Mahamaya Institute Of Medical And Technical Science,44.703526669653876,66.02166291829653,80.28578120646429,54.27303132524592,20.0
Indira Gandhi National Open University,44.702873036740094,65.5935601027824,65.25939087144201,75.01736557837394,20.0
Amity Institute Of Food Technology,44.53557924535237,50.62754534815668,53.25417176416276,72.96148127896191,20.0
University Institute Of Information Technology,44.51592007603676,47.01582390639991,68.80078800461624,68.69775760913784,20.0
Hooghly Institute Of Technology,44.502000648361566,42.5093023012484,44.26721327322719,71.41773993221732,20.0
Punjab Institute Of Technology,44.42686409452661,68.45075175631123,76.52468762111903,53.39492420816666,20.0
Tkm School Of Architecture,44.40755210438875,60.50206418199531,51.17994448677326,78.70698107690181,20.0
Maharana Pratap Polytechnic,44.40080267111812,64.62881935687533,61.48559763720228,79.6431886963922,20.0
Shivajirao S Jondhle College Of Engineering And Technology,44.37495977975046,56.68179737110933,76.92075570386875,59.33572864132918,20.0
Gurukulam Institute Of Technical Education,44.371906656681396,55.97854841163651,76.79173766324044,73.45948014082786,20.0
Rani Rashmoni School Of Architecture,44.33575977005003,67.5915383539572,62.19755600072102,73.32242654277684,20.0
Amrita Center For Nanosciences And Molecular Medicine,44.31793967581828,61.56632267022044,80.48283213273345,58.865283878109885,20.0
Model Polytechnic College,44.26821521196203,48.247373044278994,80.65465001252811,80.50294632257774,20.0
New Government Polytechnic,44.19006169116494,64.49654606306999,77.81042629896811,56.69226610402552,20.0
International Polytechnic,44.15047742514996,78.72779191743464,48.85501466609549,55.672398972703554,20.0
Sri Krishnadevaraya University College Of Engineering And Technology,43.99503033709783,79.41142284721697,41.32302133907118,79.1838023831957,20.0
Institute Of Management And Information Technology,43.98377289433852,57.542041143593465,72.50295209026991,73.98448126924117,20.0
Saraswati Institute Of Technology,43.915676795918465,47.15094437138027,46.93474409932951,64.87840742651153,20.0
Samundra Institute Of Maritime Studies,43.813431302829414,42.33723960398525,54.32725400903182,55.22447066684494,20.0
Darbhanga College Of Engineering,43.65418979923133,43.77725844783559,63.00998438144521,56.308932329632846,20.0
Jindal School Of Art And Architecture,43.62242534014944,63.875367932911885,77.49528626358244,54.36350736136652,20.0
Yashwantrao Chavan Maharashtra Open University,43.615982476853645,56.48595740255949,78.12838937848642,65.79210167010994,20.0
Manonmaniam Sundaranar University,43.594364361233715,46.50129159075035,79.11948960390733,80.96762361843108,20.0
School Of Energy And Environmental Studies,43.57945849467128,69.96022059645009,57.82294340303135,70.16543109968327,20.0
Singareni Collieries Polytechnic,43.56047940150012,75.80126717002275,41.81517513574521,81.6475172123026,20.0
Government Women'S Polytechnic,43.52199365922481,60.5182762575738,63.17289662412357,78.38563513337766,20.0
Genesis Institute Of Technology,43.52117741428163,41.300861772008815,68.31145518313872,82.75780623101124,20.0
Deccan College Of Engineering And Technology,43.481681287406474,51.18842225562688,61.66518529978195,65.72692442362245,20.0
Shivajirao S Jondhle Polytechnic,43.47397290341599,51.19753122192453,45.377181534648905,59.30102527336717,20.0
Department Of Computer Science,43.45545175344037,56.515664016165054,83.01549373271367,58.156246685709135,20.0
Saraswati Institute Of Technology And Management,43.433803898390266,53.32493462708039,77.39593614370793,70.82255341919054,20.0
Ramgarhia Polytechnic College,43.34549180280983,70.34201888175323,64.5225121954539,50.71656428853828,20.0
Madan Mohan Malaviya University Of Technology,43.342395456874186,51.99708479580797,55.72860984673413,60.92577135473004,20.0
Don Bosco Polytechnic College,43.33660981329888,55.48210522857316,64.57911354905931,83.66840530895814,20.0
College Of It And Management Education,43.29873623310604,58.76383968353305,80.3367594590941,56.93616280269309,20.0
Peoples University,43.17799204708443,51.50036020371473,68.55466335177746,83.9464621720017,20.0
Chhatrapati Shivaji Polytechnic,43.09307004084914,73.55881732913812,53.328187483080704,66.91818807965646,20.0
Indore Women'S Polytechnic College,42.8703934842245,45.28598526648503,57.88923870010176,64.58275375964352,20.0
Sr Government Polytechnic College,42.827541096345854,42.08988916704113,57.24284871987945,52.3151219425261,20.0
Swamy Vivekananda Engineering College,42.76510664839572,69.65202337763273,65.42236222815606,55.11752238904217,20.0
Vallabh Budhi Polytechnic,42.75928021406618,73.75186677838647,40.58450867905574,58.00274522438944,20.0
University Of Kalyani,42.59773086894329,57.48554941678964,40.223051585693725,59.08691696955479,20.0
Thapar Polytechnic College,42.53451389750784,40.438562262069205,75.92282316500356,52.04015323136076,20.0
Sri Satya Sai University Of Technology And Medical Sciences,42.24569677008134,73.36692756779479,46.06677346070881,71.2707345732725,20.0
Institute Of Tool Room Training,42.211949384581914,65.14449365994153,60.270003704597045,65.81216819118079,20.0
Bvm College Of Technology And Management,42.208810123303586,58.68737452852223,72.53906020545732,60.19436300054377,20.0
Institute Of Technology,42.18701534532903,53.69760099031312,72.40966524632991,68.53788032323178,20.0
Balaghat Polytechnic,42.125143758754504,52.79111339267442,72.97470296669029,68.88283211498562,20.0
Scm Institute Of Engineering And Technology,41.9903521449051,48.42376319621516,45.25648654286029,60.48742691519504,20.0
Prabhakar Patil Education Society'S Polytechnic,41.88865338321372,60.83072533232604,70.22696625995547,57.57052532094078,20.0
Kuvempu University,41.809775114319805,71.85679482891419,59.95579400764764,52.362784037078185,20.0
Rajagopal Polytechnic College,41.72945722547258,50.867466662101336,54.93473007434151,84.00429696719296,20.0
Guru Nanak Dev Polytechnic College,41.45242442359243,41.55450925666281,47.05498862062908,50.48532923533941,20.0
Park Maritime Academy,41.3350234184291,53.11937684701621,75.47082911005577,59.74008923109264,20.0
Viit College Of Technology And Management,41.314022437798776,49.27007450029309,66.57145143737634,77.88142350166825,20.0
College Of Dairy Technology,41.268429972890175,66.12767916241847,50.46420189929084,70.95779868284924,20.0
Pmv Polytechnic,41.073442570156054,73.1423192555498,47.0882899439665,62.46803178316869,20.0
Apex Polytechnic Institute,40.95270698421418,51.07780071276537,75.4384637361344,57.11709372530639,20.0
Arunachal University Of Studies,40.73806423935417,72.09491053094263,49.54819420635909,58.69798510231131,20.0
Shivaji University,40.62477414215061,49.60661398128134,79.59391603683872,55.36224959641688,20.0
Swami Sarvanand Institute Of Engineering And Technology,40.60354838195817,49.028245750468834,60.27775489438109,81.93957310309827,20.0
Women'S Institute Of Technology,40.494190781923244,60.47505421026236,48.84292466877294,77.37894863735377,20.0
Sj College Of Engineering And Technology,40.48172879832039,65.1927814984521,45.7867463001806,73.50789442447493,20.0
Babu Banarasi Das University,40.291296653707256,40.34727228685606,71.7722785058194,67.38872396743386,20.0
Vpms Maharshi Parshuram College Of Engineering,40.26583740958668,50.96078680636855,79.38913701544772,50.98542203269995,20.0
Marwadi University,40.13588603068021,53.13259087134816,60.99149431454956,71.02959633288839,20.0
Vedica College Of Pharmacy Polytechnic,40.037009313350566,58.2038821067655,50.0951402622642,60.80229378359792,20.0
Mgm'S Polytechnic College,39.98019512386017,57.233958559958815,66.01611328556231,56.45655217838672,20.0
Thirumalai Madhanur Polytechnic College,39.93366447433962,51.98493501519947,71.14212504214899,58.06003808073304,20.0
Mahatma Gandhi Chitrakoot Gramodaya Vishwavidyalaya,39.91934379930264,42.78271856287609,79.67992832569558,61.91785662296334,20.0
Marine Engineering And Research Institute,39.88322192924222,43.93331167143438,76.37703865490596,64.16324186934952,20.0
School Of Computer Sciences,39.6711052324828,55.9784883746245,54.8674131206409,71.35333676465663,20.0
Maharshi Dayanand University,39.666209961026645,67.86768903094358,54.525464593767616,51.96129856358151,20.0
Bakhshi Polytechnic,39.60583803075519,58.87431839996022,44.93601037341704,75.90513761197339,20.0
Department Of Electronics,39.599324347299415,42.8166097516576,55.55718662727175,61.81156389287111,20.0
University Of Madras,39.439183503316556,55.50344461074609,62.31341531309594,60.67092858673899,20.0
Dilkap Research Institute Of Engineering And Management Studies,39.36410470160388,49.7657144829637,57.36555250169627,76.33043720349133,20.0
Instrument Design Development Centre,39.14828855756703,48.65535638467125,59.542356588349165,73.8398542915292,20.0
Central Footwear Training Centre,39.016048248331124,47.60350569223015,60.36950612542516,73.60847066792368,20.0
University Of Mumbai,38.902475320257786,52.58063609981032,66.98119722330252,55.740512337631365,20.0
Sanskriti University,38.892919546342114,54.64438226318144,58.11961696905193,64.05267057824247,20.0
International School Of Photonics,38.61385153923334,57.87196105018616,49.97924604447462,67.66674711861248,20.0
Tool Room And Training Center,38.44951474768297,49.623052854423136,57.85244007502227,54.17731234937373,20.0
University Of Kerala,38.37450406746147,50.82984389440184,62.425439344827865,61.21303483263627,20.0
Loknayak Jai Prakash Institute Of Technology,38.328665386731814,48.970984040284485,66.91279943596493,58.022396596451394,20.0
Maharashtra Mudran Parishads Institute Of Printing Technology And Research,38.07807606619329,48.83653596202684,51.468224624564165,77.16864767182498,20.0
Kirodimal Government Polytechnic,37.99728197675935,54.170935952622855,46.94803782462606,73.76626949118949,20.0
Rkdf University,37.46157436803979,45.64398008258061,63.5820791666047,62.22775676049129,20.0
University Of Calicut,37.41374090357232,47.79773178280617,53.96709853422588,71.1392550068373,20.0
National Centre For Aquatic Animal Health,37.24902648519488,57.61770187218912,44.50405352684449,66.29193541185803,20.0
Vikas Institute Of Engineering And Technology,37.20536122969542,55.78818344869083,52.33757951233188,58.60532976704227,20.0
Center For Spatial Information Technology,37.15585707949393,40.84952404573202,67.79634371503124,62.561382167031134,20.0
Maulana Azad National Urdu University,37.15247956682603,57.131631521732544,45.91844342850349,64.57255333794798,20.0
Annamalai University,37.13251486172226,50.69182257508896,62.7342745225542,52.75136208959452,20.0
Hanswahini Institute Of Science And Technology,37.04143449080542,63.810622788320174,46.22964500113386,52.28566528999073,20.0
Sage University,36.86025450568767,46.43800153943079,54.068887749257286,69.57984380652343,20.0
Sj College Engineering And Technology,36.77837853486072,54.41985294136536,52.964861011810825,57.20295398104809,20.0
Dr Cv Raman University,36.51681909460354,41.67524709103876,50.55765290235705,79.90984494248295,20.0
Central Institute Of Tool Design,36.473842636282974,46.5332142216703,52.0847068049022,69.49065146589973,20.0
Government Polytechnic Garur,36.41699982918472,50.85731064895023,56.99220148773806,55.36154579599695,20.0
Nalanda College Of Engineering,36.33090613364708,45.73843513214831,64.33361778510925,53.530491957254384,20.0
Utkalmani Gopabandhu Institute Of Engineering,36.21918155447679,44.71496442499791,44.34309067132563,59.12195268131657,20.0
Suraj Muchhala Polytechnic,36.160784093522416,43.689354028037805,59.0946729701523,62.79673994988335,20.0
Nagaland Tool Room And Training Centre,35.97532261608882,43.34618153751749,45.72920185093562,79.9529124101488,20.0
Leela Krishna Babuji Polytechnic,35.93249625951569,40.51015737338281,65.71557928042357,57.745607067235134,20.0
Vishwatmak Om Gurudev College Of Engineering,35.804055200851295,62.52998346610304,41.50274264493956,52.47340536891748,20.0
Vmr Polytechnic,35.2321244409162,52.895569428403775,43.78189760628105,61.67901708372698,20.0
Col Ds Raju Polytechnic,35.044415739806,49.79178317073081,43.873566347914746,65.47837785026898,20.0
Digamber Jain Polytechnic,34.67427876951355,43.47943026672789,45.95629848957536,55.10996558833227,20.0
Roorkee College Of Engineering,34.002629921608914,46.08143187954559,48.97237636025974,57.91864453113711,20.0
Department Of Jute And Fibre Technology Institute Of Jute Technology University Of Calcutta,33.833906878903626,46.82957346634764,42.08675646044851,64.72774813484675,20.0
Arrdekta Institute Of Technology,33.6248564018914,52.23198211790756,42.25540356632891,54.105201060991504,20.0
Aanm And Vvrsr Polytechnic,32.36139414134324,44.71610921811265,44.32462397568793,55.449613611183295,20.0
