College Name,DSS,High_Compliance_Risk,Missing_Docs,Placement_Rate
Sri Sakthi Polytechnic College,40.02515735689771,1,0,69.55692446940779
Amina Institute Of Technology,40.030219876108994,1,0,49.69323188906287
Csi Polytechnic College,40.045628143348814,1,0,42.73879433276894
Smr East Coast College Of Engineering And Technology,40.05248007328912,1,1,41.16898943126959
Jits Polytechnic,40.05427708203536,1,0,45.747314585913614
Sal Institute Of Technology And Engineering Research,40.05465645384775,1,1,78.42064758967464
Mahatma Gandhi Institute Of Technology,40.05489307466046,1,2,50.19493235076887
Sha-Shib College Of Engineering,40.09057195002654,1,2,63.11366840336625
The Kavery Polytechnic College,40.0926986107709,1,0,74.96360714563423
Jai Narain Vyas University,40.10608891512992,1,0,46.129678601657616
Gautam Polytechnic Institute,40.12774334404826,1,0,67.09448720468441
Sri Satya Sai College Of Engineering,40.13919859237646,1,0,75.61826870406165
Venus Group Of Educational And Research Institute,40.1472002003909,1,1,44.38861179424551
Central Footwear Training Institute,40.15655438674053,1,1,53.539354414923466
Dharmsinh Desai University,40.17018176459107,1,0,75.84173360834177
Rane Polytechnic Technical Campus,40.17126621371455,1,0,76.47583207154653
Mar Baselios Institute Of Technology And Science,40.17315446552575,1,0,42.44586513637127
United College Of Engineering And Management,40.17676930329731,1,0,48.63078934029247
Banaras Institute Of Polytechnic And Engineering,40.18003745869568,1,0,76.94968216939245
Ravi Shankar Institute Of Technology And Management,40.18715903279968,1,0,72.68393700918269
S Thangapazham Polytechnic College,40.18742904836038,1,0,49.335517230915485
Npr Polytechnic College,40.193636385903936,1,0,50.09194890057064
Pr Patil College Of Engineering And Technology,40.195851436960886,1,1,79.77313528213642
Rajasthan College Of Engineering For Women,40.19792245992676,1,0,41.39451141042693
Guru Tegh Bahadur Institute Of Technology,40.20037399170163,1,0,40.98420805005247
Lucknow Institute Of Technology,40.20274289808189,1,0,74.75786576330748
Ies College Of Engineering,40.207369560890704,1,0,75.0038275910574
Swami Vivekanand University,40.21035008349616,1,0,45.28113440380197
Dr Daulatrao Aher College Of Engineering,40.21838828356808,1,1,70.31374631806754
Bvvs Polytechnic,40.2191775642324,1,1,72.39776701971658
University Of Kalyani,40.223051585693725,1,0,57.48554941678964
Sai Institute Of Technological Science,40.230624375699634,1,2,72.0657183592472
Pb College Of Engineering,40.23593054740081,1,1,47.58706379871892
Satya Institute Of Technology And Management,40.25719496230364,1,1,61.52021293470008
Chalapathi Institute Of Engineering And Technology,40.25873930657689,1,1,47.954426690724304
Shri Tulja Bhavani College Of Engineering,40.26698388824531,1,0,52.24790332890882
Christian College Of Engineering And Technology,40.27646391787009,1,2,49.9742853535183
Bongaigaon Polytechnic,40.280199486189936,1,0,72.45356461875377
Nova College Of Engineering And Technology,40.28112689991745,1,0,43.56666962309967
Engineering Institute For Junior Executives,40.29034570289741,1,0,52.28932064544245
Agnos College Of Technology,40.29313944067966,1,1,75.91664764694632
Gayatri Vidya Parishad College Of Engineering,40.33907923029498,1,1,79.01167161822218
Biju Patnaik University Of Technology,40.343453721415045,1,0,71.95986670166597
Shekhawati Girls Engineering College,40.3609248034818,1,0,40.40223880352841
Modish Institute Of Polytechnic,40.36223543335904,1,1,45.99956392591326
Basantika Institute Of Engineering And Technology,40.36328359182155,1,1,48.15974473377045
Grd Institute Of Management And Technology,40.36540119295764,1,1,59.69641556255262
Kumaran Polytechnic College,40.36663080324886,1,0,64.63789446809682
Kalpi Institute Of Technology,40.369585975093706,1,0,79.52040179235287
Amrita College Of Engineering And Technology,40.37530424666953,1,1,68.83285227457024
Skr College Of Engineering And Technology,40.376395175030304,1,2,67.59024636410895
Cmr College Of Engineering And Technology,40.37722676384821,1,0,42.00267728738116
Sri Sai Ram Institute Of Technology,40.38834730830503,1,2,50.57828293118919
Institute Of Information Technology And Management,40.40024852815076,1,0,57.48647328076693
Mina Institute Of Engineering And Technology For Women,40.43187491293804,1,1,40.83746162946367
Psr Rengasamy College Of Engineering For Women,40.445293626220376,1,0,71.8216133089572
Yugantar Institute Of Technology And Management,40.45585926129256,1,0,41.79702392299935
Shivam Technical Campus,40.458330385890775,1,0,76.7812378577647
Balaji Institute Of Engineering And Sciences,40.461706550489545,1,0,42.37315643725391
Sri Taralbalu Jagadguru Institute Of Technology,40.46599425081106,1,0,75.42174906810965
Sri Sivani College Of Engineering,40.47230839736296,1,1,66.23959455496657
Shree Vidyadhiraj Polytechnic,40.480050635179786,1,0,53.31026861268733
Elite Polytechnic Institute,40.480440609452856,1,0,53.14907964320958
Government Millennium Polytechnic College,40.48444396245795,1,0,62.74525950235336
Bhabha Engineering Research Institute,40.49654230075225,1,0,74.07471785567242
Sri Chaitanya Engineering College,40.49972971571717,1,0,43.54969796118557
Guru Nanak Dev University Regional Campus,40.51122823621173,1,0,77.1529691193603
Srinivasa College Of Engineering And Technology,40.516361375835366,1,0,68.31382000667966
Muthiah Polytechnic College,40.52583591074279,1,0,66.33411353221553
Usha Mittal Institute Of Technology,40.525987186778615,1,0,71.57964467789883
Ranganathan Engineering College,40.53001844962728,1,1,71.01481705200356
Indus University,40.572236417194745,1,0,56.62848031180186
Hmfa Memorial Institute Of Engineering And Technology,40.57681639922714,1,0,77.84839343381623
Sushila Devi Bansal College Of Technology,40.57936521400926,1,0,63.69887043135566
Swasthya Kalyan Technical Campus,40.58005533509318,1,0,69.32908584954045
Md Polytechnic,40.58059317612419,1,0,46.82168594431889
Gurudeva Institute Of Science And Technology,40.58268283742064,1,1,77.76492350889347
Vallabh Budhi Polytechnic,40.58450867905574,1,0,73.75186677838647
Jhadeswar Institute Of Engineering And Technology,40.58829472296626,1,1,59.9114044844555
Jb Institute Of Engineering And Technology,40.6203905178226,1,0,60.268375646417496
Tatva Institute Of Technological Studies,40.63345784928344,1,1,51.32948026310712
Sanjay Memorial Institute Of Technology,40.64375913198244,1,0,50.70366412355242
Sushree Institute Of Technical Education,40.644957258041686,1,0,69.83579937906416
Mahatma Gandhi University,40.65168730717348,1,1,57.36828754445689
Kruttika Institute Of Technical Education,40.65960050535315,1,2,40.67068776597986
Seshachala Institute Of Technology,40.66486551994944,1,0,75.59530560548575
Brilliant Institute Of Engineering And Technology,40.683885874583495,1,0,57.56189859934477
Camellia Institute Of Technology And Management,40.69008681027896,1,1,54.98780359125012
Crk Polytechnic College,40.69207828691711,1,0,59.37163709964475
Rimt Polytechnic,40.70080289707841,1,1,56.43311559661738
Panimalar Institute Of Technology,40.7008235060926,1,0,59.02585714850848
Nagarjuna Institute Of Engineering Technology And Management,40.704540911980914,1,0,59.216940573049975
Gobindapur Sephali Memorial Polytechnic,40.705553627770406,1,1,68.24133177185738
Ujjain Engineering College,40.71394238543582,1,0,69.040136408513
Shree Ram Institute Of Technical Education,40.72095835033067,1,2,69.15030937673136
Pe Society'S Modern College Of Engineering,40.73098031610829,1,0,71.01854044082296
Srinivasa Institute Of Technology And Science,40.74456754340037,1,2,56.72940649568706
Godavari Institute Of Engineering And Technology,40.74896532075179,1,0,69.05381977045613
Accurate Institute Of Polytechnic,40.75734012209703,1,2,72.2703851098272
Deendayal Polytechnic College,40.76313150470221,1,2,76.52871196725715
Shaheed Bhagat Singh State Technical Campus,40.77106466213209,1,0,65.10956250545564
Jyothishmathi Institute Of Technology And Science,40.786029188460994,1,1,62.99620406124573
Mallabhum Institute Of Technology,40.80646541147724,1,0,78.29195345438647
Priyadarshini Institute Of Technology,40.81766904391784,1,1,77.17689808972298
Tippu Shaheed Institute Of Technology,40.83211233499724,1,0,66.14406004961782
Kshatriya College Of Engineering,40.85884808939184,1,1,74.01241301132856
Damsetty Srinivasa Naidu'S Dbs Institute Of Technology,40.867316252740274,1,0,62.60225728696149
Hemnalini Memorial College Of Engineering,40.87729180125872,1,1,75.40657062408735
Millia Polytechnic,40.890189634065806,1,1,78.54681972050204
Vedavyasa Institute Of Technology,40.90841179930688,1,2,71.44811849643736
Oxford Engineering College,40.92430397579786,1,0,52.64233094249613
Government Polytechnic Garhi Shyampur,40.92885823736685,1,0,58.029879220758176
Bharat Institute Of Technology And Management,40.92979510304604,1,0,58.713978900754256
Jj College Of Engineering And Technology,40.93911224018671,1,0,63.10018536566532
Sri Ramana Polytechnic College,40.94186692565344,1,1,48.88773119501939
Radharaman Institute Of Research And Technology,40.94374722894428,1,0,76.22464692385007
Iamr College Of Engineering,40.95868508200336,1,0,40.908131637222894
Jogaiah Institute Of Technology And Sciences,40.96549518958143,1,1,44.541747970508986
Blde Association'S Shri Sanganabasav Mahaswamiji Polytechnic,40.98963128712443,1,2,67.1730493045788
Pa Polytechnic,41.00016262072141,1,0,63.473167524568495
K Ramakrishnan College Of Engineering,41.01720674198074,1,0,72.93946744795608
The Techno School,41.0269242370882,1,1,49.53176723838037
Shahul Hameed Memorial Engineering College,41.04463390222517,1,0,48.21240008428949
Mh Saboo Siddik College Of Engineering,41.05308167789918,1,0,59.560209509028574
Vidya Vikas Pratishthan Institute Of Engineering And Technology,41.08309017283712,1,1,43.700461521512686
Mother India Polytechnic College,41.09298773021186,1,0,73.90206719327651
Walchand Institute Of Technology,41.09703181978877,1,2,65.70157144652416
Bharathidasan Engineering College,41.10246183296636,1,0,72.23696257864249
Devineni Venkata Ramana And Dr Hima Sekhar Mic College Of Technology,41.10675437366518,1,0,62.6654553289346
Sri Balaji College Of Engineering And Technology,41.11022549585552,1,2,76.82478158456192
S S Agrawal Institute Of Engineering And Technology,41.11861400746598,1,0,52.9572660948818
Anantha Lakshmi Institute Of Technology And Sciences,41.12105642842141,1,0,79.03400466409542
Amara Institute Of Engineering And Technology,41.12419977542344,1,0,69.50138936190004
Kj College Of Engineering And Management Research,41.12682754496955,1,0,44.87269476489382
Marri Laxman Reddy Institute Of Technology And Management,41.16145737263909,1,2,54.322038291464935
Miet Engineering College,41.16791547023034,1,1,59.29307070237328
Tagore Institute Of Research And Technology,41.17390377858776,1,2,43.96010513529613
Srm Institute Of Science And Technology,41.18603044413863,1,1,52.89034955327016
Institute Of Technology And Sciences,41.19418343989794,1,1,64.21631826247008
Guru Nanak Polytechnic,41.21525811577169,1,0,61.94657505080376
Sandip Polytechnic,41.2342288964855,1,0,74.6766295779837
Malla Reddy Institute Of Technology,41.24496257620283,1,0,57.87598178253077
The Kavery Institute Of Technology,41.26222545019022,1,0,62.54698944861932
Mittal Institute Of Technology,41.27056474011064,1,0,43.79463005158812
Sri Sairam Polytechnic College,41.27540714920774,1,0,43.531869535623706
Aurora'S Research And Technological Institute,41.28557939889776,1,1,46.343588726938265
Indus School Of Engineering,41.31529136606056,1,1,79.50660289760145
Shri Shivajirao Deshmukh Institute Of Technology,41.31943620914607,1,0,45.1872507130569
Sri Krishnadevaraya University College Of Engineering And Technology,41.32302133907118,1,0,79.41142284721697
Shantiniketan Polytechnic,41.32489955804228,1,0,61.33626793307144
Sarvottam Institute Of Technology And Management,41.32803646229079,1,0,44.02847701023244
Omm Muruga Polytechnic College,41.32807344613166,1,0,77.1130131111556
Grow More School Of Architecture,41.34612131140543,1,0,70.08837045436204
Hr Institute Of Technology,41.34620659421506,1,0,50.457322021112354
Vivekananda Global University,41.35270412910024,1,0,43.96028773696718
Government College Of Engineering And Research,41.354223210842655,1,0,40.71658685360926
Jaipur National University,41.357234083344224,1,1,48.60031249476912
Sir Visvesvaraya Institute Of Technology,41.36288672796091,1,0,69.21711312578275
Sanjivani Kbp Polytechnic,41.38981751437355,1,1,62.1726551294655
College Of Agricultural Engineering And Technology,41.39820202074733,1,0,68.93144354863307
Marwadi Education Foundation Group Of Institutions,41.41096441995718,1,2,56.95101937900256
Tripura Institute Of Technology,41.41557571805844,1,0,58.98202423339374
Sivakasi Institute Of Printing Technology,41.43320145849268,1,0,44.87961587119052
Sri Sai Institute Of Technology,41.43734174733674,1,0,44.08197855591156
Sir Issac Newton College Of Engineering And Technology,41.438540427789775,1,1,67.97019557082548
E-Max School Of Engineering And Applied Research,41.462172999940826,1,0,72.6608671920234
Srg Engineering College,41.46538582385843,1,0,47.82163947495924
Image Engineering And Technical Institute,41.46990302559723,1,0,75.42102299048163
Vignan'S Nirula Institute Of Technology And Science For Women,41.47205090995552,1,0,61.28524659030317
Nb Navale Sinhgad College Of Engineering,41.49911249038269,1,0,57.03189176952114
Vishwatmak Om Gurudev College Of Engineering,41.50274264493956,1,0,62.52998346610304
Assam Engineering Institute,41.50755396028696,1,0,47.56990580746028
Sri Sahadev Paudhriya Polytechnic College,41.50918682979908,1,0,40.19091081892971
Mk School Of Engineering And Technology,41.51478231506383,1,2,70.4377484677918
Sardar Patel Institute Of Technology,41.5226685621035,1,0,40.83919925604269
Datta Meghe College Of Engineering,41.52278019538476,1,0,60.23603112800029
Merchant Institute Of Technology,41.54862474742063,1,0,75.03218973405998
Vimal Jyothi Engineering College,41.56423162450922,1,1,44.24859341198652
Aklia College Of Engineering And Management Technology,41.57434084688144,1,0,66.52121304292028
Subhash Kool College Of Engineering,41.576030975694685,1,1,43.1107988074542
Poornima University,41.61129316611374,1,0,69.45043796445918
Modern Education Society'S College Of Engineering,41.6119822440593,1,0,75.24077828346674
Sardar Patel College Of Engineering,41.61382456126228,1,0,54.3605965148027
Avantika University,41.61806596487698,1,2,79.18295295996738
Tontadarya College Of Engineering,41.62017395340644,1,2,60.157669068379406
Dr Ad Shinde College Of Engineering,41.62041633883985,1,0,53.87296383209977
Priyadarshini Bhagwati College Of Engineering,41.62469058220484,1,0,61.04739121624689
Praveenya Institute Of Marine Engineering And Maritime Studies,41.63018243446995,1,1,48.55860670431655
Forte Institute Of Technology,41.63560170831162,1,0,60.59466148216953
Gojan School Of Business And Technology,41.63668860948045,1,1,55.35064960406413
Krishna Chaitanya Institute Of Technology And Sciences,41.64463151364687,1,0,61.132981090055445
Translam Institute Of Technology And Management,41.66563440647651,1,0,61.31898626744032
Karnataka Government Polytechnic,41.67978076946989,1,0,71.23750157994132
College Of Agricultural Engineering,41.68610618460554,1,0,48.53802646468191
Klm College Of Engineering For Women,41.7025189387774,1,0,66.738106712078
Mahendra Institute Of Engineering And Technology,41.705826893829496,1,0,67.37731559205602
Sjc Institute Of Technology,41.72306873876851,1,0,52.06960678761699
Raghu Engineering College,41.73189679061783,1,0,75.16541194629997
Graphic Era Hill University,41.73511804020634,1,0,59.6786336029554
Yalamarty College Of Polytechnic,41.74031301093374,1,0,46.64458131784791
Agm Rural College Of Engineering And Technology,41.77023434229155,1,0,50.635768530351726
Arunai College Of Engineering,41.78372227886506,1,2,47.137343246589566
Shree Santkrupa Institute Of Engineering And Technology,41.78677880116106,1,0,65.99035738916463
Maharaj Vijayaram Gajapathi Raj College Of Engineering,41.79140855618474,1,0,65.70167800646786
Holy Mary Institute Of Technology And Science Mca And Mba,41.7998129428936,1,0,71.29546222749775
Sri Sivasubramaniya Nadar College Of Engineering,41.80791308940671,1,0,75.20060928941506
Singareni Collieries Polytechnic,41.81517513574521,1,0,75.80126717002275
Tkr College Of Engineering And Technology,41.82064904343677,1,0,48.32222365940886
University College Of Engineering And Technology,41.829091663220325,1,2,47.73535614789008
Psn Institute Of Technology And Science,41.84317005997028,1,0,60.63712801730597
Iimt College Of Polytechnic,41.843584267121535,1,0,44.97299494757438
Ck Pithawala College Of Engineering And Technology,41.866967678976266,1,2,49.83919156042523
Don Bosco College Of Engineering,41.875383914174726,1,0,76.25555096487196
Sinhgad Institute Of Technology And Science,41.877952089824085,1,0,62.14623026751276
Maharaja Sayajirao University Of Baroda,41.89946195083326,1,0,79.87941915979543
Holy Mary Institute Of Technology,41.90139016477412,1,2,69.05844744264881
Baselios Thomas I Catholicose College Of Engineering And Technology,41.904416530271824,1,0,63.3335733662879
Thirumathi Elizabeth Polytechnic College,41.9058127128596,1,0,67.38502073472326
Purandar College Of Engineering And Management Research,41.91635708473549,1,1,57.73664541241277
Jt Mahajan College Of Engineering,41.95979073348087,1,1,65.07011564675118
Nagasiva Polytechnic College,41.974121633355786,1,0,78.51505063350056
Lyallpur Khalsa College Of Engineering,41.99869993213128,1,0,58.55779470836354
Sarvoday Polytechnic Institute,42.0052401772492,1,2,72.51012126077526
Cu Shah College Of Engineering And Technology,42.011445719805856,1,0,79.95877446266331
Sarojini Institute Of Technology,42.0247009077348,1,0,42.26278115050284
Unnati Management College,42.03676100165,1,0,50.58118303407579
Jntuh College Of Engineering,42.0511124415358,1,0,40.28841698421475
Rrase College Of Engineering,42.05943794099375,1,1,57.39315026620248
Al Ameen Polytechnic College,42.07167127839456,1,2,78.8419624275439
Haryana College Of Technology And Management,42.07178826572861,1,0,50.78751283666319
Department Of Jute And Fibre Technology Institute Of Jute Technology University Of Calcutta,42.08675646044851,1,0,46.82957346634764
Grow More Foundations Group Of Institutions Faculty Of Engineering,42.094513601947455,1,0,50.02530215532527
Ms Polytechnic,42.11709169553559,1,0,46.4052756702954
Vasireddy Venkatadri Institute Of Technology,42.12991751260989,1,1,74.2245858671669
Lokmanya Tilak College Of Engineering,42.13332024868777,1,0,60.7401544399658
Technique Polytechnic Institute,42.13348064448553,1,0,49.20049027970881
Institute Of Engineering And Industrial Technology,42.1343456381847,1,1,61.49127860473962
Bharati Vidyapeeth'S College Of Engineering For Women,42.13686755752797,1,0,62.38880137592984
Paavai College Of Engineering,42.14980392005701,1,0,40.20687251872726
Sri Dharmasthala Manjunatheshwara Institute Of Technology,42.15157954765873,1,1,62.45283818777777
Global Institute Of Engineering And Science,42.15683202333276,1,0,56.48197216816995
Genba Sopanroa Moze Trust'S Parvatibai Genba Moze College Of Engineering,42.19486215875356,1,0,69.8060104751967
Kk Wagh Institute Of Engineering Education And Research,42.198438173933646,1,0,50.10029088425589
Set Polytechnic,42.201288604483445,1,0,67.89957358471463
Balaji Institute Of Engineering And Management Studies,42.20954655081653,1,0,69.93615149596516
Yogananda College Of Engineering And Technology,42.212134739710535,1,0,66.28471879852563
Dr Rajesh Ramdasji Kambe Polytechnic,42.21215686826599,1,0,69.80475113180802
Krishna Institute Of Technology,42.21755997858608,1,0,65.71321828979885
Babasaheb Naik College Of Engineering,42.21930512527145,1,1,77.71393941479792
Srinivasa Ramanujan Institute Of Technology,42.25438249572152,1,0,50.277305300376334
Arrdekta Institute Of Technology,42.25540356632891,1,2,52.23198211790756
Irt Polytechnic College,42.27362023163838,1,0,43.18221090670199
Dhruva Institute Of Engineering And Technology,42.285160663494814,1,1,66.6729552267008
Dn Patel College Of Engineering,42.29254513051812,1,0,56.67679086919566
Someshwar Polytechnic College,42.31591460214082,1,0,62.04801575051262
Cape Institute Of Technology,42.32761532357399,1,0,70.72554417355953
Shekhawati Institute Of Engineering And Technology,42.33020049219849,1,0,63.88392182265756
Chirala Engineering College,42.338708897515936,1,0,56.13833602169476
Bapatla Women'S Engineering College,42.341043701531405,1,0,56.29289937920987
Gm Institute Of Technology,42.34156413702453,1,2,70.9606120379014
Abes Institute Of Technology,42.35842845229664,1,0,66.04770453947322
College Of Basic Sciences And Humanities,42.36170251860891,1,0,78.12108224777764
Nova Institute Of Technology,42.36568724186544,1,2,47.52439347877499
Rural Polytechnic,42.37714357134115,1,0,74.72878875834556
Amal Jyothi College Of Engineering,42.40432960386365,1,0,54.91991664339432
Government Cpc Polytechnic,42.420579981010974,1,1,49.508235641613446
Delhi Global Institute Of Technology,42.42472304065307,1,2,55.71347821279599
Sarvajanik College Of Engineering And Technology,42.42864292972197,1,0,51.492978893601205
Cheran College Of Engineering,42.435862248239744,1,0,66.9630644273391
Ellenki College Of Engineering And Technology,42.43903284578242,1,0,52.16989337323293
Sri Nallalaghu Nadar Polytechnic College,42.449272626204696,1,2,50.65832927692855
Jeppiaar Engineering College,42.45178513968612,1,0,74.8091074032456
Shri Krishan Polytechnic,42.4583377637931,1,0,57.99840654518952
Karaikal Polytechnic College,42.47909918811794,1,2,69.10591570290055
Chhattisgarh Engineering College,42.48101414241453,1,0,72.14393382162713
Kamath Institute Of Technology,42.486838431985966,1,1,50.45299812004042
Cusrow Wadia Institute Of Technology,42.50061899430611,1,2,70.254346184025
Great Lakes International University,42.51198036656899,1,0,66.48722663478439
Jaipur Institute Of Technology- Group Of Institutions,42.51618204836389,1,1,69.06402323674602
Gurukul Institute Of Engineering And Technology,42.52195129047942,1,0,59.14768861792962
Avs Engineering College,42.55119798425184,1,0,74.89012625098681
Rn Shetty Rural Polytechnic,42.56487093606789,1,1,64.4745508235531
Meenakshi Krishnan Polytechnic College,42.57417537673381,1,0,69.24549553569325
Guru Jambheshwar University Of Science And Technology,42.58073096785884,1,0,66.41575055956427
Green Hills Engineering College,42.59536017955225,1,0,55.14986595578294
Central Tool Room And Training Centre,42.59570493514731,1,0,49.16933102190646
Kingston Polytechnic College,42.61648625718115,1,1,63.68196422710296
Samskruti College Of Engineering And Technology,42.64241052639824,1,0,78.71744285227348
D Banumaiahs Polytechnic,42.69442839702626,1,0,44.09259791161298
Babu Mohan Lal Arya Smarak Engineering College,42.72047541464924,1,0,57.62265863385885
Rajarajeswari College Of Engineering,42.728623092315104,1,0,65.37019010450967
Amalapuram Institute Of Management Sciences And College Of Engineering,42.745862172858,1,0,77.73929561707484
Sal School Of Architecture,42.76889921878696,1,0,75.12902024222149
Bhartiya Institute Of Engineering And Technology,42.7769633961325,1,0,75.61108052499736
Park College Of Technology,42.81246827648773,1,0,72.0737338049212
Sri Siddhartha Institute Of Technology,42.82543031640417,1,0,69.90398740927475
Kamla Raheja Vidhyandhi Institute For Architecture,42.83614470598903,1,0,56.03641939456935
Jaywant College Of Engineering And Management,42.84058332648471,1,0,47.93813921172663
Srinivasan Engineering College,42.84254132309719,1,1,46.63634480262328
Vivekananda College Of Engineering And Technology,42.84954254282668,1,0,54.19490225786714
Swami Vivekanand Institute Of Polytechnic,42.853595361040526,1,0,52.77280436367042
Jawahar Education Society'S Institute Of Technology,42.85774221193981,1,1,61.85620701656536
Dayananda Sagar University,42.885188260636816,1,0,49.42739685672431
Abasaheb Shivajirao Sitaram Patil Institute Of Polytechnic,42.90018473242685,1,0,53.16530338667498
Shiv Kumar Singh Institute Of Technology And Science,42.915650524566686,1,0,77.96416659431151
Dr Mc Saxena College Of Engineering And Technology,42.91786947768536,1,2,72.4115989038856
Aurora'S Technical And Management Campus,42.92223532840586,1,0,71.55856430008254
Ks Institute Of Technology,42.9225429357142,1,0,41.17399179966281
Seth Jai Parkash Polytechnic,42.96517704329945,1,0,53.87479807118639
Radha Govind Polytechnic College,42.97990977083844,1,0,56.22648928899645
Guru Tegh Bahadur Polytechnic Institute,43.003310986620185,1,2,57.82985237662858
Aringer Anna College Of Engineering And Technology,43.018460166470405,1,0,59.48268113040984
Noorul Islam Polytechnic College,43.025609889897424,1,0,74.42082965612568
Gujarat Power Engineering And Research Institute,43.027335951439404,1,2,45.79222859921544
Shree Institute Of Science And Technology,43.03425457169477,1,2,72.04600658323233
Shree Rama Educational Society Group Of Institutions,43.04048027408144,1,0,62.29599806698821
Veerammal College Of Engineering,43.04368748541679,1,1,49.50633541656055
Nagaji Institute Of Technology And Management,43.047076570054,1,1,52.0815755774687
Psv College Of Engineering And Technology,43.04834989202554,1,0,65.2210429213219
Shri Baba Mast Nath Engineering College,43.07243615209915,1,0,76.35692355920447
Swami Nithyananda Polytechnic College,43.08103136622171,1,0,58.35680502115827
Maharaja Agrasen Polytechnic College,43.09056347107396,1,1,59.52039902628988
Shrinathji Institute For Technical Education,43.11373263448287,1,1,70.80020516133894
Malineni Lakshmaiah Engineering College,43.117654118918175,1,0,67.51430795674764
Chitkara University,43.12938902983138,1,0,62.186110105844136
Azmet Institute Of Technology,43.13594037450782,1,0,77.61491134250926
Spb Patel Engineering College,43.13873194617618,1,0,63.29528095919317
Tit College,43.14804677631332,1,1,78.01619217435808
Nalla Malla Reddy Engineering College,43.14886623693801,1,0,53.73875052676369
Al-Khateeb Government Aided Polytechnic,43.16170034597266,1,0,75.45050853676526
Nanhi Pari Seemant Engineering Institute,43.17249739512605,1,1,63.86155769429713
Dhanekula Institute Of Engineering And Technology,43.17724583151437,1,0,66.50383041546026
Vidya Academy Of Science And Technology,43.18604576314516,1,0,43.082185795485614
Ncr Polytechnic,43.19153208515154,1,1,42.57745825223893
Ba Ramaiah Polytechnic,43.19160544889342,1,0,66.77632429624799
Sanskrithi School Of Engineering,43.23680928150796,1,0,61.97448839880437
Pillai Polytechnic,43.24812092257194,1,0,41.166497546769335
Angel College Of Engineering And Technology,43.26923896174258,1,1,54.9435601798531
Mahindra Ecole Centrale,43.30501690732976,1,0,51.66086305063953
Sal Engineering And Technical Institute,43.307514800052346,1,1,77.49718347324898
Adhunik College Of Engineering,43.3204626062894,1,2,75.51645680406446
Bhubaneshwar Institute Of Industrial Technology,43.32395302435325,1,1,57.35310929362838
Government Ramchandra Khaitan Polytechnic College,43.32921863260532,1,0,46.03305280158398
Paladugu Nagaiah Chowdary And Vijai Institute Of Engineering And Technology,43.33040973364274,1,0,74.41962402768567
Shree Niranjana Swamy Polytechnic,43.33245034276772,1,0,70.00273172622646
Sant Baba Bhag Singh University,43.33890524195149,1,0,40.178871354002126
Ssms College Of Architecture,43.35762152948635,1,0,40.743271447803
Smt Bhagwati Chaturvedi College Of Engineering,43.3676277881096,1,1,40.66924989685974
Pes College Of Engineering,43.3687860362667,1,0,75.8521375837172
Centre For Computers And Communication Technology,43.374723350357385,1,0,61.10309890023901
Dr Bhimrao Ambedkar Engineering College Of Information Technology,43.38479976050922,1,0,79.94667174093533
Vijaya Krishna Institute Of Technology And Sciences,43.39739491335433,1,0,64.76056665775982
Bansal Institute Of Science And Technology,43.39887343312499,1,0,57.24403851282939
Nanjappa Polytechnic College,43.42347748319476,1,2,53.74974860039167
Einstein Academy Of Technology And Management,43.42538421775812,1,0,58.31687191448941
Simhadhri Educational Society Group Of Institutions,43.43250277601887,1,1,78.02535533123577
Jims Engineering Management Technical Campus,43.44685830703128,1,0,56.10615993779477
Ludhiana Group Of Colleges,43.45104057852309,1,0,57.17617246366022
Vinuthna Institute Of Technology And Science,43.45123432239434,1,1,49.56961523253506
Akt Memorial Polytechnic College,43.46561504256808,1,1,51.69797279854957
Swami Devi Dyal Institute Of Engineering,43.49893258055271,1,0,52.3228881317001
Nri Institute Of Research And Technology,43.501693510196816,1,0,49.354755782870896
Gangadhar Polytechnic,43.51033366157497,1,1,46.564238652100215
Thejus Engineering College,43.51451683898802,1,0,53.61437310327398
Ltr Institute Of Technology,43.514895873391154,1,0,57.10858270195216
Smt B Seetha Polytechnic,43.52362269759447,1,0,41.49834292966096
Babu Banarasi Das Northern India Institute Of Technology,43.53586271532627,1,0,65.96900868150651
Institute Of Engineering And Emerging Technology,43.54178080298704,1,0,59.39941300566502
Bishop Jerome School Of Architecture And Design,43.55540670153471,1,0,74.19215701444733
Ks Rangasamy College Of Technology,43.56394299299489,1,0,50.799943331330944
Sri Venkateswara Institute Of Technology,43.56627038802643,1,0,76.30530202063855
Siddhivinayak Technical Campus,43.56763127348592,1,2,71.56716388359567
Baba Banda Singh Bahadur Global Polytechnic College,43.575612693758615,1,0,77.34995946774933
Kpr Institute Of Engineering And Technology,43.59759584205471,1,0,45.61463764140146
Dr Dy Patil Vidyapeeth,43.60667850258711,1,0,59.65750157147518
Motichand Lengade Bharatesh Polytechnic,43.62012692843367,1,2,62.31237209442175
Pillais Hoc College Of Engineering And Technology,43.63692879438756,1,0,70.92788522373017
Aurora'S Seethaiah Engineering College,43.636936036882325,1,0,76.93865292639182
Sri Vidya Vinayaka Institute Of Technology,43.64527121516229,1,0,69.2144580040194
Rama University,43.68933499153181,1,0,44.76463445164997
Sanjay Bhokare Group Of Institutes,43.69055159068327,1,0,74.43581565150683
Akido College Of Engineering,43.70599485837054,1,0,73.11255909360759
Vemana Institute Of Technology,43.71279557192104,1,1,40.931497866263584
Techno Global University,43.72098839355248,1,0,59.63604962052218
Rayat-Bahra Royal Institute Of Management And Technology,43.73122629548304,1,0,64.45154468206825
Avc College Of Engineering,43.745550554588576,1,0,44.10417636747311
Vmr Polytechnic,43.78189760628105,1,1,52.895569428403775
Giani Zail Singh Campus College Of Engineering And Technology,43.78225907613207,1,0,71.39446990616918
Ghubaya College Of Engineering And Technology,43.7845936085524,1,0,52.59014912749298
Dr Radhakrishnan Polytechnic College,43.78697257009656,1,0,43.88615591053448
Ambal Professional Group Of Institutions,43.79640281720896,1,0,45.370827610529
Ajay Kumar Garg Engineering College,43.81465590710693,1,1,62.02520851648991
Vj Shinde College Of Engineering,43.81580198039112,1,0,70.892393358246
Naraina Vidya Peeth Engineering And Management Institute,43.82693763531875,1,0,46.78337764328132
Jawaharlal Nehru University,43.85237912151925,1,2,72.15658895315659
Cms College Of Engineering And Technology,43.85945409471293,1,0,53.12861018319953
Aryabhatta Knowledge University,43.86196913719411,1,0,78.9859091689348
Col Ds Raju Polytechnic,43.873566347914746,1,0,49.79178317073081
Sagar Institute Of Research Technology And Science,43.88526040921175,1,0,68.41573777501931
Radha Govind Institute Of Technology And Management,43.887149496979255,1,0,48.22369245291902
Shri Ramswaroop Memorial University,43.89148602974708,1,0,54.678390040348496
Baselios Mathews Ii College Of Engineering,43.90719241076426,1,1,55.515939542700174
Geetanjali Institute Of Technical Studies,43.92498317360394,1,1,66.41080999434296
Dayananda Sagar Institute Of Technology,43.92807219338704,1,0,65.67066986149808
Jamia Hamdard,43.93543988698512,1,0,44.54168489193668
Bh Gardi College Of Engineering And Technology,43.94093272676346,1,0,52.256544101260126
Pa Polytechnic College,43.952817194996925,1,0,62.21233423461405
Rajdhani Institute Of Technology And Management,43.95621442149978,1,0,78.28134793545466
Dev Bhoomi Institute Of Technology And Engineering,43.99608505686479,1,1,49.62920394952522
Government Polytechnic For Girls,44.0016351370339,1,2,42.78624511964558
Rewa Institute Of Technology,44.00630849473944,1,0,59.893969958592834
Black Diamond College Of Engineering And Technology,44.011462121808464,1,2,46.945255917623136
Disha Institute Of Management And Technology,44.01504503113644,1,1,69.23996199030795
Shri Kj Polytechnic,44.01902488537133,1,1,50.8870640843104
Arun Muchhala Engineering College,44.02430122126635,1,0,47.01448279308672
Ganga Institute Of Architecture And Town Planning,44.03046841712541,1,0,45.150329862230464
Panchwati Institute Of Engineering And Technology,44.04471527414516,1,0,53.77826235331163
Sunrise Group Of Institutions,44.054474051482096,1,0,40.39685220841164
Siliguri Government Polytechnic,44.07298427615096,1,2,41.32511214985933
Gandhi Institute For Technological Advancement,44.078551766516085,1,0,52.15078879813864
Shree Nm Gopani Polytechnic Institute,44.09365635266658,1,0,59.40646019120576
Sunrise University,44.10344535898059,1,0,73.63550557287196
Smt Maherbanu College Of Science And Commerce,44.10510054653568,1,0,44.372254895922026
Fit Engineering College,44.12503200126559,1,1,60.0411602646072
Kl Nagaswamy Memorial Polytechnic College,44.133776704686014,1,1,48.18427211034165
Sai Institute Of Engineering And Technology,44.13648825878436,1,0,60.45812610773785
Heritage Institute Of Technology,44.14572892910807,1,0,54.47554226970972
Kc Polytechnic,44.15323028539415,1,2,66.54029073746027
Sb Patil College Of Engineering,44.16546194079508,1,0,46.17938998078345
Aryabhatta College Of Engineering And Technology,44.16718847708794,1,0,68.02595584294349
Cvr College Of Engineering,44.1732482279352,1,1,63.64320769588902
Jagan'S College Of Engineering And Technology,44.17457903854682,1,1,53.18633262498426
Sri Krishnadevaraya Engineering College,44.19494839636707,1,1,68.50485249691924
Kamla Nehru Mahavidyalaya,44.20319273913544,1,0,41.160639993795705
Jecrc University,44.22138217242259,1,1,73.68650498966926
Sri Krishna Engineering College,44.22591806245975,1,0,45.478148438899815
Ss College Of Engineering,44.23062440479713,1,0,79.61510961806894
Delhi Institute Of Technology And Management,44.24811021076356,1,0,71.40197935185415
Met Engineering College,44.25066410007327,1,0,79.16569603414675
Hooghly Institute Of Technology,44.26721327322719,1,0,42.5093023012484
Maulana Azad College Of Engineering And Technology,44.30988698153735,1,1,59.58511257109828
International Maritime Institute,44.30995199558857,1,1,48.26923540610181
Mysuru Royal Institute Of Technology,44.32401301726034,1,2,65.43833949920986
Priyadarshini Polytechnic College,44.32415814062995,1,0,65.57379617132699
Aanm And Vvrsr Polytechnic,44.32462397568793,1,0,44.71610921811265
Gokul Group Of Institutions,44.33828393938296,1,0,41.7430332392848
Nims University,44.3386948320477,1,0,56.477498334782624
Siddhartha Educational Academy Group Of Institutions,44.33996795931353,1,1,60.15865433316989
Utkalmani Gopabandhu Institute Of Engineering,44.34309067132563,1,0,44.71496442499791
Bishamber Sahai Diploma Engineering College,44.367968088418,1,0,59.365263389643616
St Mary'S Technical Campus,44.38350331242307,1,0,59.97995876645724
Prof Ram Meghe College Of Engineering And Management,44.38915430616194,1,1,53.42860786585717
Mvr College Of Engineering And Technology,44.39598786753564,1,0,59.72837514624189
Kct Engineering College,44.40499214610868,1,0,77.64961298579607
Indic Institute Of Design And Research,44.41505453136979,1,0,60.9571602145254
Ks Polytechnic,44.41632905108955,1,2,63.097753368907945
Annai Veilankanni S College Of Engineering,44.42009933275951,1,1,65.78044899430616
Rajiv Gandhi Recs Polytechnic,44.42432823755588,1,0,60.42914204140726
Hyderabad Institute Of Technology And Management,44.43118194321674,1,0,55.13247119565705
Synergy Institute Of Engineering And Technology,44.43198128895244,1,2,75.66310850468155
Audisankara College Of Engineering For Women,44.44013639168832,1,1,70.38652431227632
Chettinad College Of Engineering And Technology,44.44049058558746,1,2,50.81631910351412
Baba Banda Singh Bahadur Engineering College,44.44356772788318,1,0,43.57721663495193
Lovely Professional University,44.447862490222334,1,0,57.91508453748831
Sri Indu College Of Engineering And Technology,44.45468004800597,1,0,67.02525657063326
St John'S Polytechnic,44.45768812735752,1,0,60.01347400449506
Rh Sapat College Of Engineering,44.45952042273856,1,1,61.4776670841508
Radhakrishna Institute Of Technology And Engineering,44.47052961363224,1,0,78.33808288430815
Kmg Polytechnic College,44.476168310829365,1,0,66.6139206358828
Psna College Of Engineering And Technology,44.47638876519106,1,0,49.52593274797088
Rishiraj Institute Of Technology,44.48397456523804,1,1,70.38335130696817
Excel College Of Engineering And Technology,44.48566363800215,1,0,50.07407553726127
Indraprastha Institute Of Management And Technology,44.49688483613394,1,1,56.546250085002
Malwa Institute Of Technology,44.49993735307364,1,0,61.64483097217769
Sir Issac Newton Polytechnic College,44.50201227804956,1,0,78.47355376089408
National Centre For Aquatic Animal Health,44.50405352684449,1,1,57.61770187218912
Ims Engineering College,44.50650548811683,1,2,41.95528536913698
Global College Of Technology,44.51175209399922,1,0,48.997585872708456
Bansal Institute Of Engineering And Technology,44.519943833521324,1,0,76.88187147290813
Sri Varalakshmi Polytechnic,44.523396127729725,1,0,40.45543480688853
Ramgovind Polytechnic Institute,44.53337500705437,1,0,60.90083965752184
Jct College Of Engineering And Technology,44.53446909983223,1,1,48.88284351816538
Karavali Institute Of Technology,44.539366488816135,1,1,45.12628246587993
Sai Spurthi Institute Of Technology,44.540274429904905,1,0,49.81362173968702
St Aloysius Institute Of Technology,44.55206875434598,1,0,66.10853248839024
Udaya School Of Engineering,44.55384406059422,1,0,59.494804188356426
Matsyodari Shikshan Sanstha'S College Of Engineering And Technology,44.58996483060714,1,0,58.280887850837104
North West Institute Of Engineering And Technology,44.59304196986415,1,1,57.95908423390716
Pvkk Institute Of Technology,44.61503423969988,1,0,51.75038175186252
Kothiwal Institute Of Technology And Professional Studies,44.622764093320505,1,0,46.08707854953205
Knowledge Institute Of Technology,44.63904877172162,1,2,68.71638439269162
Abhinav Hi-Tech College Of Engineering,44.64042067058,1,2,68.35568120896906
Bharat Institute Of Technology,44.64452102548926,1,2,70.49306845518574
Mit School Of Engineering,44.64999996857421,1,1,52.76727180464199
Trinity Institute Of Technology And Research,44.66081987760775,1,0,51.99459661419044
Sri Ragavendra Polytechnic College,44.68274011682771,1,0,77.97081842525023
Bharathidasan University,44.68564310746915,1,0,44.35653022384733
Rp Sharma Institute Of Technology,44.68847355836725,1,1,76.31463257610827
Indur Institute Of Engineering And Technology,44.70425326077528,1,1,73.63506137441635
Kvt Polytechnic,44.70938085502829,1,1,58.49695172802846
Assam Textile Institute,44.75014634775505,1,1,42.510829747293705
Velammal Institute Of Technology,44.7606016973044,1,2,45.24553017361959
Islamiah Institute Of Technology,44.7741989966493,1,0,64.51500092216017
Bharati Vidyapeeth Institute Of Technology Polytechnic,44.781432200382696,1,0,78.65918605385514
Eit Polytechnic College,44.78156026770011,1,0,72.53440079360396
Thiruvalluvar College Of Engineering And Technology,44.81760700393461,1,0,44.81821412235046
Subas Institute Of Technology,44.82129788278648,1,0,64.79042527738895
Azad Polytechnic College,44.84151971801274,1,0,51.1032418024793
Immanuel Araser Jj College Of Engineering,44.86259505800335,1,0,53.35290419333516
Renganayagi Varatharaj College Of Engineering,44.86512815723605,1,1,78.00211229567356
Lala Lajpat Rai Institute Of Engineering And Technology,44.87499066636831,1,0,76.40794974368161
Kakatiya Institute Of Technology And Science,44.91560990289715,1,0,58.27996184091006
Anand College Of Architecture,44.91969482925205,1,0,41.01371779386585
Andhra Polytechnic College,44.92538281158159,1,0,75.08671365994019
Bakhshi Polytechnic,44.93601037341704,1,0,58.87431839996022
Mahatma Gandhi Mission College Of Engineering And Technology,44.944258766273656,1,0,58.80266208406107
Dr Subhash Technical Campus,44.97102654040641,1,1,59.817851809200064
Vivekananda Institute Of Technology,44.975196894350354,1,0,70.79021851308504
Alwar Institute Of Engineering And Technology,44.99454427641135,1,0,72.85015056640574
Aarsh Mahavidyalaya,44.998557636112295,1,2,52.934630457155386
Sanketika Vidya Parishad Engineering College,45.00756068533404,1,0,60.96943035414358
Mam School Of Engineering,45.02092146644598,1,2,61.70042712223394
Kakatiya University,45.08704378850904,1,0,67.22553537279697
Kempegowda Memorial Polytechnic,45.08833221551255,1,0,51.5820166573623
Parthivi College Of Engineering And Management,45.10545515377968,1,0,76.27409366530546
Cochin University Of Science And Technology,45.108248336047,1,0,74.99441024036668
Kumaran Institute Of Technology,45.11672147889068,1,0,63.466634954811255
Sant Gajanan Maharaj College Of Engineering,45.12062618749195,1,0,44.85075358552402
Manakula Vinayagar Institute Of Technology,45.12334469744787,1,1,57.48744317033618
Ranchi University,45.12512302502859,1,1,50.30715371607265
Abhay Memorial Trust Group Of Institutions,45.12638935750474,1,0,78.80100415194885
College Of Engineering Science And Technology,45.13246364210363,1,0,58.05743490976198
Karmaveer Bhaurao Patil College Of Engineering,45.137028702327214,1,2,60.89573460945613
Kcc Institute Of Technology And Management,45.14136687972776,1,0,75.0128300530602
State University Of Performing And Visual Arts,45.15546367745938,1,0,75.79662715992828
Mg Polytechnic,45.1592341240758,1,0,51.48750975528641
Fabtech Technical Campus,45.16402839689512,1,1,68.35611673010385
Rkdf College Of Technology,45.166576916586166,1,0,58.27110841110033
Mahaveer Institute Of Engineering And Technology,45.167278394993886,1,0,43.03163358317762
Pathankot Polytechnic College,45.16883866111354,1,0,76.21067308324653
Suyash Institute Of Information Technology,45.184847137859,1,0,46.09065729905375
Baldwin Polytechnic,45.20657164296257,1,0,66.86806517102501
Chendu College Of Engineering And Technology,45.22207788716455,1,0,65.51218241594327
Rk Polytechnic College,45.233280833044326,1,0,66.3325060855251
Bhutta College Of Engineering And Technology,45.24607050033822,1,0,72.6932639465064
Scm Institute Of Engineering And Technology,45.25648654286029,1,0,48.42376319621516
Indira Institute Of Technology And Sciences,45.257716108020816,1,0,59.01232908333611
Sp Memorial Institute Technology,45.25852049660886,1,0,78.62577138804181
Dr Mahalingam College Of Engineering And Technology,45.26535893849146,1,0,55.62021555620223
St Wilfred'S Institute Of Technology,45.30396278087984,1,1,56.94569385314367
Mjr College Of Engineering And Technology,45.30480416666119,1,0,42.65001794049429
Arni University,45.3157089732731,1,0,64.52449478527998
Kamaraj College Of Engineering And Technology,45.3180572485982,1,0,57.22143818577953
Dkte Society'S Textile And Engineering Institute,45.32426263960594,1,2,61.3271319042131
Hke Society'S Sln College Of Engineering,45.32705768217754,1,0,61.40925924763716
Sahyadri Polytechnic,45.327621405728,1,0,66.88718846129908
Mm Engineering College,45.34323532438026,1,0,72.05030455654148
Hsm Polytechnic,45.3440249045727,1,0,47.91026430756461
Kashi Nath Institute Of Technology,45.35260475721083,1,1,65.71564890892722
Sacs Mavmm Engineering College,45.353787766675865,1,2,74.50269044408228
Shivajirao S Jondhle Polytechnic,45.377181534648905,1,2,51.19753122192453
Ksr Institute For Engineering And Technology,45.3970899938174,1,0,79.92618453990713
Dr Panjabrao Deshmukh Polytechnic,45.402740575910656,1,1,76.67298964127336
Shivani College Of Engineering And Technology,45.4092046180655,1,2,53.667611610595536
Aligarh College Of Engineering And Technology,45.4104486398929,1,0,44.81385788199821
Abu Road Polytechnic College,45.42066152963012,1,2,46.531319981178704
Baddi University Of Emerging Sciences And Technology,45.42112763271607,1,0,69.2442615909713
Lbs Institute Of Technology For Women,45.42865412219695,1,0,68.84078131224274
Sipna College Of Engineering And Technology,45.43496764065855,1,0,68.99550631840064
Ashoka Institute Of Technology And Management,45.43888066957226,1,0,73.74958605459443
Infant Jesus College Of Engineering,45.45258086942432,1,0,68.69047427980352
Saraswati Institute Of Engineering And Technology,45.47896554013843,1,0,53.12140405805755
Puranmal Lahoti Government Polytechnic,45.4869605823504,1,2,51.70134210269703
Rao Jai Ram Polytechnic,45.50886107281315,1,0,50.19879374321377
Muthoot Institute Of Technology And Science,45.51171555403436,1,2,49.88708040602421
Sandip University,45.542480368210846,1,0,50.42060967518158
Abdulkalam Institute Of Technological Sciences,45.546638182785,1,1,68.35639131447061
Adusumilli Vijaya Institute Of Technology And Research Centre,45.54708619715035,1,0,67.55332931199989
Maharshi Karve Stree Shikshan Samstha Cummins College Of Engineering For Women,45.54912797082141,1,0,50.44740121661218
Mumtaz College Of Engineering And Technology,45.55075788245362,1,0,66.98797220697264
Rajendra Mane College Of Engineering And Technology,45.55537957308848,1,1,62.84265940216852
Ssb Regional Institute Of Science And Technology,45.56656034007781,1,0,40.12050809155747
Chundi Ranganayakulu Polytechnic,45.58804780787604,1,0,68.59645866301929
Durgapur Institute Of Advanced Technology And Management,45.58864630610508,1,0,43.36653432798257
Shri Shivaji Polytechnic Institute,45.5964474048236,1,0,69.07483511148378
Delhi Technical Campus,45.60028929968523,1,1,57.04544169597711
Anil Neerukonda Institute Of Technology And Sciences,45.62906761370151,1,0,64.9520522913895
Adarsh Polytechnic,45.6538412624753,1,0,56.4034615717172
Global Institute Of Engineering And Technology,45.659165590651725,1,0,76.57053338172067
Siwan Engineering And Technical Institute,45.6833440315378,1,0,71.78868597755681
Gandhiji Institute Of Science And Technology,45.687836472583726,1,1,44.9969214661846
Scad College Of Engineering And Technology,45.68946052123888,1,0,77.15846647236349
Girivaasan Polytechnic College,45.69286986984116,1,0,69.60330312655688
Trinity College Of Engineering And Technology,45.69933727180428,1,0,79.63301749982553
Delhi Institute Of Engineering And Technology,45.70539486789132,1,0,47.44259854446347
Coastal Institute Of Technology And Management,45.7212199553739,1,2,56.907113292065134
Vivekananda Polytechnic,45.72387455222143,1,0,61.75719789852496
Nagaland Tool Room And Training Centre,45.72920185093562,1,0,43.34618153751749
Balaji Institute Of Technology,45.74914205185582,1,1,43.25995352713305
Ekalavya Shikshan Sanstha'S Polytechnic,45.75515593221355,1,0,52.17145443487652
Rajeev Gandhi Proudyogiki Mahavidyalaya,45.755433943946656,1,2,45.84640920746588
Acropolis Institute Of Technology And Research,45.75665568332393,1,0,72.75143070332311
Bhuma Shobha Nagireddy Memorial College Of Engineering And Technology,45.75976342380905,1,0,63.54920101849156
Shikshan Maharshi Dadasaheb Rawal Government Polytechnic,45.76075151231194,1,0,47.97808713961193
Everest Polytechnic College,45.7707380164281,1,0,51.39423689010579
Phaltan Education Society'S College Of Engineering,45.77431999824506,1,0,63.04479993071261
Gomatesh Polytechnic,45.774426586812126,1,0,70.12398653559517
Sj College Of Engineering And Technology,45.7867463001806,1,0,65.1927814984521
Gandhi Engineering College,45.78846132497325,1,0,41.88189414708314
Dr Jivraj Mehta Institute Of Technology,45.79214618546087,1,0,47.292154805592766
Dit University,45.7987721942855,1,0,60.716782129092834
Dy Patil Polytechnic,45.79943770763804,1,1,54.922665880237815
Government Polytechnic,45.80770875257189,1,1,52.021507658214205
Ranippettai Engineering College,45.81406248662124,1,0,56.57389270224709
Er Perumal Manimekalai College Of Engineering,45.82151397794984,1,0,47.66295095608725
Star Lion College Of Engineering And Technology,45.82371247836745,1,1,70.57867774762005
Kgisl Institute Of Technology,45.8314382052091,1,1,59.69983015277023
K J Faculty Of Engineering And Technology,45.833470286374535,1,0,65.0570473120576
Muthayammal Polytechnic College,45.85783050710607,1,0,68.26477716609668
Sha-Shib College Of Technology,45.88950450029838,1,0,77.4226592745681
Narayana Engineering College,45.902746661455545,1,0,55.67706220202232
St Peter'S Engineering College,45.90731193940087,1,2,42.38893351938658
Sri Manakula Vinayagar Engineering College,45.90855810059071,1,0,64.78546357338125
Ke Society'S Rajarambapu Institute Of Technology For Polytechnic,45.91840222461748,1,1,76.88016391260226
Maulana Azad National Urdu University,45.91844342850349,1,2,57.131631521732544
University Of Burdwan,45.935868493579896,1,0,77.0416150313985
Digamber Jain Polytechnic,45.95629848957536,1,2,43.47943026672789
Veer Surendra Sai University Of Technology,45.96618220579102,1,2,72.87602538374108
Global Research Institute Of Management And Technology,45.96708214949732,1,0,58.564318284424175
Iec College Of Engineering And Technology,45.97017690119891,1,0,72.23150779310069
Nri College Of Engineering And Management,45.98937328988271,1,0,46.714545507807706
Abacus Institute Of Engineering And Management,45.99074434826795,1,1,76.88482010348159
Sreenivasa Institute Of Technology And Management Studies,46.000143344071375,1,1,70.83918875943685
Jagruti Institute Of Engineering And Technology,46.00384510307811,1,1,67.13486235656046
St Mary'S Group Of Institutions College Of Engineering And Technology,46.00789884824785,1,0,41.960348689078735
Bps Mahila Polytechnic,46.03494875864327,1,0,55.0378060241656
Guru Gobind Singh College Of Engineering And Research Centre,46.05533144252461,1,0,71.90629772283052
Manda Institute Of Technology,46.06235880955927,1,2,70.28121282552725
Srinivasa Subbaraya Polytechnic College,46.06324850094292,1,1,77.90201440719308
Jaihind College Of Engineering,46.06565666233429,1,0,74.50154797813673
Sri Satya Sai University Of Technology And Medical Sciences,46.06677346070881,1,0,73.36692756779479
Trident Group Of Institutions,46.068462304954686,1,0,66.29404934971612
Anand International College Of Engineering,46.0839777170843,1,0,60.029364170716406
Ganga Institute Of Technology And Management,46.087502540628506,1,0,66.98888959308796
Aurum Institute Of Technology,46.09072320890313,1,0,58.18151393636653
Driems Polytechnic,46.09258981324071,1,0,79.10086891165628
Mother Terasa College Of Engineering And Technology,46.116347425602726,1,0,56.848614267231056
Shah And Anchor Kutchhi Engineering College,46.12479235836253,1,2,78.09162460848674
Indus Institute Of Technology And Engineering,46.145946365609966,1,0,63.473708424311326
Purulia Polytechnic,46.16440020670959,1,2,63.30701673744609
Mangalayatan University,46.17027663914944,1,0,42.12297081389404
Swami Vivekananda School Of Diploma,46.172876199096656,1,0,57.12718461542766
Ashoka Polytechnic,46.18976168743637,1,0,67.61677569765925
Hke Society'S Women'S Polytechnic,46.190878640419655,1,0,49.93861806220245
Sri Vidhyanikethan Polytechnic,46.1914900392417,1,1,69.51158504615708
Itm Polytechnic,46.19312030068284,1,2,75.58205811410173
Sapthagiri College Of Engineering,46.21957104039807,1,2,55.4385491273186
Hanswahini Institute Of Science And Technology,46.22964500113386,1,0,63.810622788320174
Vins Christian Womens College Of Engineering,46.23505775145762,1,1,72.83305042428286
Sd Polytechnic College,46.24415824052269,1,0,64.69401209021733
Asian Institute Of Technology,46.24531943532331,1,1,43.198116755315546
Guru Nanak Institute Of Technology,46.24754121812582,1,0,49.6756958423133
Doon Valley College Of Engineering,46.27297494635521,1,1,76.03374025361981
Metis Institute Of Polytechnic,46.30037185295996,1,2,59.93921762223376
Tvr Polytechnic College,46.30754325765406,1,2,79.37178877995791
Indotech College Of Engineering,46.31076445431432,1,0,45.334879544822215
Dr It College Of Polytechnic,46.313438610628246,1,0,79.28996152383573
Kite School Of Engineering And Technology,46.34191260169328,1,0,77.0529626195935
Sanjaybhai Rajguru College Of Engineering,46.34784009875918,1,1,70.16306416761626
Swami Ramananda Tirtha Institute Of Science And Technology,46.352457643793485,1,0,59.585990463657495
Madha Engineering College,46.36429283832846,1,1,45.46834894251708
Bahra University,46.37596263941576,1,0,61.52673723219899
Pattukkottai Polytechnic College,46.38764791388352,1,2,42.55521600041597
Avanthi'S Scientific Technological And Research Academy,46.39648768447883,1,0,72.12908418731496
Sathyabama Institute Of Science And Technology,46.397691836880654,1,2,79.9974631092345
Pdea'S College Of Engineering,46.40959256999667,1,0,57.23025352864232
Kkc College Of Engineering And Technology,46.41531523131967,1,0,49.5637153782357
Arulmigu Meenakshi Amman College Of Engineering,46.42292680004917,1,0,58.862281424545735
Siddartha Institute Of Science And Technology,46.43922344519366,1,0,52.09380940034504
St Mother Theresa Engineering College,46.43950151236058,1,0,79.96665715073718
Sri Sai Educational Society'S Group Of Institutions,46.44693613640742,1,0,59.80595629760622
Malwa Institute Of Science And Technology,46.46962845453511,1,0,54.07660913377002
Aryavart Institute Of Technology And Management,46.48890205974728,1,1,65.23865971365363
Lourdes Matha College Of Science And Technology,46.49126212657578,1,0,54.75553621680966
Dr Mgr Educational And Research Institute,46.49456195483821,1,0,45.94076603477711
Bhubaneswar College Of Engineering,46.49697776148607,1,0,59.222325326237616
Up Textile Technology Institute,46.50698151755414,1,0,77.14442413631615
Chennai Institute Of Technology,46.527466361358805,1,0,41.47324896573984
Ibt College Of Diploma Engineering,46.531997001306806,1,1,69.4906981708501
Dadasaheb Mokashi Polytechnic,46.53289042706835,1,1,55.248525192405936
Sree Sowdambika College Of Engineering,46.538848066606654,1,2,78.30423893240548
Rajasthan Vidyapeeth Technology College,46.56229481496714,1,2,43.84605760977517
Marathwada Institute Of Technology,46.56733516026038,1,0,55.075064167865136
Vrs College Of Engineering And Technology,46.58094813193132,1,0,44.58797044641826
Cm Annamalai Polytechnic College,46.58520084736537,1,0,46.01628533067104
Pns Institute Of Technology,46.59014496833535,1,0,67.83145530130267
Shreeyash Polytechnic,46.60045921512968,1,1,60.399598263657225
Babu Sunder Singh Institute Of Technology And Management,46.62576729471544,1,0,49.18057260537352
Institute Of Technology And Management,46.6275573079736,1,0,47.966044468544624
Gates Institute Of Technology,46.62947816720973,1,0,65.79844164021576
Atal Bihari Vajpayee Indian Institute Of Information Technology And Management Gwalior,46.63678785264743,1,0,78.70641797715207
Mohammad Ali Jauhar University,46.64075210024449,1,0,70.34184912556506
Bilaspur College Of Polytechnic,46.64693536889568,1,0,48.365735300895466
Jiaganj College Of Engineering And Technology,46.64955410194574,1,0,57.80290416631881
Ndmvp Samajs College Of Architecture,46.66309024409247,1,0,52.267636565251365
Dr Apj Abdul Kalam Technical University,46.66344797076173,1,1,50.90585634524644
Morning Star Polytechnic College,46.6841875752824,1,1,41.95272760447477
Rambhau Lingade Polytechnic College,46.688609202828886,1,0,72.62120535443543
Rn College Of Engineering And Technology,46.69295384512696,1,0,51.00749947543552
Dhole Patil College Of Engineering,46.69323781465667,1,0,75.00417009493452
Late Shri Bapuraoji Deshmukh College Of Architechure,46.711029881353205,1,1,45.2861767936637
Cauvery Institute Of Technology,46.72349738973348,1,0,43.237351158574974
Latha Mathavan Polytechnic College,46.73803293305166,1,0,49.02168938544631
Lucknow Model Institute Of Technology And Management,46.73870631382873,1,0,76.32862104933344
University Institute Of Chemical Technology,46.74120620593638,1,1,74.32901400652223
Bhoj Reddy Engineering College For Women,46.74356311394805,1,0,75.81306834027458
Om Institute Of Technology And Management,46.74515675693058,1,2,50.39125062764313
Sns College Of Engineering,46.74613116978199,1,0,42.97565887045653
Radharaman Institute Of Technology And Science,46.76245253030388,1,0,59.210884239819855
Nigam Institute Of Engineering And Technology,46.76374775336923,1,1,56.00269601389443
Dr Nallini Institute Of Engineering And Technology,46.76445746792551,1,0,66.50543258975796
Shri Chhatrapati Shivaji College Of Engineering,46.76742624305888,1,0,60.30889634876876
Kj Somaiya College Of Engineering,46.78439776911331,1,1,70.97083092718412
Mahalakshmi Engineering College,46.78582073609832,1,0,68.55922270731142
Bapuji Institute Of Engineering And Technology,46.79208256770679,1,1,72.70196795226126
Bk Polytechnic,46.7939750470902,1,0,67.01804327362473
Manav Institute Of Technology And Management,46.8110466515583,1,0,63.47401309095687
Srs College Of Engineering And Technology,46.82842522401285,1,0,75.2903206394059
Bheema Institute Of Technology And Science,46.84032265844752,1,0,66.56754454815169
Nishitha College Of Engineering And Technology,46.84308055591276,1,0,47.45509079070722
Valia Polytechnic College,46.84731910996531,1,2,43.861618996957255
Bangalore Technological Institute,46.851087716710005,1,0,71.30533734583466
Ganapathy Engineering College,46.85562165805095,1,0,51.11376169387254
Sree Rama Government Polytechnic College,46.85875305663931,1,1,75.456443220556
Venus Institute Of Design And Architecture,46.86828600986195,1,1,42.68446166888342
Kongu Engineering College,46.86878582274101,1,0,46.454527607892366
Jkk Munirajah College Of Technology,46.87194003430032,1,0,73.18215322822425
Barapada School Of Engineering And Technology,46.88265829652288,1,0,57.84081734592293
Shri Sant Gajanan Maharaj College Of Engineering,46.90212053440754,1,0,41.81954823176664
Exalt College Of Engineering And Technology,46.905660579583056,1,0,79.46166362532452
Ch Devi Lal State Institute Of Engineering And Technology,46.90948900260407,1,0,69.08136113261037
Ace College Of Engineering And Management,46.931979387574046,1,1,72.96958465010994
Saraswati Institute Of Technology,46.93474409932951,1,2,47.15094437138027
Prathyusha Engineering College,46.93582227058656,1,1,77.62383702272382
Indian Institute Of Space Science And Technology,46.94476421801184,1,0,62.22314496847386
Kirodimal Government Polytechnic,46.94803782462606,1,0,54.170935952622855
Erode Institute Of Chemical Technology Polytechnic College,46.95366929137395,1,1,53.04529934188182
Brown Hills College Of Engineering And Technology,46.9617626911302,1,0,58.76332212275979
Jei Mathaajee College Of Engineering,46.98265613478755,1,0,62.52258486320795
Nv Society'S Polytechnic,47.00068014448691,1,0,71.44727979829655
Kj Institute Of Engineering And Technology,47.00542589168005,1,0,69.19459002004137
Safa College Of Engineering And Technology,47.00543857591291,1,2,55.39114973878425
Sri Ranganathar Institute Of Engineering And Technology,47.00595060957366,1,0,50.95103422675676
Universal College Of Engineering And Technology,47.02185953341857,1,0,54.37477023276799
Keshav Memorial Institute Of Technology,47.03535875513464,1,1,54.2810750139351
Buddha Institute Of Architecture And Town Planning,47.05312765264533,1,0,51.93235888855105
Guru Nanak Dev Polytechnic College,47.05498862062908,1,0,41.55450925666281
Dayananda Sagar Academy Of Technology And Management,47.05740835870998,1,0,45.96237787857254
Sita Rajaram Polytechnic College,47.058745053876926,1,0,70.8154433227077
University Of Calcutta,47.06611560533891,1,0,79.33857889761887
Blue Mountains Group Of Colleges,47.08825435661615,1,0,61.66340118047224
Pmv Polytechnic,47.0882899439665,1,0,73.1423192555498
Bm Institute Of Engineering And Technology,47.10421606983434,1,0,51.33168352749357
Anjuman College Of Engineering And Technology,47.11117888866957,1,0,48.97666439037255
Bit Institute Of Technology,47.11549746673792,1,0,75.25951701923933
Bt Patil And Sons Polytechnic,47.116733430564,1,1,55.04944461285524
Kalinga Institute Of Industrial Technology,47.11759427050059,1,1,70.09304402696131
Bhadrak Institute Of Engineering And Technology,47.12680625681114,1,1,63.44490850137811
Government Institute Of Electronics,47.170615986375005,1,0,69.29435363808088
Guru Ramdas Khalsa Institute Of Science And Technology,47.181527405322704,1,1,40.18215157379517
St Wilfreds Institute Of Engineering And Technology,47.19344797390372,1,1,65.90545415839864
Adina Institute Of Science And Technology,47.21080519874983,1,0,77.97736065259794
Kakinada Institute Of Engineering And Technology-Ii,47.215280390825015,1,0,77.27618289450098
Institute Of Design Education And Architectural Studies,47.224189765525416,1,2,62.12334956318836
St Ann'S College Of Engineering And Technology,47.23515468348712,1,0,73.06147626027993
Jr Polytechnic College,47.24797986507712,1,0,66.2721238138868
Alpine College Of Engineering,47.26708332403189,1,0,57.189926127091326
Mbm Engineering College,47.27342471620005,1,0,58.332593267877456
Vaishno College Of Engineering,47.29130555352416,1,0,44.47606715497142
Christ Knowledge City,47.30040905569064,1,0,47.36141140914736
Modern Institute Of Technology And Research Centre,47.30484913714808,1,1,50.22182958134067
Mar College Of Engineering And Technology,47.308436418778506,1,0,44.66804390773238
Kiit Polytechnic,47.30854630167229,1,0,56.16499586934463
Mes College Of Architecture,47.32799389605911,1,0,53.42580713972519
Veerayatan Institute Of Engineering,47.34121388078832,1,0,42.39471917456491
Rajeev Polytechnic,47.34209072578995,1,0,49.63924428069883
Jaya Suriya Engineering College,47.35260134917271,1,0,49.813195501130856
Tjs Engineering College,47.38927937100118,1,0,48.0475183770912
Gss Institute Of Technology,47.42013709031244,1,0,68.13103858828572
Kiit College Of Engineering,47.42857708660437,1,0,44.694179823176114
Rkdf Institute Of Science And Technology,47.44726125288761,1,1,53.51250084289365
Vidarbha Youth Welfare Society'S Polytechnic,47.4480591361781,1,0,54.35597128095405
Al-Falah School Of Engineering And Technology,47.451096883620366,1,0,42.99515784282988
Marutam Nelli Polytechnic College,47.46782203944176,1,0,69.33358655765457
Greater Noida College Of Technology,47.469501020011286,1,1,61.99862788317367
Ganapathy Chettiar College Of Engineering And Technology,47.47980355386936,1,0,42.807381223224056
Jss Polytechnic,47.49361355978329,1,0,42.957708961908615
Sat Priya Group Of Institutions,47.51517124115061,1,0,78.88878440930662
Bandari Srinivas Institute Of Technology,47.53630780976193,1,0,57.07327302705005
Bml Munjal University,47.53654933866752,1,0,47.15878007823311
Yamuna Polytechnic For Engineering,47.53803574360986,1,1,50.204449887505646
Vaishnavi Institute Of Technology And Science,47.57953245350544,1,2,69.39941351020305
Pac Ramasamy Raja Polytechnic College,47.59291900707582,1,0,41.768011470509066
Alva'S Institute Of Engineering And Technology,47.61408435187416,1,0,78.08161662392888
Malwa Institute Of Technology And Management,47.61766085366446,1,0,65.95861224390856
Sns College Of Technology,47.623097131850265,1,0,77.02893758072152
Arulmurugan Polytechnic College,47.63519377164887,1,1,49.77258191030856
Nbn Sinhgad Technical Institutes Campus,47.64317772367119,1,0,78.09387740014861
Jaipur Engineering College And Research Centre,47.65972314134941,1,1,43.93254055690255
Gyan Sagar Polytechnic College,47.6825299056914,1,0,72.20965469927206
Navsahyadri Group Of Institutes,47.707863654521525,1,0,72.13248440253085
Shiva Polytechnic Institute And Management College,47.717892697970825,1,0,51.073179277394416
Latthe Education Society'S Polytechnic,47.72303334690016,1,1,42.43785773748567
Kanad Institute Of Engineering And Management Mankar,47.72405457901503,1,1,75.38280265943607
Jind Institute Of Engineering And Technology,47.73219110979568,1,0,79.93973789949553
Anjuman Polytechnic,47.73567137217306,1,0,44.60961465135483
Manora Polytechnic College,47.747443862476,1,0,70.70133371876892
Rukmani Devi Institute Of Science And Technology,47.75349902780532,1,0,78.39849724511492
Sjpn Trust'S Hirasugar Institute Of Technology,47.75492079987482,1,0,65.6083785572089
Vidya Bharathi Institute Of Technology,47.760249354421134,1,0,47.65840579328139
Siddhivinayak College Of Science And Higher Education,47.7606390508789,1,2,57.60191689680619
Md Jadhav Institute Of Technology,47.76290218925094,1,1,48.380779671238194
International School Of Technology And Sciences For Women,47.765778221643146,1,0,62.04171909991307
Centre For Development Of Advanced Computing,47.77207677687363,1,0,77.06598529402272
Shantaben Manubhai Patel School Of Studies And Research In Architecture And Interior Design,47.79356125882052,1,0,74.40040128012856
Providence College Of Engineering,47.8019651723998,1,0,74.18044279871387
Kumaraguru College Of Technology,47.80734195360858,1,0,69.75633509385305
Haldia Institute Of Technology,47.81078367114296,1,0,59.726119746310935
Devang Patel Institute Of Advance Technology And Research,47.81808258595439,1,0,49.93716305880734
Sidana Polytechnic College,47.819330571747074,1,0,61.46609952917321
Jharsuguda Engineering School,47.82007625509266,1,0,50.00077550951698
Aurora'S Technological And Research Institute,47.83983077857556,1,0,75.66795073037156
Jct Polytechnic College,47.8529745652648,1,0,77.84851623304428
Vishwa Bharathi College Of Engineering,47.864768600204464,1,1,64.65357959129317
Gandhi Polytechnic,47.88347436992838,1,0,41.12523048743628
Jayawantrao Sawant Polytechnic,47.89396529479316,1,2,44.465090397430906
Indira Gandhi College Of Engineering And Technology For Women,47.92489123168424,1,0,68.14769705207866
Bengal College Of Polytechnic,47.930235900635935,1,0,71.08760271365217
University Of Lucknow,47.93062734099299,1,1,71.47123728629981
Dr Ram Manohar Lohia Avadh University,47.94433103005193,1,2,65.6082772408943
Narsimha Reddy Engineering College,47.95335741705349,1,0,60.50221440597393
Astral Institute Of Technology And Research,47.95660563137029,1,2,47.75055805896312
Mookambigai College Of Engineering,47.97314447533292,1,0,59.27950533957906
Excelsior Education Society Kc College Of Engineering,47.98073170112412,1,0,67.15972811296155
Arm College Of Engineering And Technology,47.98619833499589,1,0,73.6031900167022
Acn College Of Engineering And Management Studies,47.98995093379814,1,0,70.44648294842264
Ag Patil Polytechnic Institute,47.9914777438167,1,0,43.080365012196765
Dadi Institute Of Engineering And Technology,48.00317155208087,1,0,58.57636601433744
Jabalpur Engineering College,48.00603501506528,1,0,62.19568935873129
Doon University,48.01977422562957,1,1,53.75881503213702
Adsul'S Technical Campus,48.02377278402752,1,0,57.44961454162304
Sister Nivedita University,48.02997175150676,1,1,56.48083753958738
Vishwakarma Institute Of Information Technology,48.04535168977108,1,1,74.68399285429629
Swami Vivekananda Institute Of Technology,48.04844889478161,1,0,53.52450861469687
Mahatma Gandhi Missions College Of Engineering And Technology,48.06239001679645,1,1,43.94281065340562
Gokul Institute Of Technology And Sciences,48.07054648808808,1,0,52.35091550917532
Ashtvinayak Institute Of Technology,48.08744083017545,1,1,60.65857903382091
Bharath Polytechnic,48.0933460198372,1,0,63.87665498370672
Infinity Institute Of Technology,48.09497697507646,1,1,73.08948528225963
Adithya Institute Of Technology,48.09733704688188,1,1,47.25102243730325
Jaya Institute Of Technology,48.11322523166121,1,0,79.49312151868712
Shri Ram Murti Smarak College Of Engineering Technology And Research,48.1148305850557,1,0,77.67844479401896
Rajendranath College Of Polytechnic,48.120239108501394,1,1,44.66642165279952
Mahatma Gandhi Polytechnic College,48.120928233390735,1,0,45.57167741732946
Vaageswari College Of Engineering,48.1238469045565,1,0,42.18078853118169
The Surabi College Of Polytechnic,48.15708472707557,1,1,66.92021209730152
Town Polytechnic,48.1635612234782,1,0,79.60425185611358
Somany Pg Institute Of Technology And Management,48.17827916162847,1,2,66.61887281505098
Sharad Institute Of Technology,48.188710233276,1,0,59.09860657743724
Gauhati University,48.19735093390507,1,1,63.64266884006241
Bhavnagar Polytechnic Institute,48.19979170223978,1,0,65.49789570438608
Hon Shri Babanrao Pachpute Vichardhara Trust'S Group Of Institutions,48.19988719044994,1,0,77.31547442554074
Koneru Lakshmaiah Education Foundation,48.201770416954986,1,1,53.26466142133957
Sgbm Institute Of Technology And Science,48.20494419503439,1,2,70.20264272706521
Nalanda Institute Of Technology,48.23140599925972,1,1,69.01819960938161
Giet Polytechnic,48.23201631577204,1,1,64.1415002411644
Brainware Group Of Institutions,48.23945362348592,1,0,65.93090770705048
Nehru Institute Of Technology,48.23957317761255,1,0,48.80362332358651
Mahaveer Institute Of Science And Technology,48.27278040602404,1,1,62.42930566018079
Elitte College Of Engineering,48.28699650992313,1,2,52.83890589450719
Ct Institute Of Technology And Research,48.29342633985837,1,2,41.79095737674333
Rp Inderaprastha Institute Of Technology,48.29690505962676,1,1,44.43977717680468
Buddha Institute Of Technology,48.320588248618805,1,0,42.10687410861655
Dr Rajendra Prasad Central Agricultural University Samastipur,48.321872456158346,1,0,62.78622203513883
Career Point University,48.32842799852303,1,0,52.74330350446341
Guru Sai Polytechnic,48.33367240273109,1,0,45.1877892026601
Devender Singh Institute Of Technology And Management,48.34461951263675,1,0,72.21985967607529
Amrapali Institute Of Technology And Sciences,48.353304293736144,1,1,48.67409412452915
Institute Of Mass Communication And Media Technology,48.35629669746999,1,0,61.32498819271456
Vivekanandha College Of Engineering For Women,48.37726783430988,1,0,73.08641459702505
Oasys Institute Of Technology,48.38347876620509,1,2,45.31621271391864
Lord Krishna College Of Engineering,48.38475974749426,1,0,78.54653124620576
Bishamber Sahai Institute Of Technology,48.39354328548782,1,0,56.9329142700021
Aayojan School Of Architecture And Design,48.420060588676414,1,2,70.46199592778216
M Dasan Institute Of Technology,48.42620996131049,1,0,54.01122159455717
Awh Polytechnic College,48.432024278096485,1,0,75.72108114590716
Muruga Polytechnic College,48.44540202648689,1,0,52.98141463835579
Hindu School Of Architecture,48.45381233330036,1,1,67.45035983939667
Gourishiv Polytechnic,48.47668751156357,1,2,56.21018113897854
Bharati Vidyapeeth Deemed University College Of Engineering,48.47887006867103,1,1,65.16620398465676
Sree Venkateswara College Of Engineering,48.48342464398024,1,1,67.8039260810607
Bhaktavatsalam Polytechnic College,48.49281189080428,1,2,65.36647795703384
Rajiv Gandhi Government Polytechnic,48.49585033084681,1,0,53.20575788374936
Mnr College Of Engineering And Technology,48.50345449884656,1,2,43.44658163124241
Sri Krishna College Of Engineering,48.536689908479154,1,2,60.5566226170826
Bkr College Of Engineering And Technology,48.54689455228333,1,1,40.84733556302672
Mandsaur Institute Of Technology,48.55011729325692,1,0,71.40032999297975
Trinity Polytechnic,48.60587789444219,1,0,58.93178236047615
Slc'S Institute Of Engineering And Technology,48.606251493258064,1,0,73.68818712579136
Smt Tamma Kotamma Reddy Polytechnic,48.61289561662381,1,0,71.92959630539889
Global Academy Of Technology,48.63510233755406,1,0,64.73939287651916
Shobhit University,48.63580218057971,1,1,67.3745961184352
Jspm Narhe Technical Campus,48.65246864537821,1,0,77.77895824246943
Niilm University,48.65336516938117,1,1,66.05543776154406
Vedvyas Polytechnic,48.70517774002989,1,0,70.85531121982686
Satara College Of Engineering And Management,48.707160627113794,1,0,55.29423803721512
Vidya Pratishthan'S Polytechnic College,48.70881657812784,1,0,67.64250560869897
Sri Venkateswara Polytechnic College,48.71107412198712,1,0,73.18374148376799
Bhagwant Institute Of Technology,48.71718929927066,1,1,68.33690451917889
Krishnasamy College Of Engineering And Technology,48.72995683117336,1,0,77.95309980738503
Navneet Bahuuddeshya Sanstha,48.74263638734104,1,1,51.80180977240221
Laxmi Devi Institute Of Engineering And Technology,48.7529112624471,1,0,55.50115583052426
Skyline Institute Of Engineering And Technology,48.76297344729322,1,1,56.79061486293327
Siddhant College Of Engineering,48.791096993364185,1,2,57.28189982585855
Institute Of Printing Technology And Government Polytechnic College,48.80141376996293,1,1,78.50618384244711
Gujarat Technological University,48.8083532624651,1,0,55.14580740056722
Patanam Rajender Reddy Memorial Engineering College,48.823338049755,1,0,76.35106012021072
Sri Vani School Of Engineering,48.83607985941542,1,2,76.1896955967534
Women'S Institute Of Technology,48.84292466877294,1,1,60.47505421026236
Renaissance Polytechnic,48.84356090016456,1,0,51.57949130302551
Goel Institute Of Technology And Management,48.84667473881285,1,0,76.45714573028394
Sanjay Gandhi Polytechnic,48.85189061923148,1,0,56.19089198064642
International Polytechnic,48.85501466609549,1,0,78.72779191743464
Ukf College Of Engineering And Technology,48.85561068355051,1,0,53.04695640537886
Dattakala Polytechnic,48.85648785016316,1,0,54.75651643945301
Malabar College Of Engineering And Technology,48.857196725004094,1,1,46.89975623450105
Vidya Academy Of Science And Technology - Technical Campus,48.857641896420304,1,2,74.62019192999543
Vivekanand Education Society'S Institute Of Technology,48.87740484018771,1,0,61.2098974271568
Dr Babasaheb Ambedkar Marathwada University,48.88540191212181,1,0,59.13425205744922
Fr C Rodrigues Institute Of Technology,48.90177808986968,1,0,41.32949054026926
Adhiyamaan College Of Engineering,48.91279795685376,1,1,72.24432077869287
Gvvr Institute Of Technology,48.915819563696985,1,0,49.29452882093651
Dr Jivraj N Mehta Government Polytechnic,48.91647203354539,1,0,57.48741619167178
Karmaveer Bhaurao Patil Polytechnic,48.93372898858968,1,2,61.89397442157603
St Margaret Engineering College,48.94397946251206,1,0,70.80773146607059
Guru Teg Bahadur Khalsa Institute Of Engineering And Technology,48.94693214488259,1,0,47.40503167795109
King College Of Technology,48.96961931333502,1,1,53.48852944363094
Roorkee College Of Engineering,48.97237636025974,1,0,46.08143187954559
Vriddhi Polytechnic College,48.9779279380969,1,1,74.74503072638491
Shri Balaji Institute Of Engineering And Technology,48.97895007454261,1,0,44.55626766210613
Iitt College Of Engineering,49.00052668135387,1,1,73.36232828841207
Shri Shivaji Shikshan Prasarak Mandal'S Polytechnic,49.00101414187149,1,0,43.28285452961784
Bhai Gurdas Polytechnic College,49.01331654722718,1,0,70.32750378144169
Vignan'S Institute Of Engineering For Women,49.01963804567897,1,0,41.79019230454436
Padmanava College Of Engineering,49.02306931586711,1,1,54.75536583565163
Gd Rungta College Of Engineering And Technology,49.02884722964711,1,1,73.25221319247157
Roever College Of Engineering And Technology,49.02892171788312,1,1,69.19151449597496
Mam School Of Architecture,49.02946939086797,1,0,63.884816833586086
Madras Institute Of Technology,49.051185873291416,1,1,78.7346919552698
Sherwood College Of Engineering Research And Technology,49.05277267114644,1,0,51.35178550383911
Dy Patil Education Society'S Dy Patil Technical Campus,49.05344681522936,1,0,45.94501845480994
Annapoorana Engineering College,49.05441430194338,1,1,64.03355560184593
Dharam Institute Of Polytechnic And Research,49.0953970312264,1,0,46.07345358103909
Rajendra Mane Polytechnic,49.09791788121482,1,0,67.57333924437087
Valia Institute Of Technology,49.10612283075913,1,0,67.748294717536
Bs Patel Polytechnic,49.11093073254224,1,1,42.29517899414783
Mg Institute Of Engineering And Technology,49.11576926534189,1,1,53.747368481091165
Samrat Ashok Technological Institute,49.11939424622543,1,0,58.76820280590678
Al-Habeeb College Of Engineering And Technology,49.139826211177365,1,2,57.89527408020562
Kishan Institute Of Information Technology,49.14373089401242,1,0,60.55920167358171
Shri Sai College Of Engineering And Technology,49.14844781211261,1,0,61.81194509746816
Echelon Institute Of Technology,49.1535694214862,1,1,47.06210685735313
Government College Of Technology,49.15958317851462,1,0,58.597581900678286
Neotech Institute Of Technology,49.1647285390041,1,0,41.818095090268606
Pallavan College Of Engineering,49.16671958258497,1,0,58.78826695307404
Suddhananda Engineering And Research Centre,49.17110067414169,1,1,43.9235825456427
Saveetha School Of Engineering,49.178404774715126,1,1,49.18229548928808
Jain College Of Engineering,49.196129700217725,1,0,45.62116417059735
University Bdt College Of Engineering,49.221283345293,1,0,73.03570772495533
Pnb Polytechnic College,49.22370806524294,1,0,52.51614102811609
Bldea'S Vp Dr Pg Halakatti College Of Engineering And Technology,49.24258776792343,1,2,59.55137244835796
Ponnaiyah Ramajayam Institute Of Science And Technology,49.242845862344645,1,0,72.56970863351586
Kipm College Of Engineering And Technology,49.24561995053912,1,1,76.14137879990197
Drr Polytechnic,49.265246759495696,1,2,75.33569668926069
Badriprasad Institute Of Technology,49.27997546396298,1,0,62.25720890742708
Aurora'S Scientific And Technological Institute,49.28241068588719,1,0,51.26756686975113
Noorul Islam Centre For Higher Education,49.287551315205306,1,1,73.49729325745399
Anjuman Institute Of Technology And Management,49.28832158221857,1,1,61.02520384598523
Shrinathji Institute Of Technology And Engineering,49.3138243917618,1,1,59.302038898526654
Nathdwara Institute Of Engineering And Technology,49.31976784740171,1,0,53.646883780855816
Virudhunagar S Vellaichamy Nadar Polytechnic College,49.32409887314849,1,0,49.68958400051439
Sal College Of Engineering,49.329210309065786,1,1,76.82247642602428
Jkk Nattraja College Of Engineering And Technology,49.33151851744235,1,0,65.86309144747302
Ahmedabad Institute Of Technology,49.34002237257214,1,0,56.024565264119246
Cv Raman College Of Engineering,49.34054696766871,1,0,47.758400087515554
Kalka Engineering College,49.342590978095394,1,0,63.806207859487785
Meenakshi College Of Engineering,49.38908785616347,1,0,60.96005981399036
Chhattisgarh Swami Vivekanand Technical University,49.39046039564924,1,0,60.21797120707508
West Godavari Institute Of Science And Engineering,49.39371306583807,1,1,50.631206853654405
Global Group Of Institutions,49.394405916454,1,2,45.546831963043005
Shridevi Institute Of Engineering And Technology,49.39933276068507,1,0,58.53088587402856
Netaji Institute Of Engineering And Technology,49.40174940095884,1,0,41.59086336092988
Ammini College Of Engineering,49.408682223938285,1,1,68.29470464597395
Paavendhar Polytechnic College,49.41540732387415,1,0,69.79820014532541
Nibedita Polytechnic,49.43041198265855,1,2,54.91743452676537
Sanaka Educational Trust'S Group Of Institutions,49.43161341167144,1,2,70.48316898038519
Grt Institute Of Engineering And Technology,49.433393597737016,1,1,52.053741660005485
Gopal Krishna College Of Engineering And Technology,49.433494179333664,1,0,60.08368694699509
Sree Sakthi Engineering College,49.44127378021548,1,0,61.45910797237249
Pbr Visvodaya Engineering College,49.44469964220608,1,0,68.4073687668514
Pandit Deendayal Petroleum University,49.453651311586285,1,0,66.65531585300393
Mar Athanasius College Of Engineering,49.46020433337672,1,0,54.01250749229706
Jai Polytechnic,49.46356354764919,1,2,71.60673360150588
Kv Polytechnic,49.47756160056714,1,2,54.62557198631061
Siddaganga Polytechnic,49.48661730430141,1,0,43.934738262616136
Kls Vishwanathrao Deshpande Rural Institute Of Technology,49.48671664660952,1,0,50.66779886037371
Itm University,49.50231161704124,1,1,50.62891090494694
Sri Prakash College Of Technology,49.50765340638611,1,1,73.81140222335173
Yogananda Institute Of Technology And Science,49.51654272378988,1,1,75.2148909087291
Maeer'S Mit College Of Railway Engineering And Research,49.525968363481255,1,0,69.03372467427745
Maharaja Agresen Institute Of Technology,49.53497236566638,1,1,62.13431976882668
Chandra Shekhar Azad University Of Agriculture And Technology,49.536531936823486,1,0,73.4818067100314
Department Of Chemical Engineering,49.54655817500104,1,0,52.17662611948047
Arunachal University Of Studies,49.54819420635909,1,0,72.09491053094263
Kp Engineering College,49.55500377488603,1,0,58.26991036086095
Leelavati Awhad Institute Of Technology And Management Studies And Research,49.57222217268511,1,1,71.4229681185335
Pune Vidyarthi Griha'S College Of Engineering And Technology,49.59513228479238,1,0,53.54212086297996
Karmayogi Polytechnic College,49.61699667481419,1,0,41.81768980759156
Noble Group Of Institutions,49.63261226428632,1,0,73.14718386096328
Bgs Polytechnic,49.635991102364095,1,0,46.98680879955879
Ggr College Of Engineering,49.63950096403861,1,2,54.37672713778045
Sree Narayana Guru Polytechnic College,49.64410629773978,1,0,76.04422552283823
Mohammadiya Institute Of Technology,49.65899574587671,1,0,75.32842203287761
Dev Bhumy Polytechnic,49.66474724394132,1,0,43.44884650344743
Shree Tapi Brahmcharyashram Sabha College Of Diploma Engineering,49.680129902901726,1,0,78.1567181298298
Rajiv Gandhi Institute For Steel Technology,49.69124987229409,1,0,77.21303786165925
National Power Training Institute,49.69680192826432,1,1,61.0954779179984
Brahmaiah College Of Engineering,49.72674041049412,1,0,52.35945080516204
Ganesh College Of Engineering,49.75173935043486,1,0,65.39453177436113
Punjab Engineering College,49.75543959320749,1,1,55.521369488640346
Ns Polytechnic College,49.76249368442789,1,0,44.67452679901909
Pratap University,49.76729026576283,1,0,79.50067623727803
Bimla Devi Educational Societys Group Of Institutions,49.76766760386617,1,0,70.61903533361232
Agricultural Engineering College And Research Institute,49.77917578911872,1,0,40.21362303906333
Adamas Institute Of Technology,49.78116263263576,1,0,77.09182815572865
Hanuman Vyayam Prasarak Mandal'S College Of Engineering And Technology,49.792345246022336,1,0,64.36120429871194
Haji Sheik Ismail Polytechnic College,49.802902098315634,1,0,49.52162619038738
Indira College Of Engineering And Management,49.82155526572888,1,0,59.06458657298708
Vs Lakshmi Engineering College For Women,49.8245203725276,1,0,60.176468238896405
Lakshya Institute,49.82542093204302,1,0,42.29897938061794
St Mark Educational Institution Society Group Of Institution,49.82690643746695,1,0,48.46677631861296
Icfai Foundation For Higher Education,49.83875372673735,1,0,74.80193074869163
Amrita School Of Engineering,49.84556201371922,1,1,77.431318485759
Rajadhani Institute Of Engineering And Technology,49.85007058173285,1,0,78.55749078856482
Mahakavi Bharathiyar College Of Engineering And Technology,49.85867682702821,1,0,45.21494859711195
Nizar Rahim And Mark School Of Architecture,49.8677339453171,1,0,46.17346165401544
Priyadarshini Indira Gandhi College Of Engineering,49.868910021186885,1,0,75.77023861263903
Sir Padampat Singhania University,49.87322029990225,1,0,59.80806940527248
Shree Sai College Of Education And Technology,49.89608050398372,1,1,55.01824961847223
Rc Technical Institute,49.918034840104255,1,0,64.13683609205654
Sri Balaji Polytechnic College,49.91962636173525,1,0,56.18402189625992
Dream Institute Of Technology,49.92296089843887,1,0,40.40590230634733
Dr Sri Sri Sri Shivakumara Mahaswamy College Of Engineering,49.9460329275457,1,2,74.80806638980704
Sardar Kewal Singh Group Of Institutes,49.95887428828102,1,0,77.73750534517092
Aravindar Polytechnic College,49.97092490530899,1,0,61.090857129955054
Muslim Association College Of Engineering,49.97352080657569,1,0,57.99213459444027
International School Of Photonics,49.97924604447462,1,1,57.87196105018616
Malineni Lakshmaiah Women'S Engineering College,49.98694494303952,1,2,63.06245558219258
Miracle Educational Society Group Of Institutions,49.987742846434685,1,0,60.97883442362655
Jaypee University Of Engineering And Technology,50.03790558674437,0,0,75.02820656149473
Sri Muthukumaran Institute Of Technology,50.04605302860039,0,0,64.5603046274486
Doaba Institute Of Engineering And Technology,50.05909192321026,0,0,65.00932515147979
Dr Dy Patil Biotechnology And Bioinformatics Institute,50.07563020168772,0,0,68.54220302098537
Dhamangaon Education Society'S College Of Engineering And Technology,50.07585137056445,0,0,48.522253582499694
Yeshwantrao Chavan College Of Engineering,50.0857540011293,0,2,71.24153830997581
Vedica College Of Pharmacy Polytechnic,50.0951402622642,0,1,58.2038821067655
Rns Institute Of Technology,50.10736341717932,0,0,61.68073185292359
Chandravati Group Of Institution,50.13212831835023,0,0,46.90988161087533
Dr Jj Magdum College Of Engineering,50.1442919890445,0,0,58.77134310895812
Amity University,50.16114284679997,0,0,47.98690530085603
Bomma Institute Of Technology And Science,50.16589250643821,0,0,55.80479528446723
Sri S Ramasamy Naidu Memorial Polytechnic College,50.16716729165016,0,2,79.25057284622302
Vidya Vikas Polytechnic,50.17710326017665,0,0,79.57389958234666
Nitte Meenakshi Institute Of Technology,50.19101463086891,0,1,59.16439923677666
Shanmugha Arts Science Technology Research And Academy,50.1911312439624,0,0,46.81042104581138
Vyas College Of Engineering And Technology,50.19123451092646,0,0,54.53649943401025
Bhivrabai Sawant Polytechnic,50.21749780928863,0,0,52.80920023049666
Chhattisgarh Institute Of Technology,50.23905030728351,0,1,62.48934423486488
Mahendra Institute Of Technology,50.26978441272048,0,2,51.8715066135024
Vidyabharti Trust Institute Of Technology And Research Centre,50.27877265813031,0,0,52.13042218890464
Baghmundi Government Polytechnic,50.3016735253034,0,0,46.533106581922944
Falakata Polytechnic,50.30703849601858,0,2,69.52236677943554
Phonics School Of Engineering,50.33232398062648,0,0,56.43793483432357
Srm Trp Engineering College,50.36100323247985,0,0,73.28735348045721
Sri Mittapalli College Of Engineering,50.36360816842956,0,0,59.29051748896372
Laqshya Institute Of Technology And Sciences,50.36561250709401,0,0,45.0035263245064
Paladugu Parvathi Devi College Of Engineering And Technology,50.38030084536213,0,0,48.08879360898385
Janardan Rai Nagar Rajasthan Vidyapeeth,50.38625524567045,0,2,59.75462750678194
Aisect Institute Of Science And Technology,50.388584157968566,0,0,72.82038864712354
Mahatma Gandhi Engineering College,50.41353947747021,0,0,77.23201697068461
Vilasrao Deshmukh Foundation Group Of Institutions- School Of Engineering And Technology,50.42025668446849,0,0,66.58086701986154
Kautilya Institute Of Technology And Engineering,50.43737661944137,0,0,47.4880434251688
Vidya Vikas Pratishthan Polytechnic,50.45506685500093,0,0,69.33829974617211
Infinity Management And Engineering College,50.45815426350612,0,0,50.75221466736539
Dr Kv Subba Reddy College Of Engineering For Women,50.46214300125891,0,0,40.10665806456175
College Of Dairy Technology,50.46420189929084,0,0,66.12767916241847
Swami Vivekananda Institute Of Science And Technology,50.46839739909329,0,0,79.9371367611017
Gnanamani College Of Technology,50.470503792795625,0,0,52.78327446811271
Nitra Technical Campus,50.47315235319753,0,1,60.713313330983866
Al Salama Institute Of Architecture,50.49085734656143,0,0,58.05043115013471
Kottai Mariyamman Polytechnic College,50.52364410603485,0,0,76.2865754987351
Sri Guru Granth Sahib World University,50.528852337613,0,0,46.68552874366026
Sri Venkateswara College Of Engineering,50.534302554642736,0,2,76.11576420470035
Aizza College Of Engineering And Technology,50.54545001539567,0,1,78.68808291089476
Sai Rajeswari Institute Of Technology,50.54638760594632,0,0,70.03407956302021
Dr Cv Raman University,50.55765290235705,0,1,41.67524709103876
Oxford Polytechnic,50.55944927219791,0,0,72.17009346133196
Dnr College Of Engineering And Technology,50.56286781249752,0,0,46.97424975820856
Lingayas Institute Of Management And Technology,50.56359918377285,0,0,64.83381170578127
Vidyadaan Institute Of Technology And Management,50.56413392612247,0,0,52.57138762806517
Sri Ramakrishna Engineering College,50.57702259569001,0,0,61.05656198583
Ghanshyam Hemlata Institute Of Technology And Management,50.58070547407044,0,1,54.37508491219065
Nalanda Institute Of Engineering And Technology,50.58168418699157,0,0,44.378644919590464
Cms College Of Engineering,50.59695417023745,0,0,63.15940358191419
Exalt College Of Polytechnic,50.59826920835795,0,0,54.2863427331849
Pm College Of Architecture,50.61470324435237,0,0,73.3931621730465
Vignana Bharathi Institute Of Technology,50.6222404898164,0,0,44.69559977145155
Hindusthan Polytechnic College,50.62482364105157,0,0,60.53308034530694
Christ Polytechnic Institute,50.62648675840866,0,0,41.57939391220732
Fakir Mohan University,50.631712593499415,0,0,67.14609553566723
Ct Institute Of Engineering,50.637820155584926,0,0,79.2637491277035
Kota Polytechnic College,50.65880531743015,0,0,51.95786516192194
Dr Dy Patil School Of Architecture,50.6588770971115,0,0,41.50159432005159
St Thomas Institute For Science And Technology,50.66217649410815,0,0,44.75213932609731
Smt Geeta D Tatkare Polytechnic,50.70473117733421,0,0,49.55970811912685
Rvs Polytechnic College,50.71297609701624,0,0,57.14748731937669
Meenakshi Ramaswamy Engineering College,50.72533911222934,0,2,72.69350170570974
Prince Dr K Vasudevan College Of Engineering And Technology,50.72668172569252,0,1,62.97986867302818
Jakir Hossain Institute Of Polytechnic,50.7519435535931,0,0,74.02384819557555
Shri Madhwa Vadiraja Institute Of Technology And Management,50.76633129761417,0,0,44.69322034474119
Kle Society'S Polytechnic,50.78480972204774,0,0,40.592732315498935
Government Polytechnic For Women Minorities,50.82151069102002,0,0,45.49613078666266
Elizabeth College Of Engineering And Technology,50.824350010006256,0,0,72.02028700259335
Viit Polytechnic College,50.82487822664854,0,0,52.44348862706477
Sidharth Institute Of Engineering And Technology,50.86617519733734,0,1,77.73824310615576
Bitt Polytechnic,50.88022165518209,0,0,41.01143191260328
Swift Technical Campus,50.88107049648214,0,0,56.073039588568506
Vishnu Lakshmi College Of Engineering And Technology,50.88372210400995,0,0,67.09288351196598
Lakshmi Narain College Of Technology Excellence,50.89305901601487,0,1,49.769510263763664
Maharishi Arvind College Of Engineering And Technology,50.91276893043515,0,0,79.06841100801947
Met Institute Of Engineering,50.92554324003177,0,0,52.751759844272
Pr Pote College Of Engineering And Management,50.95607670097489,0,0,68.60262174085685
Arulmigu Senthilandavar Polytechnic College,50.95953670280119,0,1,56.74739236744955
Farooqia Women'S Polytechnic,50.99177458877149,0,0,62.15822547152621
Vidhya Mandhir Institute Of Technology,50.99401133228419,0,0,69.71452207265644
Mathuradevi Institute Of Technology And Management,50.99634782302327,0,0,57.37298526918662
Jawaharlal Nehru Technological University College Of Engineering,51.00122310718636,0,0,68.5185728036119
Gvn Polytechnic College,51.00226276683704,0,0,76.5187704444177
Gian Jyoti Institute Of Management And Technology,51.00232130088671,0,1,72.00707868389792
Shri Balaji Institute Of Technology And Management,51.00593357569276,0,1,54.216792342394506
Asians Institute Of Technology,51.008910560337256,0,2,47.18161617748984
Naraini Group Of Institutions,51.01588284272604,0,0,70.33790097055032
Sri Sai Institute Of Engineering And Technology,51.01944787950554,0,0,63.711820548035625
Shivam Institute Of Science And Technology,51.020349450083344,0,0,49.480565349145
Alamuri Ratnamala Institute Of Engineering And Technology,51.02454066526286,0,0,79.94983751322033
Jk Lakshmipat University,51.0347300556503,0,0,70.60129610834548
Gitam University,51.039870506357744,0,0,74.85592948082527
Nadar Saraswathi College Of Engineering And Technology,51.05053541105538,0,1,71.51938385580755
Jeya Polytechnic College,51.05861301170988,0,2,58.437701061602375
Asansol Institute Of Engineering And Management,51.06585405994057,0,0,74.65083208810901
Medi-Caps University,51.07001877186079,0,0,75.52480559876058
Mandava Institute Of Engineering And Technology,51.07084133735072,0,0,68.61529510853137
Sindhudurg Shikshan Prasarak Mandal'S College Of Engineering,51.078939060641936,0,2,50.382674515236296
Kit And Kim Technical Campus,51.08138750228525,0,0,75.31001487164745
Shanti Polytechnic,51.08670696917369,0,0,67.13536380772182
Anupama College Of Engineering,51.08747808624855,0,0,56.32939085047499
Ket Polytechnic Institute,51.09676027575139,0,1,67.06041090515087
Bhailalbhai And Bhikhabhai Institute Of Technology,51.09968454654171,0,1,76.29404258114202
Mother Teresa Institute Of Science And Technology,51.11249580948419,0,0,65.46209879192898
Annai Teresa College Of Engineering,51.12356783696646,0,1,79.43833561512704
Shri Jm Sabva Institute Of Engineering And Technology,51.12517238119285,0,0,64.95416575007914
Rungta Engineering College,51.13495579960814,0,0,67.1709278937058
Rattan Institute Of Technology And Management,51.13605186300661,0,0,53.58437026663388
Up College Of Polytechnic For Research,51.140648606533645,0,1,64.66745309718524
Netaji Subhash Engineering College,51.14378771341125,0,0,76.119826131901
Madhira Institute Of Technology And Science,51.170465107922496,0,0,53.30394937767585
Sri Ramana Maharishi College Of Engineering,51.17490361662072,0,0,76.54979690551627
Tkm School Of Architecture,51.17994448677326,0,0,60.50206418199531
Rajagiri School Of Engineering And Technology,51.18307882917839,0,0,65.81866031799674
Royal Polytechnic College,51.18444273612411,0,0,74.5085903350033
Chhatratpati Shahuji Maharaj College Of Engineering And Technology,51.205640265166025,0,0,41.3529905549666
Aravali College Of Engineering And Management,51.21167486450474,0,0,52.55494927163665
Vm Institute Of Engineering And Technology,51.21325443658965,0,0,75.46233308551804
Akila College Of Engineering And Management Technology,51.22648702954263,0,2,73.28626832793191
Himalayan Institute Of Technology And Management,51.234801253586326,0,0,47.53700593117168
Mes Rn Shetty Polytechnic,51.24301311527918,0,0,67.49257393076276
Kalasalingam Academy Of Research And Education,51.250610867210845,0,0,53.70491602853638
Jss Academy Of Technical Education,51.25147433396564,0,0,54.61598275797196
Shri Ramdeobaba Kamla Nehru Engineering College,51.25931971371529,0,1,68.36495408150701
Shriram Institute Of Technology,51.28083577885373,0,0,54.57291101505375
Government Polytechnic College,51.29674148149232,0,1,60.8456611564613
Balasinor College Of Polytechnic,51.30545213786258,0,0,46.08647693963001
Shree Hn Shukla Diploma Engineering College,51.315851109637805,0,0,66.42360924470353
Bhagwan Mahavir College Of Architecture,51.34233307514266,0,2,69.69570343434796
Savitri Bai Phule Government Girls Polytechnic,51.35338760839928,0,1,52.389833326462266
Vickram College Of Engineering,51.35748734077143,0,2,71.82852141554073
Raipur Institute Of Technology,51.36717730921429,0,1,65.82887339670376
Sri Balaji Chockalingam Engineering College,51.43836674383439,0,0,58.88866414794009
Arjun College Of Technology,51.44332043981701,0,2,77.14281980912062
Sindhura College Of Engineering And Technology,51.4503637431142,0,0,66.09723799279863
Maharashtra Mudran Parishads Institute Of Printing Technology And Research,51.468224624564165,0,0,48.83653596202684
The Neotia University,51.47080985420126,0,2,65.0360183790565
Ace College Of Engineering,51.475197239678224,0,0,77.25958455548187
Ariyalur Engineering College,51.48660404399619,0,0,46.88755487508461
Pune Vidhyarthi Griha'S College Of Engineering,51.48987945736139,0,2,57.98323578023804
Government Polytechnic Ganai Gangoli,51.496124873354646,0,0,71.51205709299863
Bipin Tripathi Kumaon Institute Of Technology,51.496909587978045,0,0,52.51188491451941
Imperial College Of Engineering And Research,51.51901910411,0,1,48.986510382063926
Orissa University Of Agriculture And Technology,51.51911789409807,0,1,60.44925953255941
Kalol Institute Of Technology And Research Centre,51.53074836932555,0,0,55.397124825689446
Maa Saraswati Institute Of Engineering And Technology,51.554721356013225,0,0,48.8089619061509
Desh Bhagat Foundation Group Of Institutions,51.556289276859744,0,2,55.81846093221041
Sri Vellappally Natesan College Of Engineering,51.56446557533307,0,0,50.77401119379245
Gateway Institute Of Engineering And Technology,51.57994959672422,0,0,41.11189909459026
Toc H Institute Of Science And Technology,51.58080059111256,0,1,74.44558852869078
Chouksey Engineering College,51.58726351631685,0,0,47.96583131248407
Jp College Of Engineering,51.59262678802044,0,0,56.58420151175887
Raajdhani Engineering College,51.604525705200544,0,1,48.68096387035034
Shri Shankaracharya Institute Of Professional Management And Technology,51.60530266732549,0,1,67.76589617460422
Csi Institute Of Technology,51.60863303059777,0,0,70.58432223300619
Indian Institute Of Information Technology Allahabad,51.62982497979797,0,0,77.68389492131152
Mm College Of Technology,51.64340803629053,0,1,50.17310535851523
Bvc College Of Engineering,51.65976408240645,0,0,64.58472165949736
Visvodaya Engineering College,51.66019959774037,0,2,76.66859401165576
Vidarbha Institute Of Technology,51.66636495597348,0,0,47.07473348027583
Musaliar College Of Engineering And Technology,51.67370876733193,0,1,79.23551641460153
Dr Dy Patil School Of Engineering And Technology,51.67855050347072,0,0,55.42949905815745
Ambala College Of Engineering And Applied Research,51.69609317024629,0,0,42.12789627551012
Rajaram Shinde College Of Engineering,51.74612629616609,0,0,65.12312959972255
Rajaas Engineering College,51.75782372762827,0,0,41.44413885286936
Sies Graduate School Of Technology,51.79115123430888,0,0,51.54405622616307
Sriram Polytechnic College,51.79787170456882,0,0,57.74387381244516
Shridhar University,51.81824519132866,0,0,54.05507510680221
Rnb Global University,51.85251881419413,0,0,41.83048587878769
Udhayam Polytechnic College,51.85833981383747,0,0,63.32959237468472
Surya School Of Engineering And Technology,51.87049263563574,0,0,77.54935623380219
Gandhi Institute For Education And Technology,51.88118147925224,0,1,41.102348736048185
Anand Institute Of Higher Technology,51.911109452291946,0,1,63.61075794377325
Babu Banarsi Das Institute Of Engineering Technology And Research Centre,51.91822056019476,0,1,51.74893629175381
Pes Institute Of Technology,51.92019676387115,0,1,47.07286331271196
Agnihotri College Of Engineering,51.93338139820539,0,0,75.90933546364998
Mam Polytechnic College,51.94000661323594,0,0,68.9800183296494
Global Open University,51.94063396298287,0,0,49.12918089567224
Gb Pant Institute Of Technology,51.94235834140528,0,0,66.34996601941002
Sher-E-Kashmir University Of Agricultural Sciences And Technology Of Kashmir,51.94359702485809,0,0,53.98037327009166
Sant Gadge Baba Amravati University,51.95813073684658,0,0,40.32630281213746
Jawaharlal Nehru College Of Technology,51.95841591584674,0,0,66.36774091866684
Moradabad Institute Of Technology,51.96220483139796,0,0,69.34514687433655
Saroj Institute Of Management And Technology,51.96751043207031,0,0,44.4596683576038
Maharaja Agrasen Institute Of Technology,51.97239695103342,0,1,54.00612679017343
Lord Jegannath College Of Engineering And Technology,51.97762987992797,0,0,61.71533053409632
Vits Engineering College,51.98666128222175,0,0,48.167644405432185
Matrusri Engineering College,51.98669792442273,0,0,46.24390601118176
Sanketika Polytechnic College,51.9918959506924,0,1,63.50505142774156
Krishna Institute Of Engineering And Technology,52.00624730297308,0,0,57.97525822269348
Aman Bhalla Institute Of Engineering And Technology,52.02766149802066,0,0,45.36251037409192
University Of Hyderabad,52.03019705307158,0,0,54.969564207994935
Vishwavidyalaya Engineering College Sarguja University,52.03238474656791,0,0,53.91646200454166
Sree Krishna Polytechnic College,52.042722894535714,0,1,51.81220700319233
Shanmugha Polytechnic College,52.05183813064968,0,2,72.15799627376299
Dreamz Polytechnic,52.07110630181936,0,0,66.7675739951413
Patna Sahib Technical Campus,52.07277123284048,0,0,40.93347050226811
Government College Of Engineering And Ceramic Technology,52.07384660345438,0,0,66.3041990670963
Swarna Bharathi College Of Engineering,52.074524425399375,0,0,45.56221236724804
Central Institute Of Tool Design,52.0847068049022,0,0,46.5332142216703
Ksk College Of Engineering And Technology,52.09216704056881,0,2,75.22626067209524
Noble College Of Engineering And Technology For Women,52.10522053902884,0,0,46.70973540907508
College Name,52.10594267639022,0,2,51.58385063972535
Muchhala Polytechnic,52.108619852098265,0,0,44.468298890961904
Ratnapuri Institute Of Technology College Of Polytechnic,52.10896729176842,0,0,47.15463921334442
Btl Institute Of Technology And Management,52.10962363035407,0,0,40.8336478612493
Rajarshi Shahu Polytechnic,52.12248351648845,0,0,54.42057757517093
Ch Ranbir Singh State Institute Of Engineering And Technology,52.13563864767936,0,0,52.234644984314016
Bhilai Institute Of Technology,52.141397467490926,0,0,72.92188182064167
Balasore College Of Engineering And Technology,52.14309106410629,0,1,56.35246193642557
Zeal College Of Engineering And Research,52.17863929697617,0,0,79.19361013193853
Mahendra Polytechnic College,52.18426232418682,0,0,49.34918715226439
Chebrolu Engineering College,52.18671041869606,0,0,71.13645252914029
Surajmal College Of Engineering And Management,52.19692292351082,0,0,78.8959031923757
St Soldier Institute Of Engineering And Technology,52.20160883391088,0,0,56.78186362703161
Rameshwaram Institute Of Technology And Management,52.22710885301797,0,0,42.93694083407843
Vignan'S Foundation For Science Technology And Research,52.229593581054566,0,0,53.97546217604954
Vaigai College Of Engineering,52.26466054470711,0,1,68.99340791294169
Akal College Of Agriculture,52.267711521588,0,1,57.37594734179723
Bapuji Polytechnic,52.27396415268968,0,0,62.19759173783871
World College Of Technology And Management,52.27615357997322,0,1,51.076972579775294
Shankarrao Dhawad Polytechnic,52.28244524249164,0,0,77.21061278230789
Lala Lajpat Rai Memorial Polytechnic College,52.28910481463809,0,0,50.752185864064685
Prayag Institute Of Technology And Management,52.30788296184234,0,0,61.77878639625755
College Of Engineering And Rural Technology,52.30866864279004,0,1,72.41876787802946
Gyan Ganga College Of Technology,52.31293202270176,0,0,42.29941016481114
Maharashtra Polytechnic,52.31662422976778,0,1,63.47143856942737
Supreme Knowledge Foundation Group Of Institutions,52.32444963046581,0,0,70.1158478818479
Vikas Institute Of Engineering And Technology,52.33757951233188,0,0,55.78818344869083
Gwalior Institute Of Technology And Science,52.33856635202072,0,1,50.2474131314252
Narasaraopeta Institute Of Technology,52.342896773836046,0,0,63.39515635980665
Saroj Mohan Institute Of Technology,52.34595924269033,0,0,76.8841879815445
Vidya Sagar Polytechnic,52.37183031053579,0,2,69.17961283693404
Dy Patil School Of Engineering Academy,52.37288849478411,0,1,61.83081727524655
Raman Bhakta School Of Architecture,52.37300737863359,0,1,52.20074021733606
Vijaya Engineering College,52.37833871668549,0,0,65.71660186634787
Assam Engineering College,52.380675506161126,0,0,77.94885121236274
Mukesh Patel School Of Technology Management And Engineering,52.39488696161131,0,0,49.56191675620991
Ssn Engineering College,52.417276390946,0,0,58.13066233431783
Cmr Engineering College,52.41812108731869,0,0,55.59357858568138
Adj Dharmambal Polytechnic College,52.42656234033289,0,1,52.170064569033535
Sri Aravindar Engineering College,52.42782255091279,0,0,79.07489071555861
Dr Dy Patil Institute Of Technology,52.43058267851445,0,1,50.41529589876732
Greater Kolkata College Of Engineering And Management,52.43620444469414,0,1,74.5244092290204
Skn Sinhgad Institute Of Technology And Science,52.4620128643164,0,2,66.47127051667734
Sikkim Manipal University,52.47440934353273,0,0,49.64515728068498
Ct Institute Of Architecture And Planning,52.47455416019871,0,0,77.71918086473431
Bengal College Of Engineering And Technology,52.47610679939373,0,0,67.29377157760482
Dr Gu Pope College Of Engineering,52.482836082780544,0,0,46.5233128751782
Mcts Rajiv Gandhi Institute Of Technology,52.48466534152874,0,0,44.60980015749086
Mohamed Sathak Polytechnic College,52.48468321373938,0,1,67.25042133245437
Jj Polytechnic College,52.49230352601012,0,0,40.38485811360272
Camellia School Of Engineering And Technology,52.49820959792407,0,2,68.01715033006059
Kilachand Devchand Polytechnic,52.50908164233961,0,0,44.90004488923102
Maharishi University Of Information Technology,52.51025616340284,0,0,72.95812911631413
The Kavery Engineering College,52.52573203138945,0,0,50.42958836041099
Muthayammal College Of Engineering,52.53304416209881,0,0,57.08376574288057
Sree Krishna College Of Engineering,52.53317993427359,0,0,52.43806874406604
Ganpat University,52.53445624628404,0,0,62.4323243509027
Cept University,52.5498627786183,0,0,40.127310154272585
Surya Polytechnic College,52.55637708829517,0,0,67.43958570969684
Indus International University,52.55949031931878,0,0,58.12933350308163
Sri Venkateswara Institute Of Science And Information Technology,52.57281923018273,0,0,56.49911240678347
Bethesda Institute Of Technology And Science,52.60552374714535,0,0,48.21095022317177
Thakur College Of Engineering And Technology,52.61549061225829,0,0,76.9088608675917
Symbiosis International University,52.61793680357977,0,0,51.00191220777167
Mit Academy Of Engineering,52.6257280807682,0,1,53.1981687579783
Diamond Harbour Government Polytechnic,52.63994430748744,0,0,51.35901110414958
Abhaysinhraje Bhonsle Institute Of Technology,52.64587360472039,0,0,52.56966788113771
Lal Bahadur Shastri Polytechnic,52.65358889457981,0,0,57.67146127175965
Pragyan Research Institute Of Diploma Engineering,52.65471585442248,0,0,46.83397614409864
Bits Pilani,52.66141995118485,0,0,48.22700224186646
Subharti Institute Of Technology And Engineering,52.66462110784454,0,0,65.0926722378433
Rmd Sinhgad School Of Engineering,52.673043998532215,0,0,42.04524832377103
Greater Noida Institute Of Technology Engineering Institute,52.67357522076814,0,0,40.63706879435613
Adarsh Institute Of Technology And Research Center,52.67386281603734,0,0,66.89962151112016
Velaga Nageswara Rao College Of Engineering,52.67803332072683,0,0,42.9897323789419
Adichunchanagiri Institute Of Technology,52.68636452618384,0,0,77.43011761585896
Mewar University,52.69421647816419,0,0,57.29511405482213
Krushnaji Purushottam Chousalkar Yogeshwari Polytechnic,52.72846406197174,0,0,79.76960640364075
Pt Lee Chengalvaraya Naicker Polytechnic College,52.74444272566346,0,0,64.21876259206743
Miet Kumaon,52.745430862848615,0,0,73.85105990763043
Kit'S College Of Engineering,52.754078562936,0,0,67.09345260115194
Bharti College Of Engineering And Technology,52.7630200087542,0,0,74.4403134212057
Gautam Buddha University,52.77322329151298,0,0,44.320567727913016
Bhagwati Institute Of Technology And Science,52.780914700904745,0,0,69.63540156080947
Malla Reddy Institute Of Engineering And Technology,52.7822906824275,0,0,76.06770430381627
Tagore Institute Of Engineering And Technology,52.78365035190216,0,0,79.73193884932506
S Padmavathy Polytechnic College,52.795619130513685,0,0,68.08523024116732
The Technological Institute Of Textile And Sciences,52.80498477329087,0,0,52.64697484253328
Rajkiya Engineering College,52.8129945769324,0,0,72.22130618226763
Psn Engineering College,52.828336001929976,0,0,40.5614719222597
Sri Ganesh College Of Engineering And Technology,52.83080585675393,0,2,70.477288686293
Tatyasaheb Kore Institute Of Engineering And Technology,52.8332286489854,0,0,60.129624073283466
Swami Vivekananda School Of Engineering And Technology,52.85570850844126,0,0,40.50307192993397
Annai Mira College Of Engineering And Technology,52.85712281588687,0,0,78.48490104994977
St John College Of Engineering And Management,52.86117753982786,0,1,68.5148554399913
Manav Rachna University,52.86307032900352,0,0,45.2382846122137
Adichunchanagiri Polytechnic College,52.86700826314422,0,0,54.80721975469862
Panjab University,52.86866320037521,0,0,66.39867344104499
Bhagwan Mahavir College Of Engineering And Technology,52.87381102638884,0,0,54.67053667977932
Annai College Of Polytechnic,52.87397338827789,0,0,69.60768551982373
Kns Institute Of Technology,52.888058633571625,0,0,60.92918961409677
Jorhat Institute Of Science And Technology,52.91232769399086,0,0,48.520282493631626
G Madegowda Institute Of Technology,52.91417647068246,0,0,63.57286409186144
Shri Ummed Singh Bhati College Of Engineering And Management,52.92208030777988,0,0,64.49369393307256
Om Institute Of Polytechnic,52.937751034817005,0,0,59.7652066555455
Abhinav Education Society'S College Of Engineering And Technology Polytechnic,52.94091714670145,0,0,62.04024918432701
Chitkara University Institute Of Engineering And Technology,52.94650191733509,0,0,73.74626015671517
Aravali Institute Of Technical Studies,52.95125049310919,0,0,57.8265432122759
Vivekanandha College Of Technology For Women,52.95268186258718,0,0,50.710862443077794
Ana College Of Engineering And Management Studies,52.96046726922518,0,1,40.46980218128146
Sj College Engineering And Technology,52.964861011810825,0,0,54.41985294136536
Vkr,52.96610021280435,0,0,76.90836070715848
Panchkula Engineering College,52.96823115621604,0,0,57.268480782310895
Gangamai College Of Engineering,52.97173489353506,0,0,59.825144383059694
Watumull Institute Of Electronics Engineering And Computer Technology,52.98181654965728,0,0,41.14366196669644
Sri Krishna College Of Technology,52.98692869818639,0,0,55.2543252341402
Prem Prakash Gupta Institute Of Engineering,52.997730454532,0,0,65.64743257294099
Sujala Bharati Institute Of Technology,53.004907726880255,0,0,48.72648505690232
Telangana State Aviation Academy,53.00643714457087,0,0,52.8022744409748
Acs College Of Engineering,53.011049680472986,0,0,64.72677476383913
Rajamahendri Institute Of Engineering And Technology,53.02311664727483,0,1,70.53316965718167
Suddhananda Residential Polytechnic,53.02587006227343,0,2,56.26233849079807
Shriram Institute Of Engineering And Technology Polytechnic,53.04342155412247,0,1,67.05712639375625
Prasanthi Polytechnic College,53.045027949776,0,0,60.0123456743392
Priyadarshini Institute Of Technology And Science For Women,53.048788853221495,0,1,61.283111477490046
Adhiparasakthi Polytechnic College,53.05077009448014,0,0,58.9921415158508
Sahyadri College Of Engineering And Management,53.06659243888705,0,0,40.13307188925895
Shantilal Shah Engineering College,53.08104717005445,0,0,40.73226274316168
Ms Ramaiah Polytechnic,53.09120112640957,0,0,75.2235262236669
Amardeep College Of Engineering And Management,53.09633092307047,0,1,68.91713947903682
Nuva College Of Engineering And Technology,53.09996173950104,0,2,61.61656992851883
Malla Reddy Engineering College And Management Sciences,53.13468944442999,0,2,67.74228901338304
Hindustan Institute Of Technology Science And Management,53.15868798045904,0,1,52.27261047144726
University Of Engineering And Management,53.159525462881646,0,1,42.03625646977781
Sakshi Institute Of Technology And Management,53.16013419141376,0,0,44.7127826683058
Shahjehan College Of Engineering And Technology,53.16530538629159,0,2,70.92781346647487
Sri Sairam College Of Engineering,53.17118971621923,0,0,67.41622942725128
Cat College Of Architecture,53.18280224183942,0,0,78.04098543269758
Pankaj Laddhad Institute Of Technology And Management Studies,53.18991326919965,0,0,75.648168384421
Adusumalli Vijaya College Of Engineering And Research Centre,53.19493731289806,0,1,53.05323356231435
Harshith Group Of Institutions,53.2035665258197,0,1,76.01534494473725
Gs Mandal'S Maharashtra Institute Of Technology,53.241773569288654,0,0,47.50058127399747
Amity Institute Of Food Technology,53.25417176416276,0,0,50.62754534815668
Mei Polytechnic,53.26879388189965,0,0,62.57371077673819
Mukhi Polytechnic,53.27624357232689,0,0,42.26660266662033
Gm Chaudhari Polytechnic,53.292452500618246,0,0,45.83866438716069
Bundelkhand Institute Of Engineering And Technology,53.32181864665,0,0,75.437430042848
Chhatrapati Shivaji Polytechnic,53.328187483080704,0,0,73.55881732913812
Arya College Of Engineering And It,53.33159558621187,0,0,61.80785483763418
New Era College Of Science And Technology,53.333036032837015,0,2,43.474296561611006
Mahatma Jyoti Rao Phoole University,53.33787347908,0,1,63.78927160824364
Bihar Agricultural University,53.347861238143615,0,0,52.02903518528245
Gandhi Academy Of Technology And Engineering,53.35475429973381,0,0,60.27489590743812
Smt Manjira Devi Shikshan Avam Prakashan Institute,53.3709160096196,0,0,50.72116601979175
Sitarambhai Naranji Patel Institute Of Technology And Research Centre,53.372450548541615,0,0,59.46670152453376
Nadar Mahajana Sangam Kamaraj Polytechnic College,53.373823989701286,0,0,54.98628339509507
Balaji Polytechnic College,53.373859381457066,0,2,75.9588267420078
Biju Patnaik Institute Of Technology,53.37595026000293,0,0,73.12022086980775
Podhigai College Of Engineering And Technology,53.38044338963254,0,2,68.25887935983259
Government College Of Engineering And Technology,53.381094916277846,0,0,67.23066515521501
Bhagat Phool Singh Mahila Vishwavidyalaya,53.38390525817313,0,0,52.91910256050317
Dev Bhoomi Institute Of Technology,53.38981819295846,0,0,41.40186490244918
Ap Shah Institute Of Technology,53.42050970219746,0,0,52.956113728024974
Radharaman Engineering College,53.42222820495012,0,2,50.99935910923681
Sou Venutai Chavan Polytechnic,53.427672720726,0,1,73.76508377346258
Dhanalakshmi Srinivasan Polytechnic College,53.43693573745141,0,0,78.87404007097491
Gkm College Of Engineering And Technology,53.44351348747401,0,2,50.110015695600296
Chartered Institute Of Technology,53.49647922430752,0,0,59.9506673647406
Swami Vivekanand Polytechnic College,53.5008413478895,0,0,78.94513805261565
Vaish Technical Institute,53.51919361001824,0,1,40.62947647128114
Sanjay Institute Of Engineering And Management,53.527593191608815,0,0,49.82008631359185
Vijayanjali Institute Of Technology,53.55106685876303,0,1,47.11914554740589
Mass Polytechnic College,53.555926071619965,0,0,50.32129132363952
Bangalore Institute Of Technology,53.55684288296973,0,0,50.43329985408206
Pratap Institute Of Technology And Science,53.5720061391705,0,0,77.56593458997537
The Salem Polytechnic College,53.58526188760517,0,0,64.35355071838885
Jerusalem College Of Engineering,53.5861019384928,0,1,46.77380268709618
Qis Institute Of Technology,53.59483929024692,0,1,77.3896620704769
Birla Institute Of Technology Extension Centre,53.61352594796367,0,0,78.45488083016215
Ansal School Of Architecture,53.62638924585181,0,0,61.15450438823712
Mahaveer Swami Institute Of Technology,53.63483504214419,0,1,47.64522460325868
Faculty Of Architecture,53.63895519008233,0,2,76.27599365133486
Manipur University,53.64391770881473,0,1,66.51457298457743
Ultra College Of Engineering And Technology,53.66283709745756,0,0,54.0202644010397
Narayanadri Institute Of Science And Technology,53.67660572254327,0,1,73.71455358503127
Msd Polytechnic College,53.67934937959936,0,2,45.59043898329606
Hitkarini College Of Architecture And Town Planning,53.6929249268378,0,1,72.94299946269206
Aurora'S Scientific Technological And Research Academy,53.70642018187169,0,0,42.233645520102485
Dr Kalam Polytechnic College,53.71513918282104,0,1,51.64034768902238
Bis Polytechnic College,53.73338321929073,0,1,65.11549614419621
Ramakrishna Mission Polytechnic College,53.75124656383048,0,0,69.09325965492094
Shri Sai College Of Engineering,53.75211742899887,0,0,56.2164513490541
Baba Hira Singh Bhattal Institute Of Engineering And Technology,53.76331617029843,0,2,58.97242115965548
Bengal Institute Of Technology,53.77446452979685,0,0,64.93713764738219
Helapuri Institute Of Technology And Science,53.79891948386656,0,0,74.89702044122164
Vaishnavi Institute Of Technology,53.81965872135518,0,2,65.0390864175163
Seikalathur Kamatchi Amman Polytechnic College,53.82214470330352,0,0,46.39191150121536
Shree Samarth Polytechnic,53.82632856644312,0,0,76.07032056042075
Marthandam College Of Engineering And Technology,53.8472814134358,0,2,63.42516604641949
Sushant School Of Art And Architecture,53.85679344244909,0,0,62.44184160636935
Sudheer Reddy College Of Engineering And Technology For Women,53.86812159475285,0,1,60.93267527457352
Indira Institute Of Engineering And Technology,53.87733572685157,0,2,49.63073560327255
Acharya Nagarjuna University,53.88171266776658,0,0,79.98700821296282
Maharani Girls Engineering College,53.88354014800685,0,0,58.88468741209601
Rajalakshmi Institute Of Technology,53.89889900050791,0,2,45.00714963777988
Supraja Institute Of Technology And Science,53.907863971526965,0,0,47.90646124869716
Mit School Of Bioengineering Sciences And Research,53.93301101867639,0,0,66.8631758804864
Rise Krishna Sai Gandhi Group Of Institutions,53.93319579641374,0,0,56.37886739886808
Rm Polytechnic,53.944029577809545,0,2,43.28380255355516
Vidyavardhini'S College Of Engineering And Technology,53.954113118583976,0,0,79.7369212403236
Ss Polytechnic College,53.95723901941072,0,0,44.69547062366806
Rl Jalappa Institute Of Technology,53.966670817378,0,2,63.53184917904414
University Of Calicut,53.96709853422588,0,2,47.79773178280617
Chiranjeevi Reddy Institute Of Engineering And Technology,53.96769974794304,0,0,50.704855151411536
Saraswati Higher Education And Technical College Of Polytechnic,53.969966336851776,0,2,49.49747590022301
Pgp College Of Engineering And Technology,53.989464462489885,0,1,66.45929191975875
Institute Of Shipbuilding Technology,54.00160604468622,0,0,50.30646468351557
Abhishek Polytechnic College,54.00440128884907,0,0,62.2048718056728
Sri Vasavi Engineering College,54.015301354575605,0,2,64.35931725194033
Sahaja Institute Of Technology And Sciences For Women,54.01785886693628,0,0,46.30932466178692
Sri Indu Institute Of Engineering And Technology,54.02221045407053,0,0,43.502247561653135
Patiala Polytechnic College,54.029362996365535,0,1,44.05304655885732
Pimpri Chinchwad College Of Engineering,54.03330102436296,0,0,49.61605722498834
Manav School Of Engineering And Technology,54.045500774926566,0,0,78.99994605743838
Dpg Polytechnic,54.059304947882254,0,1,67.60636286148774
Misrimal Navajee Munoth Jain Engineering College,54.06844985862245,0,0,67.37789837078815
Sage University,54.068887749257286,0,0,46.43800153943079
Gokaraju Rangaraju Institute Of Engineering And Technology,54.071819513788085,0,0,71.58695330684174
Nadgir Polytechnic,54.09484477844348,0,0,71.79922082854982
College Of Dairy And Food Science Technology,54.10071264826978,0,1,67.93026891847084
Holy Institute Of Technology,54.1075440052774,0,2,66.41401193293156
Gold Field Institute Of Technology And Management,54.10790500007215,0,0,73.75971375904257
Aryan Polytechnic College,54.11012816980696,0,0,43.0758695199857
Patiala Institute Of Engineering And Technology For Women,54.12047977965339,0,0,64.68163640046016
Centre For Design Excellence,54.13270378598621,0,1,78.13793251917659
Pragati Engineering College,54.13536468005394,0,0,72.74653009590557
Baba Farid College Of Engineering And Technology,54.15950974225096,0,1,66.19809825459635
Jss Science And Technology University,54.16116776978243,0,0,61.531111212379706
Angel Polytechnic College,54.18710363145476,0,0,51.57696851784304
Sankalchand Patel University,54.19573231203388,0,0,68.35091798043464
Nagesh Karajgi Orchid College Of Engineering And Technology,54.20860487377622,0,0,41.21189909643406
Sree Ernakulathappan College Of Engineering And Management,54.22517505113415,0,0,71.75944316079256
Tr Abhilashi Memorial Polytechnic,54.22744416870101,0,0,68.34473725581961
Prasad Institute Of Technology,54.23299394186628,0,0,79.4618267130431
Chhatrapati Shahu Ji Maharaj University,54.27247824271241,0,0,41.26842288768156
St Peter'S Institute Of Higher Education And Research,54.28476038156811,0,0,68.55487125254791
Shree Digamber Institute Of Technology,54.28784905944554,0,0,57.46249826614053
Himalayan Institute Of Engineering And Technology,54.28790561610376,0,0,42.22577939294445
Mount Zion College Of Engineering,54.29422572994254,0,0,78.65242067087073
North Eastern Regional Institute Of Science And Technology,54.30306209646801,0,0,47.01956215252424
Mahaveer Institute Of Technology,54.30420541380357,0,0,59.13154516740671
De Society'S Technical Institute,54.310500029850985,0,0,58.57450733443342
North Eastern Hill University,54.32273459452157,0,0,79.92271825453233
Kr Gouri Amma College Of Engineering,54.32557678909845,0,2,62.40076549749147
Samundra Institute Of Maritime Studies,54.32725400903182,0,2,42.33723960398525
Dr Bc Roy Polytechnic,54.335862045411766,0,1,59.836928226096525
Sree Buddha College Of Engineering,54.35660190608533,0,0,55.72362284044439
Satyam College Of Engineering And Technology,54.36948238932522,0,0,46.5314173914226
Dr Br Ambedkar Institute Of Technology,54.38961482726965,0,0,57.34923668403292
Gitam School Of Technology,54.42891775184097,0,1,78.75411744695938
Global Institute Of Architecture,54.434679049382126,0,2,64.65782015922339
Devo Mahesh College Of Engineering And Technology,54.43626275327088,0,0,77.13136793098516
Newton'S Institute Of Engineering,54.451441712725625,0,0,66.19029825297264
Shree Motilal Kanhaiyalal Fomra Institute Of Technology,54.46280465725568,0,0,70.4686770010705
Dr Bc Roy Engineering College,54.46359780485486,0,0,51.47303104946397
Jeypore School Of Engineering And Technology,54.47718136120203,0,0,55.137619936199215
Anjana Institute Of Technical Education,54.48034223472058,0,0,45.124178075462986
Naraina College Of Engineering And Technology,54.489722823652855,0,0,53.61944688005177
Srg Polytechnic College,54.49060875022055,0,0,40.04265104561375
Gandhi Academy Of Technical Education,54.49135858349997,0,0,71.09118208018555
Dehradun Institute Of Technology,54.49686106348065,0,0,71.14328051733465
Icfai University,54.519063126711,0,0,45.23532264669322
Ellenki Engineering College,54.52109855575813,0,0,65.12091558186262
Maharshi Dayanand University,54.525464593767616,0,0,67.86768903094358
Guru Arjan Dev Polytechnic College,54.53543925291072,0,1,51.14947736863255
Pillai Hoc Polytechnic,54.54249990092075,0,0,67.95085913871432
Trident Academy Of Technology,54.550843886143305,0,0,75.4243762131204
Inderprastha Engineering College,54.554019105103045,0,0,60.42703698625074
Dhirubhai Ambani Institute Of Information And Communication Technology,54.557639582336485,0,2,61.78651057569312
Indira Shiva Rao Polytechnic,54.55983107024363,0,0,74.62208322775913
Abss Institute Of Technology,54.56351996812393,0,0,64.45334366754463
Noida Institute Of Engineering And Technology,54.5647201702035,0,0,62.06932116860864
Indraprastha Institute Of Information Technology,54.56540640750549,0,0,52.95730932330953
Shri Bhagubhai Mafatlal Polytechnic,54.60527717220549,0,2,58.59413463543365
Pailan College Of Management And Technology,54.62015246617742,0,1,49.04021530267477
Jeppiaar Srr Engineering College,54.62138567555812,0,0,76.75257103430516
Kls Institute Of Engineering And Technology,54.625651858133374,0,2,42.24892714856881
Maharashtra College Of Engineering,54.64931849024046,0,0,56.373720835306905
Builders Engineering College,54.65675143113137,0,1,57.98535139124114
Nadgir Institute Of Engineering And Technology,54.65833354449544,0,2,61.93812159815892
Cauvery College Of Engineering And Technology,54.66454272268463,0,0,78.32648663062133
Institute Of Architecture And Town Planning,54.69222206569588,0,0,77.37112836768424
Swami Devi Dyal College Of Technical Education,54.69339543831323,0,0,60.76059426547036
Tripura University,54.69671661437567,0,0,52.28614566768293
Sir Jj College Of Architecture,54.69873444068577,0,2,70.63699277232072
University College Of Engineering,54.720818270100416,0,0,71.04937289618091
Shree Datta Polytechnic College,54.74062474155008,0,2,74.05104554401996
Vedant College Of Engineering And Technology,54.76411133198344,0,0,74.84310480779982
Swarna Bharathi Institute Of Science And Technology,54.77449707734248,0,1,40.74604399418494
Aarya-Veer College Of Engineering And Technology,54.78357547837268,0,1,60.17746866896902
Aurobindo Institute Of Engineering And Technology,54.78811274820157,0,0,74.50719475704292
Sr Group Of Institutions,54.80485343034796,0,1,61.39898325208914
Sandip Institute Of Polytechnic,54.82679216769544,0,0,59.182385482776205
Rajiv Gandhi College Of Engineering And Research,54.83417500770226,0,0,67.08077567092273
Techno International Batanagar,54.8437096361895,0,0,74.72747806665544
Government Women'S Polytechnic College,54.85743456009749,0,0,40.28155618473448
School Of Computer Sciences,54.8674131206409,0,0,55.9784883746245
Shri Govindram Seksaria Institute Of Technology And Science,54.87339375926717,0,0,70.20626994055861
Skdav Government Polytechnic,54.87673817593419,0,0,42.78288349464801
Excel College Of Technology,54.87795356431305,0,0,48.99350264049025
Shakambhari Institute Of Higher Education And Technology,54.90571689055855,0,2,41.3923061372314
Akshaya Institute Of Technology,54.91310475628087,0,1,65.40343367932986
Sachdeva Institute Of Technology,54.91477309211294,0,0,79.44617264003898
Svs Polytechnic,54.926302089123,0,0,77.44626110837947
Rajagopal Polytechnic College,54.93473007434151,0,0,50.867466662101336
Bengal Institute Of Polytechnic,54.94049618679799,0,1,48.02201805057799
Shri Siddheshwar Women'S Polytechnic,54.97096542128264,0,0,75.6977803513976
Maria College Of Engineering And Technology,54.97940532876712,0,1,43.81670916117732
Sri Padmam Polytechnic College,54.98196451639837,0,0,65.73998813234924
Vilasrao Deshmukh College Of Engineering And Technology,54.986742972585645,0,1,70.88259013183622
Shri Vithal Education And Research Institute'S College Of Engineering,54.99441246363805,0,0,61.98973881989299
Manoharbhai Patel Institute Of Engineering And Technology,54.99446955894059,0,0,76.48644750113706
Chaudhary Charan Singh University,55.00647747794633,0,0,65.7970919178501
Kamatchi Polytechnic College,55.00985100039068,0,0,43.441142023745165
Jss Polytechnic For The Differently Abled,55.01253719350051,0,0,73.69314780708483
Rn Modi Engineering College,55.02683878979924,0,2,53.77257752016563
Bells Institute Of Management And Technology,55.028720060812645,0,0,64.03116736055654
Chandigarh University,55.03180841053493,0,0,64.19133308648387
Swami Sahajanand Polytechnic Institute,55.0355047194826,0,0,62.64333535148612
Maharashtra Academy Of Naval Education And Training,55.04219672486485,0,0,41.829391379707104
G Narayanamma Institute Of Technology And Science For Women,55.06541891627573,0,1,71.5729583636729
Global Institute Of Management And Technology,55.07494868954415,0,0,66.08840347588645
Jawaharlal Nehru Centre For Advanced Scientific Research,55.07921131766355,0,0,69.21330703995176
Asl Pauls College Of Engineering And Technology,55.08859084257202,0,1,57.144901900339
Sagar Institute Of Science,55.099610629876416,0,0,55.16438475045861
Ppg Institute Of Technology,55.1193801858867,0,0,76.44196583694261
Sevdie Institute Of Management And Technology,55.12842594525476,0,0,53.82364031833266
Mlv Government Textile And Engineering College,55.13597879214639,0,0,66.87289916625471
Amaksik College Of Technology And Management,55.136734748994456,0,0,45.51908065789284
Finolex Academy Of Management And Technology,55.15548849393012,0,0,72.51759705990278
Trr College Of Engineering And Technology,55.17099418102552,0,0,52.99891031670443
Arya Institute Of Engineering Technology And Management,55.17476527975672,0,0,67.33117174611115
Asan Memorial College Of Engineering And Technology,55.18269274795634,0,0,48.10759048868222
Bapurao Deshmukh College Of Engineering,55.18537868298826,0,0,77.07361670865484
Jasdev Singh Sandhu Polytechnic College,55.185763978811615,0,1,58.37526355041441
Jaypee Institute Of Information Technology,55.19558760320811,0,0,78.73836252852465
Chendhuran College Of Engineering And Technology,55.19768578734192,0,0,53.9310161759268
School Of Aeronautics,55.204891845802784,0,0,77.61456534630842
Raksha Shakti University,55.205203607566204,0,0,57.71373329153418
Sengunthar Engineering College,55.20697214097813,0,0,53.82968995649088
Ambalika Institute Of Management And Technology,55.21474475352376,0,2,50.39025522871681
Ayaan College Of Engineering And Technology,55.21657638400979,0,0,62.07201950894096
Shri Ramswaroop Memorial Group Of Professional Colleges,55.25271773852411,0,0,78.48215058889244
Sri Rangapoopathi College Of Engineering,55.2527311436828,0,1,79.55638877919019
Jntua College Of Engineering,55.25583929448551,0,0,79.0828039630494
Yagyavalkya Institute Of Technology,55.25708628904283,0,0,77.33438555048795
Surendra Group Of Institutions,55.26022915528379,0,0,79.22367317587064
Alard College Of Engineering And Management,55.27028767357055,0,1,76.87385056658349
Snd College Of Engineering And Research Centre,55.298418841578425,0,1,76.3537802437439
Brahmdevdada Mane Institute Of Technology,55.308749474127005,0,2,57.31816137533578
Maturi Venkata Subba Rao Engineering College,55.309448282095886,0,0,50.46807089514476
Ilahia School Of Science And Technology,55.320216965238046,0,1,64.6501324379686
Arunachala College Of Engineering For Women,55.33241656412979,0,0,61.45271896793148
Bidhan Chandra Krishi Vishwavidyalaya,55.34813794838527,0,0,53.0584378437499
Indian Institute Of Information Technology Design And Manufacturing Kurnool,55.34841405787418,0,0,76.82320109355042
Nie Institute Of Technology,55.36906934519276,0,0,62.30502565705598
Visakha Technical Campus,55.375744654287615,0,0,56.58917516163703
Umrao Technological Institute Polytechnic,55.38483861326824,0,0,77.82972069903627
Shri Vatavriksha Swami Maharaj Devashtan'S Polytechnic,55.39639698465996,0,0,43.08889572266164
Darshan Institute Of Engineering And Technology,55.407765716012726,0,1,41.56488904149053
Rvs School Of Engineering And Technology,55.41161379202897,0,0,67.81559993135647
Heeralal Yadav Institute Of Technology And Management,55.41298506202877,0,0,46.535515711588985
Sri Rudramuni Swamiji Rural Polytechnic College,55.41391334050302,0,2,69.64848517953587
Manajiraje Bhosale Technical Campus,55.43904304252163,0,0,64.00664050171966
Na Manjammal Polytechnic College,55.455231481139705,0,1,51.28423022639095
Da Degree Engineering And Technology,55.46956665598763,0,1,63.56331764025843
Jayam Polytechnic College,55.47629503389064,0,0,73.38096545997394
Jai Parkash Mukand Lal Innovative Engineering And Technology Institute,55.481330872140745,0,1,43.141858184575376
Kamala Institute Of Technology And Science,55.48198765130572,0,1,46.28554852849489
Padmabhushan Vasantdada Patil Pratishthan'S College Of Engineering,55.484515888567415,0,0,54.101866546060165
Iimt Institute Of Engineering And Technology,55.48775904490196,0,2,46.00798201627209
Sophitorium Engineering College,55.49603563817553,0,0,73.59684699933037
Andhra Loyola Institute Of Engineering And Technology,55.49838897062953,0,0,56.12612614086149
Madhuben And Bhanubhai Patel Institute Of Technology,55.50221982742376,0,1,56.161521685991616
Sadasivam Kathirkamavalli Polytechnic College,55.50692438360729,0,0,61.04212468747096
Marian College Of Architecture And Planning,55.51266437274393,0,2,69.24863026009635
Government College Of Engineering And Textile Technology,55.51528518290331,0,0,60.07839067273604
Indira Gandhi Institute Of Technology,55.51662699034638,0,0,63.43781608402452
Shri Jagdishprasad Jhabarmal Tibrewala University,55.55020893154294,0,0,57.12465086846826
Hardayal Technical Campus,55.55373236519696,0,0,73.74862200900887
Department Of Electronics,55.55718662727175,0,0,42.8166097516576
Shri Laxmanrao Mankar College Of Polytechnic,55.57655310592935,0,0,61.53182906573515
Guru Gobind Singh Educational Society'S Technical Campus,55.598748838781205,0,0,70.15679718668477
Rn Polytechnic College,55.61241508341484,0,0,57.24631072589716
Holy Grace Academy Of Engineering,55.612889869512536,0,0,52.64478190677924
Maeer'S Mit Polytechnic,55.61694619690324,0,0,45.70123858188906
Baba Saheb Ambedkar Polytechnic,55.621886801610366,0,0,49.5048737476544
Samuel Polytechnic College,55.63822002526842,0,0,42.66984384785951
Luthfaa Polytechnic Institute,55.6445792714965,0,0,70.9596053879237
Ashokrao Mane Polytechnic,55.64996533544354,0,0,67.64026070959164
Shri Venkteshwar Institute Of Technology,55.65095863094467,0,0,68.61098418115257
Sreekavitha Engineering College,55.65818498338918,0,1,65.54824147672701
Christ The King Polytechnic College,55.65880945083326,0,0,69.69386729660536
Sree Chaitanya College Of Engineering,55.6628277766666,0,1,52.78694662653949
Aarupadai Veedu Institute Of Technology,55.68094034608095,0,2,41.34055148213214
Sankalchand Patel College Of Engineering,55.716872559527694,0,2,46.99766581487678
Pes Institute Of Technology And Management,55.71998416186408,0,0,61.54690210455844
Madan Mohan Malaviya University Of Technology,55.72860984673413,0,1,51.99708479580797
Neelkanth College Of Engineering,55.730811207277455,0,1,72.34334322774271
Vaagdevi Institute Of Technology And Science,55.73344324120603,0,0,57.85817227008404
Ls Raheja School Of Architecture,55.75210263579521,0,0,68.64903479688303
Parul Institute Of Engineering And Technology,55.75717691954556,0,0,79.3065589329597
Ishwar Chandra Vidyasagar Polytechnic,55.75827461722052,0,0,59.793271689138365
Sree Arumugham Polytechnic College,55.77606957997271,0,1,71.22364374513906
Shri Dadaji Institute Of Technology And Science,55.78115790709353,0,1,40.75992810814722
Bhiwani Institute Of Technology And Sciences,55.79211448053466,0,0,64.36335328716407
Ml Institute Of Diploma Studies,55.842336803403,0,0,76.84055537868373
Rvs Technical Campus,55.84348874942026,0,0,47.50098284970784
Narayanaguru College Of Engineering,55.85262413457664,0,2,52.82821915010545
School Of Planning And Architecture Vijayawada,55.85701310316877,0,2,41.56240970400625
Jamia Institute Of Engineering And Management Studies,55.85733974478174,0,1,60.07731367650527
Bp Poddar Institute Of Management And Technology,55.8628108322312,0,0,67.54129758865061
Alliance College Of Engineering And Design,55.87027384121083,0,0,51.09489895210526
Sri Venkateswara University College Of Engineering,55.87203898277113,0,2,41.68966072129928
Parul Polytechnic Institute,55.879404041769135,0,0,66.1324405774854
Jaya Prakash Narayan College Of Engineering,55.88399856622395,0,0,58.36887383270589
Viva College Of Diploma Engineering And Technology,55.90299469118432,0,0,53.779129483865454
Galaxy Global Group Of Institutions,55.90528379790263,0,0,53.72722984172382
Krishna Institute Of Management And Technology,55.91176303762335,0,0,66.2813975116114
Arulmigu Kalasalingam Polytechnic College,55.91873649274982,0,0,70.09315162625492
Aps College Of Engineering,55.92218748941205,0,0,72.80523097201225
Nri Institute Of Information Science And Technology,55.92578828963613,0,0,55.63852160350688
Eswar College Of Engineering,55.93151875345006,0,1,63.29048804613329
Dr Navalar Nedunchezhiyan College Of Engineering,55.94474101145325,0,0,78.25888361277576
Bharati Vidyapeeth'S Jawaharlal Nehru Institute Of Technology Polytechnic,55.947230053430864,0,0,41.52786753815383
Dr Zh Institute Of Technology And Management,55.9541332603752,0,0,78.28607824145779
Daripally Anantha Ramulu College Of Engineering And Technology,55.974223089695904,0,0,77.72901277248806
Central Agricultural University,55.976467155355394,0,0,59.5367527899775
Rise Krishna Sai Polytechnic College,55.97649390225393,0,1,55.52877479615166
Glocal School Of Science And Technology,55.98315052190412,0,0,41.60962600260958
Baba Banda Singh Bahadur Polytechnic College,55.99650132268648,0,2,78.95931599116983
Shri Vaishnav Vidyapeeth Vishwavidyalaya,55.99725824200826,0,0,77.27689060985676
Vidhyapeeth Institute Of Science And Technology,56.00477699497066,0,1,61.965045925769886
Cauvery Polytechnic,56.01057621051983,0,1,56.4459899858381
Sir Chhotu Ram Institute Of Engineering And Technology,56.01985535597551,0,0,62.125527572060975
Vit University,56.04712511587485,0,0,66.75286581944367
Buddha Polytechnic Institute,56.05170652053848,0,0,52.469313427069466
Mar Polytechnic College,56.05279065117982,0,0,57.98763375120093
Koustuv School Of Engineering,56.06818516743508,0,0,74.49584692242058
Maa Bhagwati Educational Institute,56.06912440110315,0,0,73.06098068385897
North India Institute Of Technology,56.06991239144847,0,0,56.427243727467136
Gramin Polytechnic,56.09984119419891,0,0,63.26861786662821
Shri Angalamman College Of Engineering And Technology,56.1065162048903,0,0,64.205009282196
Netaji Subhas Institute Of Technology,56.118487692552094,0,0,51.59552731576176
Mrk Institute Of Technology,56.121221504248695,0,0,79.19149817691984
Shree Devi Institute Of Technology,56.122043107216605,0,0,63.59585040872151
Vpmp Polytechnic,56.12429240952802,0,1,73.10388118759886
Siliguri Institute Of Technology,56.14402672360603,0,2,65.77923558154757
Lords Institute Of Engineering And Technology,56.15044839993168,0,0,70.62868494736716
Skp Engineering College,56.150936191888114,0,0,45.52865491461921
Jainuddin Zaweri Polytechnic,56.15428055144501,0,0,44.12145149702594
Vivekananda College Of Technology And Management,56.1570532430465,0,0,57.43778479674873
Ram Devi Jindal Group Of Institutions,56.16022432070071,0,0,42.48442318001117
Jaipur Engineering College,56.16434062796578,0,0,78.95106178864934
Medak College Of Engineering And Technology,56.17974974164736,0,0,52.526863242950526
New Prince Shri Bhavani College Of Engineering And Technology,56.187821348156746,0,2,63.63123091296664
Ashokrao Mane Group Of Institutions,56.20762776673049,0,0,69.73490195791672
Manthan Polytechnic College,56.24046328432509,0,0,74.77525499361319
Rayat Bahra Faculty Of Engineering,56.24654132303371,0,0,48.02690362455506
Sahrdaya College Of Engineering And Technology,56.2509827517625,0,0,79.46167034876433
Nilai Institute Of Technology,56.2524301312793,0,0,52.13963916387065
Br Harne College Of Engineering And Technology,56.27289068333437,0,0,76.53667393160202
Kadwa Polytechnic,56.28727676688234,0,0,74.41594032082364
Aryan Institute Of Engineering And Technology Polytechnic,56.288123167527885,0,0,52.49515496847047
Rd Engineering College Research Centre,56.31189987856794,0,0,68.19606691986135
Future Institute Of Engineering And Management,56.31696367691445,0,0,74.14015969607934
Viswanadha Institute Of Technology And Management,56.32002225399292,0,1,51.52484748375507
Nanasaheb Mahadik Polytechnic Institute,56.33380018187702,0,1,79.70940265216555
Rvr And Jc College Of Engineering,56.358706554643845,0,0,44.63549697827091
Shiva Institute Of Engineering And Technology,56.362186949145794,0,0,74.82997862534471
Kamla Nehru Institute Of Technology,56.377255787724565,0,2,66.79815108624173
Dhaanish Ahmed Institute Of Technology,56.38445441192141,0,0,48.04372727364377
Shroff Sr Rotary Institute Of Chemical Technology,56.384468232015664,0,1,74.10830509365567
Vidya College Of Engineering,56.39253073838732,0,0,43.34712665236534
Hindustan College Of Science And Technology,56.41171634046634,0,2,53.57617580740543
Technocrats Institute Of Technology Advance,56.42653657544257,0,0,40.68536617746022
Indraprastha College For Women,56.43676659279624,0,1,69.0564474227976
The Kavery College Of Engineering,56.44484749256366,0,0,53.04201971401823
Prasad V Potluri Siddhartha Institute Of Technology,56.44543812418836,0,0,71.06990177018794
Believers Church Caarmel Engineering College,56.44706363275552,0,0,77.69603558174381
Sree Vaikundar Polytechnic,56.45105059050229,0,0,46.17776013757128
Gandhinagar Institute Of Technology,56.46128072589994,0,0,70.90739940941158
Avanthis Polytechnic College,56.47068812155369,0,1,70.26551798917669
Sri Krishna Polytechnic,56.4763489439825,0,2,52.04320036227294
Satyug Darshan Institute Of Engineering And Technology,56.48482333634533,0,0,48.73485913996318
Shri Bhairavnath Nisarg Mandals Diploma In Engineering And Technology Polytechnic Institute,56.48573018650041,0,0,42.23197410433496
Shree Bahubali Polytechnic,56.48662390543323,0,0,68.08994102485823
Kngd Modi Engineering College,56.4889087626765,0,0,47.282610543381
Shanti Niketan College Of Engineering,56.497140784973794,0,0,66.37099899157343
Rk Polytechnic,56.49822678976528,0,1,47.6012339131775
Surya Engineering College,56.51974357794552,0,0,69.59204117861435
Thirumalai Engineering College,56.52379806983666,0,0,64.91468452205687
Hilli Government Polytechnic,56.52448672308026,0,0,69.85459084515796
Azad College Of Engineering And Technology,56.52486355863738,0,1,74.76172852577636
Asia Pacific Institute Of Information Technology,56.530714815139845,0,0,79.43842258064814
Rajarshi Shahu College Of Engineering,56.53242363418654,0,1,52.47826715671
Muffakham Jah College Of Engineering And Technology,56.53868726263381,0,0,70.66043706709749
Government Co Ed Polytechnic,56.53941320833172,0,0,70.63416779439265
Jaipur Institute Of Engineering And Management,56.55012334178261,0,0,57.82704068020973
Government Model Engineering College,56.57344400589263,0,0,46.54927296031162
Cit Sandwich Polytechnic College,56.5808598766504,0,0,67.74164009875697
Nancy Polytechnic,56.58396795142526,0,2,65.67056801823716
Shreeyash College Of Engineering And Technology,56.60318275718383,0,0,68.95734718931135
Shri Chhatrapati Shivajiraje College Of Engineering,56.61684689858953,0,0,50.60429060134979
Ggs College Of Modern Technology,56.640556213629125,0,0,55.62335019736421
Yd Mane Institute Of Technology,56.64455099014128,0,1,52.83050932584357
Siddhi Vinayak Polytechnic,56.66399831775477,0,1,40.23821140705319
Suguna Polytechnic College,56.66475792356985,0,0,55.425436464137306
Prestige Institute Of Engineering And Science,56.67776035762911,0,1,47.9967289700295
Ssm Institute Of Engineering And Technology,56.69313826716037,0,0,51.336526692738005
Bhagwan Mahavir Polytechnic,56.69486540415949,0,0,52.487551198833074
Sree Ramkrishna Silpa Vidyapith,56.69531905789675,0,0,48.17745810245918
Aalim Muhammed Salegh Polytechnic College,56.70745850288425,0,1,66.39130876761587
Mailam Engineering College,56.71739137314454,0,0,79.5393153956373
Chitkara Polytechnic,56.721048367757774,0,1,62.81259943586656
Cambridge Institute Of Polytechnic,56.74041783026788,0,0,43.309815462114045
Maharaja Agrasen College Of Engineering And Technology,56.74312784678044,0,2,66.70587718404511
Vikash Institute Of Technology,56.74441588651449,0,0,43.86602283232446
Uma Charan Patnaik Engineering School,56.75577203153655,0,1,44.68411397866995
Achariya College Of Engineering Technology,56.77987540892333,0,0,53.28212573893069
Brahmanand Group Of Institutions,56.78376072896568,0,1,62.137400400241766
Jaypee University Of Information Technology,56.78788830656336,0,0,40.26167360443661
Vijayalakshmi Polytechnic,56.80560940541832,0,2,69.79883934838534
Amrutvahini Polytechnic,56.80587010617496,0,0,60.95090777062269
Amrut Institute,56.82132104014363,0,0,67.35066565538986
University Institute Of Engineering And Technology Csjmu,56.82610940284143,0,1,65.64469136433287
Madurai Institute Of Engineering And Technology,56.84549282903262,0,0,40.573719901155336
Holy Kings College Of Engineering And Technology,56.84692284774536,0,0,76.22330771594251
Ar College Of Engineering And Technology,56.87301734105426,0,0,79.9672560894353
Jayaraj Annapackiam Csi Polytechnic College,56.87669630486098,0,0,78.59026663992853
Rtc Institute Of Technology,56.91409024272232,0,0,60.2065631738892
Sri Sunflower College Of Engineering And Technology,56.92765569780092,0,1,52.946223262055774
Advanced Plastics Processing Technology Centre,56.940139770497694,0,0,74.98366639244206
Government College Of Engineering And Leather Technology,56.94734334284564,0,0,70.67475706958983
Bonam Venkata Chalamayya Engineering College,56.94994322673131,0,0,74.09222395454512
South Point School Of Polytechnic,56.9499752585416,0,0,41.34892136932365
Adhiparasakthi College Of Engineering,56.95022323869502,0,0,43.87131685966172
Sembodai Rukmani Varatharajan Engineering College,56.95551103780895,0,0,41.12359369927428
Pondicherry University,56.97423781479896,0,1,79.24038069843537
Modern Institute Of Technology And Management,56.97460234433869,0,1,76.39903277295993
Chaibasa Engineering College,56.97655915296279,0,0,67.52041296019122
Mj College Of Engineering And Technology,56.97994755334338,0,0,66.31518213132287
Government Polytechnic Garur,56.99220148773806,0,1,50.85731064895023
Guru Teg Bahadur Khalsa Polytechnic College,57.00646619433937,0,0,64.08957062639715
Uttaratech Polytechnic,57.0114171132698,0,0,77.83891788774682
Maharana Institute Of Professional Studies,57.0256605142199,0,0,68.91241225035097
Shri Chimasaheb Jagdale Institute Of Technology,57.02571445543293,0,0,69.98928446377872
Mes Institute Of Technology And Management,57.02956981843552,0,0,75.81237446490306
Jat College Of Polytechnic,57.03322057806105,0,0,45.35728865291673
Subramanian Polytechnic College,57.03362012364579,0,0,60.769543405754106
Bcare Institute Of Management And Technology,57.04659501530496,0,1,60.50124015680752
Sree Dattha Institute Of Engineering And Sciences,57.05368338647155,0,0,60.574175272173306
College Of Engineering And Management,57.07643355905485,0,0,65.41906815498953
Techno Engineering College,57.078719156190346,0,0,72.14226135618875
Techno India,57.086892804673205,0,1,57.35377834854213
Pavai College Of Technology,57.11151843423701,0,0,43.10108601170897
Swami Krishnajivandasji Institute Of Technology,57.11873588742368,0,1,57.49550327244656
Shri Devi Women Polytechnic,57.119056806848064,0,1,67.89545489890716
Silchar Polytechnic,57.121346649987046,0,0,66.31063953588898
Brick Group Of Institutes,57.14641823973791,0,1,78.43389166011666
Shree Rayeshwar Institute Of Engineering And Information Technology,57.15259466656112,0,1,57.80378528894031
Shivdan Singh Institute Of Technology And Management,57.1719058163125,0,2,58.18672029040592
Rmd Engineering College,57.18175592160679,0,0,43.801960787295975
Central Institute Of Plastics Engineering And Technology,57.18575470248838,0,0,67.42941168655888
Maharana Pratap College For Women,57.186485343076015,0,0,58.35846302511028
Kln College Of Engineering,57.18971272304307,0,0,59.33871725976452
Giet College Of Engineering,57.18982137915887,0,0,46.20340675472961
Dr Akhilesh Das Gupta Institute Of Technology And Management,57.19375615886178,0,0,69.25717349034291
Brilliant Grammar School Educational Society'S Group Of Institutions,57.19379636300654,0,0,42.54527250975577
Svs College Of Engineering,57.20885683989253,0,0,65.16227520467919
Rv Parankar College Of Engineering And Technology,57.21379954277681,0,0,56.43353901131555
Nath Polytechnic,57.215162908618304,0,0,45.54409940199188
Mysore College Of Engineering And Management,57.22104164818416,0,1,59.9876954712975
Nit Polytechnic,57.22348421281718,0,0,49.77547021316009
Dr Br Ambedkar Polytechnic College,57.22773761909542,0,2,50.66267564926813
Ferozepur College Of Engineering And Technology,57.24109489499716,0,0,71.70032010805708
Sr Government Polytechnic College,57.24284871987945,0,1,42.08988916704113
Akshaya College Of Engineering And Technology,57.24669099091071,0,0,44.41994330441617
Uttarakhand Institute Of Technical And Professional Education,57.247060032417664,0,0,68.44733967270777
Dr Mgr Polytechnic College,57.24920309765349,0,1,62.94569064981475
Egs Pillay Engineering College,57.25801524099815,0,0,61.52901255786091
Pm College Of Engineering,57.30473352166659,0,2,72.4904455716101
Om Institute Of Technology,57.304782231007565,0,2,68.01812875118615
Kmct College Of Engineering For Women,57.30770872901269,0,2,58.596782232426726
Nova College Of Engineering And Technology,57.31724605938888,0,0,51.69282829800129
Govind Ballabh Pant University Of Agriculture And Technology,57.32731557422238,0,0,76.03439133262842
All India Shri Shivaji Memorial Society'S Institute Of Information Technology,57.33508855411732,0,1,63.80797990483262
Dr Sg Reddy Polytechnic,57.340729162096935,0,0,77.32884412365209
Sigma Institute Of Engineering,57.351867321672046,0,0,79.14720178806843
Dilkap Research Institute Of Engineering And Management Studies,57.36555250169627,0,0,49.7657144829637
Vissj Government Polytechnic,57.37345429379555,0,0,61.42031312071552
Dayananda Sagar College Of Engineering,57.43696148031911,0,0,65.59593639167541
Jawahar Engineering College,57.43775550990252,0,1,50.6838117145556
Gp Polytechnic College,57.45496020805625,0,2,66.00114522623605
Nutan Maharashtra Vidya Polytechnic,57.45544232478798,0,0,43.49065495352833
Institute Of Engineering And Science,57.46932059194768,0,0,57.01516025039328
Siddhartha Institute Of Technology And Sciences,57.47449777083506,0,0,58.161267965075865
Sri Raghavendra Institute Of Science And Technology,57.47968675325944,0,0,78.23238771704754
Anuradha Engineering College,57.48695945671737,0,0,62.51965336925423
Elitte Institute Of Engineering And Management,57.49077850446358,0,0,54.8484447287222
Rajiv Gandhi Proudyogiki Vishwavidyalaya,57.519760741300686,0,0,44.2562317624656
Government Girls Polytechnic,57.54073693099444,0,1,52.51623672417034
Mahakal Institute Of Technology And Management,57.55477360682024,0,0,53.68260366517161
Kalpana Chawla Government Polytechnic For Women,57.59453316335086,0,0,40.59065041457367
Sharadchandra Pawar College Of Engineering,57.59910907630383,0,1,75.94367764763194
Keystone Group Of Institutions,57.60474459373128,0,1,66.33064388878344
Sri Satya Narayana College Of Engineering And Technology,57.61102536899304,0,0,43.497087652172446
Swami Devi Dyal Institute Of Engineering And Technology,57.611580534091765,0,0,60.81386489736418
Wellfare Institute Of Science Technology And Management,57.624067199812295,0,0,62.27988551460683
Dr Harisingh Gour Vishwavidyalaya,57.66115730536515,0,2,60.54197862338229
Yadavindra College Of Engineering,57.67996064179992,0,0,45.41353163366405
Basavakalyan Polytechnic College,57.68099877081944,0,0,57.13416441592907
Kc College Of Engineering And Information Technology,57.68308576210171,0,0,58.46618800195319
Ramgarh Engineering College,57.68791692520121,0,0,44.59957158440176
Mahaveer Institute Of Technology And Science,57.69848173472482,0,1,57.45075576688063
Sir M Visvesvaraya Institute Of Technology,57.70383039782392,0,0,55.91897082995179
A1 Global Institute Of Engineering And Technology,57.709675261309926,0,0,51.30228744347151
Swami Keshvanand Institute Of Technology,57.71076355285873,0,0,76.7417347136938
Gomathi Ambal Polytechnic College,57.72540699741735,0,0,55.79832786662188
Sa Engineering College,57.72594796886622,0,1,66.04555744093936
Kln College Of Information Technology,57.73038208831059,0,2,47.2176278798976
Care School Of Engineering,57.74227905319047,0,0,50.18992008692099
Technology Education And Research Institute,57.74379364665956,0,0,75.39218016284734
Vidyavardhinis Bhausaheb Vartak Polytechnic,57.75217908391981,0,1,76.19587447493785
Mahath Amma Institute Of Engineering And Technology,57.7626424042548,0,0,54.05813368290942
Mother Theresa Institute Of Engineering And Technology,57.770525737110574,0,0,74.12080801263954
Ld College Of Engineering,57.77551708500986,0,0,60.02120224891969
Cu Shah Technical Institute Of Diploma Studies,57.80370955708853,0,0,74.6971010921823
Maha Barathi Engineering College,57.80773412573802,0,0,70.0526059170833
Op Jindal University,57.8096347550421,0,1,41.21429773252305
School Of Energy And Environmental Studies,57.82294340303135,0,0,69.96022059645009
Jiwaji University,57.835152579039566,0,0,59.45726216282074
Mizoram University,57.845447249422,0,0,66.34388275331563
Stanley College Of Engineering And Technology For Women,57.84616663987441,0,0,72.49981814209364
Prashanti Institute Of Technology And Science,57.84669208777129,0,2,45.03829680375968
Minerva Polytechnic,57.8471474957268,0,0,55.24475897827651
Tool Room And Training Center,57.85244007502227,0,1,49.623052854423136
Mallabhum Institute Of Polytechnic,57.86840609363127,0,1,54.28876014250071
Christu Jyothi Institute Of Technology And Science,57.87049518585268,0,0,65.79915533212383
St Joseph'S Institute Of Technology,57.88472044475802,0,1,63.391907037162056
Indore Women'S Polytechnic College,57.88923870010176,0,0,45.28598526648503
Vardey Devi Institute Of Engineering And Technology,57.89080213873406,0,0,47.50999752672954
Lucknow Polytechnic,57.904230602494025,0,0,76.24288004065893
Lakshmi Bai Sahuji Institute Of Engineering And Technology,57.914124552442665,0,0,54.49913138393691
Birla Vishvakarma Mahavidyalaya,57.91769303494303,0,0,79.0423355963414
Uma Nath Singh Institute Of Engineering And Technology,57.93485655205116,0,2,64.85873282912102
Bansal Institute Of Research Technology And Science,57.942293537738905,0,0,44.619499906352594
Kunwar Satyavira College Of Engineering And Management,57.94649952539915,0,0,66.62666674633074
Pannai College Of Engineering And Technology,57.94656287212322,0,0,66.5635539690392
Dr Bhanuben Nanavati College Of Architecture For Women,57.95715697457,0,1,40.15069678362605
Vidya Niketan College Of Engineering,57.9695175834382,0,1,48.00845952464579
Paliwal Institute Of Engineering And Technology,57.97137537067404,0,0,63.07063845911697
All India Shri Shivaji Memorial Society'S Polytechnic,57.98388493585284,0,0,73.19039107861542
Ars College Of Engineering,57.99350283420735,0,0,47.140361430914766
Imps College Of Engineering And Technology,57.999455668468286,0,0,77.48059350379297
Chander Singh Garhwali Subharti Polytechnic College,58.0161731325327,0,1,59.71425305884621
Nitte Institute Of Architecture,58.01805991262603,0,0,66.31452068859048
Subharti Polytechnic College,58.02454493174438,0,1,52.71123505476728
Hasvita Institute Of Management And Technology,58.02931816507173,0,0,79.42251385474209
Vigneshwara Polytechnic College,58.04216340357341,0,2,42.31391003230953
Himgiri Zee University,58.04327560371867,0,0,56.8063614176212
Al-Ameen Educational And Medical Foundation'S College Of Engineering And Management Study,58.04728340094255,0,1,64.20451361056115
Amiraj College Of Engineering And Technology,58.04939392176391,0,0,79.9302526413272
Ke Society'S Rajarambapu Institute Of Technology,58.05523681699311,0,0,53.710146241479976
Prince Shri Venkateshwara Padmavathy Engineering College,58.06258240813606,0,0,52.59675421119758
Brainware University,58.068629187735816,0,0,57.86677565813877
Sagar Institute Of Science And Technology,58.08526243001908,0,0,66.66970240952652
Sreyas Institute Of Engineering And Technology,58.11425032554648,0,0,70.89616785497282
Matoshri Aasarabai Polytechnic,58.11600554816611,0,1,68.15723918749505
Shree Ram Mulkh Institute Of Engineering And Technology,58.11904813539852,0,0,71.31660101864887
Sanskriti University,58.11961696905193,0,0,54.64438226318144
Kk College Of Engineering And Management,58.12419795240371,0,0,63.7568416874344
Ramanadatirtha Engineering College,58.130667272470106,0,0,55.08212127915648
Kongu Polytechnic College,58.13234353128644,0,0,69.44514607251506
Sasi Institute Of Technology And Engineering,58.14378908083813,0,0,61.48165024693702
Kingston Engineering College,58.15399094028106,0,1,73.6038342109484
School Of Planning And Architecture Bhopal,58.16237459794694,0,0,60.01130287119599
Nbn Sinhgad School Of Engineering,58.16763520598157,0,0,43.89541938416117
Abbnoor Polytechnic College,58.20395010028538,0,0,48.805723285661294
Vidya Prasarak Mandal'S Polytechnic,58.21874033624071,0,0,40.73556386772092
Vidya Vihar Institute Of Technology,58.22636244600476,0,1,48.31939370754335
City Engineering College,58.23158276559672,0,0,64.02547103455491
Defence Institute Of Advanced Technology,58.2436134494255,0,0,62.52438027233845
Ksrm College Of Engineering,58.24632448665224,0,2,72.91287341873159
Radhe Institute Of Engineering And Technology,58.25451048935675,0,0,68.93308637364714
University Of Rajasthan,58.25574389691696,0,0,49.28943153209291
Angadi Institute Of Technology And Management,58.28157841612594,0,0,69.07149023157766
Chandigarh College Of Engineering And Technology,58.314851307782405,0,2,74.3306194349034
Ba College Of Engineering And Technology,58.319088246960405,0,0,66.35916026321901
Info Institute Of Engineering,58.33456740001873,0,0,41.49111298698508
Gh Raisoni Academy Of Engineering And Technology,58.34930851451952,0,0,77.52709208654467
Punjab Institute Of Engineering And Applied Research,58.36805085523275,0,0,57.83991285438993
Aurora'S Engineering College,58.36842060485033,0,0,49.46062128564724
Dhanalakshmi Srinivasan College Of Engineering And Technology,58.3881614394887,0,1,79.04640309693873
Dhanalakshmi Srinivasan Institute Of Technology,58.38841406853173,0,0,78.57986055207968
Sri Ramakrishna Mission Vidyalaya Polytechnic College,58.39462593646341,0,1,74.61231182516869
Sigma Polytechnic,58.40109337224643,0,0,62.86382556554088
Kamptee Polytechnic,58.42598351258401,0,0,69.59627692577106
Mvj Polytechnic,58.4296943673145,0,1,71.73672851428574
Dr Rajendra Prasad Polytechnic,58.431222189330775,0,1,40.60932366723107
Shivneri Polytechnic,58.43231613429104,0,1,50.1092884103675
Delhi Institute Of Technology,58.44857406172223,0,0,58.18357445563147
Kalam Institute Of Technology,58.49120474173309,0,0,64.91408488279251
Poojya Sane Guruji Vidya Prasarak Mandal'S Dn Patel College Of Engineering,58.49481800594587,0,0,62.91514224684676
Aryabhatt College Of Engineering And Technology,58.522082498657,0,1,61.95373507434804
Avinashilingam Institute For Home Science And Higher Education For Women,58.534890805446096,0,1,63.8123353764851
Rmk College Of Engineering And Technology,58.54732054194396,0,0,66.1328763086394
Matoshri Institute Of Technology,58.54992110003495,0,0,72.0825684696899
Zenith Institute Of Science And Technology,58.56234445960906,0,0,59.58043655783537
Loyola Institute Of Technology And Science,58.577329454616006,0,0,55.08686444164879
Rayat-Bahra College Of Engineering And Nano Technology For Women,58.60484008659612,0,2,79.91162053519811
Heritage Technical College,58.60765382345764,0,0,45.481961307742736
Bhabha College Of Engineering,58.62205848359096,0,0,42.026388985965966
Pmr Engineering College,58.62232562930667,0,0,63.9848578631238
Dr Vishwanath Karad Mit World Peace University,58.6223404576038,0,0,55.23780832453126
Raj Kumar Goel Institute Of Technology,58.62705611269867,0,0,65.42069267464534
Bs Abdur Rahman Institute Of Science And Technology,58.64810250426889,0,0,58.35439502729403
Malik Sandal Institute Of Art And Architecture,58.66389128611941,0,0,69.89384492090853
Noida International University,58.68763352572736,0,0,65.73824863602218
Ss College Of Polytechnic,58.696512515791056,0,0,56.539083878033445
Shri Siddhi Vinayak Institute Of Technology,58.70068326923406,0,0,64.4850627828905
Priyadarshani College Of Computer Sciences,58.70313781647285,0,1,59.559119003771045
Pragna Bharath Institute Of Technology,58.70676360198168,0,0,57.81762176308934
Ganga Memorial College Of Polytechnic,58.72866400298894,0,0,78.47725847525062
Jawaharlal Nehru Architecture And Fine Arts University,58.73930321145864,0,1,53.29628165230668
Bharat Ratna Indira Gandhi College Of Engineering,58.74341671609582,0,0,54.94739901181675
Psn College Of Engineering And Technology,58.77039269089903,0,2,57.45487111314057
Bv Krishna Polytechnic College,58.77946504409334,0,1,53.87974404330943
Swamy Abedhanandha Polytechnic College,58.80149658027548,0,0,75.71532058827432
Kle College Of Engineering And Technology,58.80471237152287,0,1,43.33958410290309
Shyam College Of Engineering,58.81263978475927,0,0,76.75178461430393
Mk College Of Engineering And Technological Research,58.815002069549294,0,0,57.62160067007413
Dr Dy Patil Institute Of Engineering And Technology,58.8452179045793,0,1,49.83403500209845
Bhopal Institute Of Technology,58.84674320697664,0,0,74.47633034637437
Voice Of God Polytechnic College,58.857287939358926,0,0,68.79590091559335
Vidyaa Vikas College Of Engineering And Technology,58.85900618809653,0,0,78.55838780425655
Priyadarshini Institute Of Engineering And Technology,58.8721421375869,0,0,42.925099659819374
Tamil Nadu Dr J Jayalalithaa Fisheries University,58.88255777309405,0,0,72.09613226261354
Dr Kn Modi University,58.8856432565396,0,0,79.47249016614433
Shri Balwant Institute Of Technology,58.89009757793816,0,0,72.95266845021942
Netaji Subhas Institute Of Polytechnic,58.90816539348398,0,2,48.52004895142984
Xavier Institute Of Engineering,58.91181533884776,0,0,48.84099848312822
Svr Engineering College,58.9289844356719,0,0,63.439977463394186
Guru Gobind Singh Polytechnic College,58.94172318774183,0,2,50.67382466446023
Kalpataru Institute Of Technology,58.94637599787058,0,0,53.69823521938329
Ace Engineering College,58.96493117883878,0,0,61.07674018165582
Northern Institute Of Engineering Technical Campus,58.96963366414129,0,1,61.52032869353453
Raasi Polytechnic College,58.96998589275682,0,2,44.15412115102447
Aurora'S Technological And Management Academy,58.9809856160647,0,0,46.95609051329064
Vivekanand Institute Of Technology And Science,59.02399008761719,0,0,54.01884287376835
Samanta Chandra Sekhar Institute Of Technology Management,59.06143725912002,0,0,48.38003600505294
Rajasthan Polytechnic College,59.06687261799322,0,0,45.59288347210423
Thiagarajar Polytechnic College,59.07516254404,0,0,78.91491775693748
Geeta Institute Of Management And Technology,59.08118113030244,0,0,53.93510991123581
University Polytechnic,59.0893384357601,0,1,49.3125189501613
Gicts Group Of Institutions,59.0903207510712,0,0,79.53687190710623
Suraj Muchhala Polytechnic,59.0946729701523,0,0,43.689354028037805
Vivekananda Polytechnic College,59.099633235943465,0,0,67.94725546013822
Kandula Srinivasa Reddy College Of Engineering,59.102671548591545,0,0,61.5991625045246
Rvs School Of Engineering,59.11609210413958,0,0,66.84163315545072
Global Polytechnic College,59.12486417872314,0,1,79.61949758605357
Apollo Institute Of Technology,59.12624734692996,0,1,44.056517388557886
Nsn College Of Engineering And Technology,59.13393240767645,0,0,60.31643226241295
Dumkal Institute Of Engineering And Technology,59.18534802976758,0,0,52.57075524730778
Cgc Institute Of Architecture,59.18909753747116,0,0,58.87774403050982
Rakshpal Bahadur College Of Engineering And Technology,59.19277089125444,0,0,79.69503691545646
Surendra Institute Of Engineering And Management,59.197233374943394,0,0,74.33280342119426
Ay Dadabhai Technical Institute,59.20050495992804,0,0,57.418741757290206
Aurangabad College Of Engineering,59.20265725321163,0,0,72.94104938282095
Ballarpur Institute Of Technology,59.21742736877015,0,0,57.56516633285553
Bhubaneswar Institute Of Industrial Technology,59.22614609305424,0,1,71.16757412735707
St Xavier'S Catholic College Of Engineering,59.25648895972918,0,0,65.36662520546001
Scholar Institute Of Technology And Management,59.26544804020159,0,0,41.43654628438428
Cmr Technical Campus,59.281315255079775,0,0,60.079790899006
Sandur Polytechnic,59.28470294510006,0,1,48.51453407582625
Visvesvaraya Technological University,59.301171643802206,0,0,79.77679409008783
Jawaharlal Darda Institute Of Engineering And Technology,59.330048439499016,0,1,63.27554907283378
Ganesh Institute Of Engineering And Technology Polytechnic,59.33222591074903,0,1,79.25846737600145
Purvanchal Institute Of Architecture And Design,59.34111468260057,0,2,47.05160150025354
Srajan Institute Of Technology,59.346257962787575,0,1,56.64057571191915
Shivaji Polytechnic College,59.38654118208108,0,0,49.44909245068786
Shree Dev Bhoomi Institute Of Education Science And Technology,59.387743297527386,0,0,62.99193691977204
Roorkee College Of Polytechnic,59.39507702883361,0,0,51.26460470640115
Hansaba College Of Engineering And Technology,59.44404110260536,0,0,62.96149740597187
Seemanta Engineering College,59.44752429213822,0,1,49.08013313290624
Meri College Of Engineering And Technology,59.4568926240634,0,1,66.70610339514633
Government Polytechnic Sidcul,59.48225176435585,0,0,49.48159416469284
Aryabhatta Institute Of Engineering And Management,59.48952958459087,0,0,53.22357861311544
Aditya Institute Of Technology And Management,59.50071892998783,0,2,79.29190707924093
Mlm Polytechnic College,59.50079234754413,0,0,63.367652239487846
Institute Of Technology And Management Universe,59.51824344630623,0,0,46.80086232040596
Korm College Of Engineering,59.53169807548981,0,0,65.77697216380798
Nandha College Of Technology,59.537809514407485,0,1,76.57748964461514
Instrument Design Development Centre,59.542356588349165,0,0,48.65535638467125
Atul Polytechnic,59.57216708109674,0,0,53.37334554138914
Sri Sarada Institute Of Science And Technology,59.59112225323418,0,0,69.19391918230386
Pacific Institute Of Technology,59.61470691630653,0,2,60.44323292124973
Thangavelu Engineering College,59.61634315656602,0,0,59.944855613976735
Jahangirabad Institute Of Technology,59.61877924227972,0,2,63.55357879143104
Shri Vaishnav Polytechnic College,59.64222650909502,0,0,54.66816200777227
Chandigarh Polytechnic College,59.67368445118282,0,0,47.28559329563054
Ts Srinivasan Centre For Polytechnic College And Advanced Training,59.684508789709525,0,1,67.84315283601082
Indus Institute Of Technology And Management,59.68485934285881,0,0,77.30202463487878
University Of Allahabad Allahabad,59.68844028149851,0,0,57.26294298653423
Musiri Institute Of Technology Polytechnic College,59.69514955658883,0,0,55.72087526825458
Smt Radhikatai Pandav Polytechnic,59.70682172405184,0,1,53.3317301080203
Jairupaa College Of Engineering,59.70900896825971,0,1,48.74665603960071
Rv College Of Architecture,59.72001582386355,0,2,64.17384121362981
Malla Reddy College Of Engineering,59.745844746393374,0,1,60.02541051951368
Cdl Government Polytechnic,59.76452206179312,0,0,77.83930621453084
Vedic Gurukul Institute Of Engineering And Technology,59.77544253894793,0,0,64.42519576762204
Arj College Of Engineering And Technology,59.77562691409764,0,0,43.45087537166607
Bhulabhai Vanmalibhai Patel Institute Of Technology Diploma Studies,59.78311795350746,0,1,45.12204015700623
Institute Of Engineering And Technology Devi Ahilya Vishwavidyalaya,59.786998208406416,0,0,43.00595433444765
Galgotias College Of Engineering And Technology,59.78827581190082,0,0,58.292090798074895
Padre Conceicao College Of Engineering,59.794393225167696,0,0,48.72602443241508
Rect Polytechnic College,59.80454236864792,0,0,42.38453514806457
Veermata Jijabai Technological Institute,59.8092101815281,0,0,46.65422746854173
Universal Institute Of Engineering And Technology,59.8158456357252,0,0,79.0849585280119
Dr Jj Magdum Polytechnic,59.82304614503315,0,0,45.51437727164178
Rc Patel Institute Of Pharmaceutical Education And Research,59.857870125258586,0,0,54.33415210888832
Maharishi Markandeshwar Deemed To Be University,59.86061433185658,0,0,51.45939662038556
Mantram Women'S Polytechnic College,59.8706285255994,0,0,77.98904893597188
Vasavi College Of Engineering,59.88086155900075,0,0,44.33767238005624
Dr Sivanthi Aditanar College Of Engineering,59.88391189765548,0,0,50.08173864219374
Chhotubhai Gopalbhai Patel Institute Of Technology,59.89339162198837,0,2,79.02869838250237
Andhra Engineering College,59.90942376538607,0,0,62.05686935354372
Akal College Of Engineering And Technology,59.92790858274242,0,0,63.56406596739408
Sityog Institute Of Technology,59.94116168452173,0,2,71.68068842215528
Kuvempu University,59.95579400764764,0,0,71.85679482891419
Azad Institute Of Engineering And Technology,59.96047192939123,0,0,78.51617925687893
Tamizhan College Of Engineering And Technology,59.96162838181864,0,1,74.58154924399153
Jaypee Polytechnic And Training Centre,59.97984067556481,0,0,56.32556620111273
Ies College Of Architecture,59.98773063129976,0,1,71.3720498040669
Gd Goenka School Of Engineering,60.0049256347684,0,0,70.56516677922369
Ims Polytechnic,60.00962266546389,0,0,41.12544867373987
Dibrugarh Polytechnic,60.01989253550544,0,1,57.040711188216
Bsa College Of Engineering And Technology,60.02096135745524,0,1,60.74635488762653
Shree Venkateshwara Hi-Tech Engineering College,60.02295379534034,0,0,73.71199734911615
Chameli Devi Group Of Institutions,60.03385565616964,0,1,76.40545968266915
Sri Vasavi Institute Of Engineering And Technology,60.034651363678165,0,0,52.48154148407121
Shri Shirdi Sai Institute Of Science And Engineering,60.03613463375778,0,0,71.28730790408055
Usha Rama College Of Engineering And Technology,60.04333976182054,0,0,65.82234385115098
Annai Velankanni Polytechnic College,60.05351938007507,0,0,70.8731405710273
Msme Central Tool Room And Training Centre,60.07826505903796,0,0,72.36775998434655
Smt Sharchchandrika Suresh Patil Institute Of Technology,60.08050001017232,0,0,75.12213248476422
Mahavir Swami College Of Engineering And Technology,60.08751285335814,0,0,77.51527223250491
Vinayak College Of Polytechnic,60.08755478213378,0,1,54.48219998134789
Sri Padmavati Mahila Visvavidyalayam,60.091049598910246,0,2,69.4834247643271
Bvv Sangha'S Basaveshwar Engineering College,60.0963234884196,0,0,65.25576512137731
Yashoda Technical Campus,60.09811169833032,0,1,79.11819207233698
Mahendra Engineering College For Women,60.1022317048681,0,0,79.64520811307952
Amity Institute Of Biotechnology,60.10296276000523,0,2,60.91059697433192
Mangalam College Of Engineering,60.104156622328446,0,0,79.90143174101172
Kmbb College Of Engineering And Technology,60.11190342919272,0,0,40.82066626363404
Graphic Era University,60.1247327321237,0,0,45.804836240812826
Aditya College Of Engineering,60.13644542948553,0,1,77.02442149514826
Dr S And Ss Ghandhy Government Engineering College,60.13712585490096,0,1,44.21236470514985
Samrat Ashok Polytechnic,60.13956909267081,0,0,45.02845300845616
Siddhi Vinayak College Of Science And Higher Education,60.16215266761438,0,0,73.46387116939795
Psg Polytechnic College,60.1740536651864,0,0,53.92290881322796
Chhotu Ram Rural Institute Of Technology,60.19001142449228,0,0,74.58944293280143
Sardar Patel Institute Of Technology And Management,60.19086155534343,0,0,65.93437004589312
Unnamalai Institute Of Technology,60.19212684233285,0,1,73.95709601190055
Nagarjuna College Of Engineering And Technology,60.19352340095459,0,0,78.85718268793946
Govindrao Wanjari College Of Engineering And Technology,60.194465780457534,0,0,53.77402563000693
Acharya College Of Engineering,60.19512516836942,0,1,49.85088468883427
Younus College Of Engineering And Technology,60.19841927947365,0,1,62.66014210103194
Sneha College Of Architecture,60.22938710148196,0,1,48.71114471281375
Focus Institute Of Science And Technology,60.23176815645794,0,0,63.70667710847432
Ifet College Of Engineering,60.23387823021133,0,0,77.99405002289414
Purna Chandra Institute Of Engineering And Technology,60.2363738153081,0,0,71.12334901683302
Sasurie College Of Engineering,60.24877786483289,0,1,48.06701234905878
Ratnavel Subramaniam Polytechnic College,60.25534432947299,0,0,71.84714880234993
Mahatma Jyotiba Phule Government Polytechnic,60.26147487705271,0,0,60.974669571171454
Csir Central Leather Research Institute,60.26442707423823,0,0,68.604191749866
Institute Of Tool Room Training,60.270003704597045,0,0,65.14449365994153
Swami Sarvanand Institute Of Engineering And Technology,60.27775489438109,0,1,49.028245750468834
Malla Reddy Engineering College For Women,60.28124228380867,0,1,75.88490613897355
Talla Padmavathi College Of Engineering,60.28876126784082,0,0,76.44805754019782
Rajiv Gandhi Institute Of Technology,60.29828937281162,0,1,54.926811935664645
Sree Kavitha Institute Of Science And Technology,60.30106792695325,0,2,73.65272791677285
Ghousia College Of Engineering,60.30431695935918,0,0,45.87148534408817
Ramgovind Institute Of Technology,60.30700951976472,0,0,43.95122489915084
Hasvita Institute Of Engineering And Technology,60.31389889088109,0,0,45.57403207653672
Gyan Bharti Institute Of Technology,60.3277659716871,0,0,64.93735985406161
Adesh Polytechnic College,60.33853189338969,0,1,50.89709952403376
Excel Engineering College,60.33872707200357,0,0,66.91004005385889
Maharaja Institute Of Technology,60.33966572863995,0,0,45.50369873805425
Ac Patil College Of Engineering,60.340867851705,0,1,69.3733804051966
Pinnacle School Of Engineering And Technology,60.3523113830149,0,0,76.44882369262308
Rajalakshmi Engineering College,60.35241632905381,0,2,57.05795301729306
Sarvepalli Radhakrishnan University,60.353515705711125,0,1,79.59449522572652
Ravindra Polytechnic,60.36120240392174,0,1,76.23901537851134
Central Footwear Training Centre,60.36950612542516,0,0,47.60350569223015
Bhagwan Mahaveer Institute Of Polytechnic,60.37018012894114,0,0,73.60181145941132
Sa Polytechnic College,60.37283036140744,0,0,69.6915014257612
Global Engineering College,60.37769047887996,0,1,50.89865290231366
Sat Kabir Institute Of Technology And Management,60.38339427750235,0,0,62.52030963575931
Mahakal Institute Of Technology And Science,60.39466106254002,0,0,57.00933785080547
Lj Polytechnic,60.39957701307705,0,0,46.912373829403705
Kvn Naik Sp Sanstha Polytechnic,60.407423881755314,0,0,50.41448781476228
Assam Science And Technology University,60.41215392243064,0,1,55.53649894104522
Academy Of Technology,60.427534934355066,0,0,62.33462980555851
Mksss'S Cummins College Of Engineering For Women,60.43237392852008,0,1,68.4130872820335
Vidyavardhaka Polytechnic,60.43597858568474,0,2,60.300548720480094
Shri Gulabrao Deokar College Of Engineering,60.44455388208488,0,0,56.41430839141952
Maharishi Arvind College Of Engineering And Research Centre,60.45877664958223,0,0,50.08625394651372
Al Falah University,60.45949516295835,0,1,61.09509376572012
Snm Institute Of Management And Technology,60.47758928271544,0,0,46.60829315179711
Kanchan Polytechnic,60.47943992936132,0,2,54.64482635047467
Bipradas Pal Chowdhury Institute Of Technology,60.48490786497874,0,0,73.13220600897678
Spit Polytechnic,60.50164721052384,0,2,47.08335709670061
Sivaji College Of Engineering And Technology,60.510192566127216,0,0,47.481238695119
Velammal Engineering College,60.5172461537338,0,0,63.68187334488624
Prime Institute Of Engineering And Technology,60.527041360013015,0,0,50.75298140699551
Kvm College Of Engineering And It,60.52713737150722,0,0,54.17868812274378
Gandhi School Of Engineering,60.54485044949725,0,0,42.17779389440115
Baba Saheb Ambedkar Technical Education Society,60.550814279798864,0,0,63.93651761056667
Calcutta Institute Of Engineering And Management,60.55111296569821,0,0,76.37159945153545
Adarsh Shikshan Prasarak Mandal'S Kt Patil College Of Engineering And Technology,60.56196635503896,0,0,41.49044521018113
Universal Technical College,60.5684024323046,0,0,69.81588496193608
Sri Vidya College Of Engineering And Technology,60.59598845169137,0,0,59.80291665799246
Vivekananda Institute Of Science And Information Technology,60.60261052189624,0,2,63.49056490952568
Varuvan Vadivelan Institute Of Technology,60.61487024902891,0,0,76.09289729501207
Asansol Engineering College,60.62547633645311,0,0,58.06155563205853
Jaya College Of Engineering And Technology,60.62824806707444,0,0,55.71217505396176
All India Institute Of Hygiene And Public Health,60.63704129612695,0,1,46.682662101104206
Eastern Academy Of Science And Technology,60.6533872530819,0,0,79.09115866500284
Hindustan Institute Of Technology And Management,60.67958616734551,0,2,53.48723730102624
Vikram University,60.68035941851943,0,0,76.25390509416069
Rudhraveni Muthuswamy Polytechnic College,60.68036756806085,0,0,75.38569061277947
Psv Polytechnic College,60.689178947154495,0,0,42.48401210686491
Maharaja Engineering College,60.69240495797565,0,0,44.46812629242223
Cmr University,60.70597068817804,0,0,72.98435426801919
Jc Bose University Of Science And Technology,60.7075962390915,0,1,47.0972300933152
Sardar Vallabhbhai Patel Institute Of Technology,60.70873028324517,0,1,57.352636358391415
Sri Venkateswara Veterinary University,60.71807019116963,0,1,61.68555524896191
S Sukhjinder Singh Engineering And Technology College,60.73025519456285,0,0,57.315103699170855
Kle Society'S Chidanand B Kore Polytechnic,60.74157027001399,0,0,51.02746386582611
Vsa School Of Engineering And School Of Management,60.76288390475382,0,1,40.03978208377346
Technocrats Institute Of Technology Excellence,60.77097800390497,0,0,70.58363621979333
Motherhood University,60.77152958676757,0,0,47.27387155400401
Bms Institute Of Technology And Management,60.78437609289497,0,0,58.63886132319047
St Thomas College Of Engineering And Technology,60.79956994209347,0,2,58.04807115708706
Oriental College Of Technology,60.805028503276255,0,0,48.12792969739547
Rmk Engineering College,60.83907924280759,0,1,58.68784572967531
Seth Sriniwas Agarwal Institute Of Engineering And Technology,60.86157005347048,0,1,78.79542258820486
University Of Kota,60.87409928822059,0,0,76.62990663078403
Ludhiana Group Of Colleges Polytechnic,60.87491119075278,0,0,62.28354141256695
Skr Engineering College,60.88477881054692,0,0,47.23030197648291
Rd Engineering College,60.90870485283904,0,0,68.87307808485188
Sengunthar College Of Engineering,60.91720150265928,0,0,45.18719925781996
Sdm Technical Institute,60.94764650190498,0,1,56.82439069070969
Jis College Of Engineering,60.9707303426342,0,0,64.1058110071153
Iftm University,60.98906283566394,0,0,71.31203870544749
Bs Negi Mahila Pravidhik Prashikshan Sansthan,60.991444463343626,0,0,78.9319889649374
Marwadi University,60.99149431454956,0,1,53.13259087134816
Parisutham Institute Of Technology And Science,61.00783726574888,0,0,64.40664149355247
Shree Swaminarayan Institute Of Technology,61.00832912320325,0,0,75.48413948080804
Cape Polytechnic College,61.02025922681283,0,0,47.23083796105637
Parul Institute Of Architecture And Research,61.02615417189226,0,0,49.6886822329126
Mp Nachimuthu M Jaganathan Engineering College,61.04711615768007,0,1,73.56108546452549
Sr Institute Of Management And Technology,61.05614696821242,0,0,75.02167382352208
Anurag Group Of Institutions,61.05733805534371,0,0,52.89483192098741
Bharath Niketan Engineering College,61.063842622062296,0,0,67.84320001330673
Gourishankar Polytechnic,61.06527687781484,0,0,49.51230672752085
St Michael Polytechnic College,61.075923089617625,0,0,75.62865503939355
St Francis Institute Of Technology,61.08903248683962,0,0,52.19145011161224
Thanthai Roever Institute Of Polytechnic College,61.093571615791845,0,2,40.73176775993764
Merchant Institute Of Diploma Studies,61.1073804323279,0,0,43.17595627164893
As-Salam College Of Engineering And Technology,61.10756189758055,0,0,68.48386577772438
Saranathan College Of Engineering,61.11068683755714,0,0,63.365305681667984
Kbr Engineering College,61.11481749017475,0,0,71.23782238558667
Pydah Kaushik College Of Engineering,61.11946504835558,0,0,78.6923511122977
Chhatrapati Shivaji Maharaj Institute Of Technology,61.12344962751263,0,0,56.2496609483847
Sr Engineering College,61.16642572153826,0,0,76.72951413677492
Sree Sastha College Of Engineering,61.17573757772864,0,0,64.6367060649694
Mahabir Polytechnic College,61.18796483924267,0,0,58.86084821895636
Pravara Rural Engineering College,61.18893836357341,0,1,58.69209152438061
Spectrum College Of Technology,61.1925207650319,0,0,76.27718111427015
Ks School Of Engineering And Management,61.2130916462968,0,0,67.57211846196536
Dungarpur College Of Engineering And Technology,61.21747369825768,0,0,53.51481203833369
Axis Institute Of Technology And Management,61.22652588165882,0,0,45.19580400290013
Apollo Institute Of Engineering And Technology,61.247510522905216,0,1,59.651973056642376
International College Of Engineering,61.25838010019389,0,0,63.17549913571327
Vdf School Of Polytechnic,61.261919457816674,0,1,66.36011299720766
Hi-Tech Institute Of Technology,61.26970576672384,0,1,43.75651460486971
Mody University Of Science And Technology,61.280518287809045,0,1,53.3361767474882
Shaheed Capt Dk Khola Technical Campus,61.291264288812016,0,2,71.68473129695572
Sarabhai Institute Of Science And Technology,61.292452075746,0,0,45.54299615553557
Sri Jyothi Polytechnic,61.2953320107324,0,1,45.6166651935888
Jayam College Of Engineering And Technology,61.29591426257019,0,2,51.237700167777966
Thevanesam Erudhaya Ammal Polytechnic College,61.32628075392458,0,0,68.28825516006822
Gurukula Kangri Vishwavidyalaya,61.33644771732003,0,0,75.99560965616041
Bannari Amman Institute Of Technology,61.3431792536094,0,0,71.70606133993627
Apollo Polytechnic College,61.35714569287594,0,0,48.78112862340368
Mlr Institute Of Technology,61.36357087975898,0,1,42.93447856882174
Tadipatri Engineering College,61.39666770231734,0,0,46.40709676070925
Vetri Vinayaha Polytechnic College,61.43608656683995,0,0,57.5237409135659
Mn Technical Institute,61.453925527889474,0,0,41.97877151183702
Ksr Polytechnic College,61.45991666632449,0,0,64.11665538373663
Marian Engineering College,61.46233428426497,0,1,73.47833630203044
Shri Rawatpura Sarkar Institute Of Technology -2,61.47259499946104,0,0,58.22091114656372
Charotar University Of Science And Technology,61.476265297635926,0,0,62.53600023035613
Maharana Pratap Polytechnic,61.48559763720228,0,1,64.62881935687533
Vikas College Of Engineering And Technology,61.49446811535415,0,0,72.20578233645274
Gargi Memorial Institute Of Technology,61.51168348017717,0,0,73.2899495180815
St Vincent Pallotti College Of Engineering And Technology,61.51865018225446,0,1,76.17967511754802
Vedhantha Institute Of Technology,61.51936568358943,0,2,75.23021863586004
Millennium Institute Of Technology And Science,61.5343088897868,0,0,62.667345419543125
Academy Of Scientific And Innovative Research Chennai,61.54014632637559,0,0,74.20443129921448
Oxford College Of Engineering,61.5475402619898,0,0,51.27281674634639
Shri Ram Institute Of Technology,61.556678392533925,0,0,41.77383888194721
Perunthalaivar Kamarajar Institute Of Engineering And Technology,61.55706101335453,0,0,50.57771872297175
Nirmala College Of Engineering,61.5605291423485,0,1,54.967587695854185
Mahatma Jyotiba Phule Rohilkhand University,61.578484071118766,0,0,67.0724896874485
Ludhiana College Of Engineering And Technology,61.58043814263647,0,0,42.27714219555176
Bhai Mani Singh Polytechnic College,61.59027292206925,0,0,70.71193096964886
Indian Agricultural Research Institute,61.59823842358406,0,0,52.8670630870658
Kc Institute Of Technology,61.60368339931304,0,0,62.21353773164911
Mg College Of Engineering,61.63663873112005,0,2,60.43411311317854
Government Polytechnic For Women,61.65284704822133,0,0,75.39230614397732
Deccan College Of Engineering And Technology,61.66518529978195,0,0,51.18842225562688
Br Harne College Of Architecture,61.68934520772392,0,0,44.17548146666045
Nv Polytechnic College,61.689585073140506,0,0,42.43206613040884
Jspm'S Dr Np Hirani Institute Of Polytechnic,61.69061954455886,0,0,79.39219878596768
Cv Raman Polytechnic,61.7040264932822,0,0,47.29769124335091
Sb Jain Institute Of Technology Management And Research,61.70819515963554,0,0,79.86164666771418
Chaudhary Ranbir Singh University,61.738570974842894,0,0,44.74830048791507
Rajahmundry Engineering College,61.74069614919487,0,0,77.59099895787419
Shri Sureshchandra Dhariwal Polytechnic,61.75231429437813,0,2,62.07600886081149
Mp School Of Engineering,61.76083070289099,0,0,44.91694923111463
Meenakshi Academy Of Higher Education And Research,61.766798736530944,0,1,49.35721550462339
Karpagam College Of Engineering,61.77511762803678,0,0,43.67738052077087
Doaba Polytechnic College,61.77930569611595,0,0,44.08775790617363
Madanapalle Institute Of Technology And Science,61.79017451689052,0,0,53.290185576009286
Government Engineering College,61.81440810073962,0,0,62.087260061768205
Jd Polytechnic,61.82045404020288,0,1,54.559347771711714
Pes Polytechnic,61.82448342751462,0,0,48.61250512004831
Shri Krishna College Of Engineering,61.8263421194424,0,0,52.49315347411424
Shatabdi Institute Of Engineering And Research,61.830430916812105,0,0,72.7495614942683
Acharya Institute Of Technology,61.83696835604239,0,1,78.38370486391598
Lr Institute Of Engineering And Technology,61.85894410695244,0,0,79.08499713391605
Cpcl Polytechnic College,61.86969722346223,0,0,74.95272618783514
Gitam Institute Of Technology,61.88852701588578,0,0,56.161464347330295
Sahayog Sevabhavi Sansthas Indira Institute Of Technology Polytechnic,61.92216478977559,0,0,68.64910923010035
Sn Mudbidri Polytechnic,61.92439024801757,0,0,73.17748218041675
Sambalpur University,61.9359532881078,0,0,77.69965323243886
Suguna College Of Engineering,61.94249637118922,0,0,45.1136827021946
Shri Pandit Anna Patil College Of Engineering,61.94303434699586,0,2,54.45676788947495
Jain Agm Institute Of Technology,61.947347721570736,0,0,63.12597565508538
Pillai College Of Engineering,61.949286323099024,0,0,78.47582990577509
Alagappa Chettiar College Of Engineering And Technology,61.95067812311923,0,0,57.27172630146748
Sri Kalahastheeswara Institute Of Technology,61.99630192157272,0,0,60.13624818839201
Shree Bhagwat Institute Of Technology,61.99833050151101,0,0,58.1119505395539
State Institute Of Engineering And Technology,62.00515006201656,0,2,58.617185964949854
Channabasaveshwara Institute Of Technology,62.01101877243808,0,0,53.813781092252896
Nutan Maharashtra Institute Of Engineering And Technology,62.034396407050814,0,1,57.77371650347642
Pannaikadu Veerammal Paramasivam College Of Engineering And Technology For Women,62.04465655522035,0,0,48.37839554476467
Centre For Bioinformatics,62.04812576668552,0,0,41.70365588196451
Nss College Of Engineering,62.05742663402876,0,0,61.63229193797683
Elumalaiyan Polytechnic College,62.06270068643612,0,0,53.756871778020425
Vidyavardhini Institute Of Technology,62.06514030585878,0,0,44.420667680546174
Gdmm College Of Engineering And Technology,62.07228558193255,0,0,60.23652165416813
Babasaheb Bhimrao Ambedkar University,62.09028658736491,0,0,74.11857983899723
Sau Shantidevi Chavan Institute Of Engineering And Technology Polytechnic,62.1034313436023,0,0,63.779507199395866
Vignan'S Institute Of Management And Technology For Women,62.13601704227413,0,0,79.21412400211645
Universal College Of Engineering,62.14817150000064,0,2,66.98553910688395
Svpm'S College Of Engineering,62.1577944330521,0,0,59.56088135549816
Central Tool Room,62.18881585191852,0,1,55.28393002376713
Shanti Niketan Group Of Institutions,62.18996915484516,0,1,63.32894630880731
Shriram Institute Of Engineering And Technology Centre,62.195860055935256,0,0,77.73526727031722
Rani Rashmoni School Of Architecture,62.19755600072102,0,0,67.5915383539572
Sri Sai Polytechnic College,62.19949814889573,0,0,78.87550338537119
Presidency University,62.20017906159015,0,0,62.993169054072666
Sadguru Swami Nithyananda Institute Of Technology,62.20424632064374,0,0,47.35740368177164
Apurva Polytechnic,62.20772802810095,0,0,55.85534347067517
Bharath Polytechnic College,62.21038435241237,0,0,76.7160430021851
University Visvesvaraya College Of Engineering,62.22190372200174,0,0,74.75292703665114
Institute Of Engineering And Management,62.2449450394202,0,0,43.62666083425226
Shree Siddhivinayak Group Of Institutions,62.286277809168,0,0,75.93878663808535
Srinivasa Institute Of Engineering And Technology,62.30215259586493,0,0,49.1219586481858
University Of Madras,62.31341531309594,0,1,55.50344461074609
Patel Institute Of Engineering And Science,62.31386529976088,0,0,65.05734757253924
Mk Group Of Institutions,62.322313512835294,0,0,76.88183557783418
Theem College Of Engineering,62.32488928747931,0,0,43.31362457770887
Lbs Centre For Science And Technology,62.332599316425096,0,0,68.40239165887776
Ssm College Of Engineering,62.34877116059829,0,0,62.844485294226
Vsm College Of Engineering,62.35269167253245,0,0,44.29417287356946
Hi Tech Polytechnic College,62.36343594838223,0,0,47.56230248210936
Atme College Of Engineering,62.36492732093389,0,0,53.56983474538306
Rk College Of Engineering,62.36918688041054,0,0,59.32822203830724
Academy Of Maritime Education And Training,62.37399559935744,0,0,67.58671745927748
Krupajal Engineering College,62.37623389473157,0,2,73.0273711329165
Vignan Institute Of Technology And Management,62.383428600406106,0,0,54.44470098589221
Qis College Of Engineering And Technology,62.39391109617444,0,0,75.23243129066134
Sv Government Polytechnic,62.39510382448084,0,0,71.65538645663827
Tirupati College Of Polytechnic And Pharmacy,62.39700837399232,0,0,42.8088279372091
Dr Ss Bhatnagar University Institute Of Chemical Engineering And Technology,62.41880110935523,0,0,46.02423906824587
Axis Institute Of Architecture,62.42134093873613,0,2,72.78556320281223
University Of Kerala,62.425439344827865,0,0,50.82984389440184
University Of Mysore,62.44364654501733,0,0,43.633848837373904
Lingarajappa Engineering College,62.44851334364799,0,2,60.16183732461805
Chaudhary Mukhtar Singh Government Girls Polytechnic,62.4582651805806,0,0,49.50989212072317
Jyothishmathi Institute Of Technological Sciences,62.48447470517194,0,0,41.15801851757501
Jaya Polytechnic College,62.48575764537764,0,0,69.14875709545936
Vivekanand Education Society'S Polytechnic,62.5133265713306,0,0,75.92722093409998
Rk Institute Of Engineering And Technology,62.522776620394666,0,0,50.08849662015538
Kurukshetra Institute Of Technology And Management,62.52630312794666,0,1,61.0764445604799
Ch Charan Singh Group Of Colleges,62.54786317423023,0,0,61.39260673267943
Ams College Of Polytechnic,62.55404920061008,0,0,62.88824094122056
Dr Kn Modi Institute Of Engineering And Technology,62.56410589018686,0,0,42.86342759670147
Dhaneswar Rath Institute Of Engineering And Management Studies,62.56766423746818,0,2,75.991021596712
Pallava Raja College Of Engineering,62.57709623602148,0,0,55.35674410895169
Vedant Institute Of Management And Technology,62.578582636831925,0,1,74.54382461879993
Gvr And S College Of Engineering And Technology,62.58261033509089,0,1,44.996805214816334
Arulmigu Palaniandavar Polytechnic College,62.59731324680731,0,0,49.49616868177161
Oxford School Of Polytechnic,62.59787164756669,0,0,72.59940806482794
Mahatma Basaweshwar Education Society'S College Of Engineering,62.61079089599183,0,2,53.26168652151601
Kdk College Of Engineering,62.61548082369802,0,0,78.5051592107879
Tagore Engineering College,62.61721662588612,0,2,70.30393879459413
Hindustan Electronics Academy,62.62159493486735,0,1,42.98057902790224
Adarsh Polytechnic College,62.64696487390459,0,0,79.75806612584637
Abr College Of Engineering And Technology,62.650298817388666,0,0,48.66998580386822
Theni Kammavar Sangam Polytechnic College,62.66368764429599,0,2,74.26989807228424
Jeevan Polytechnic College,62.66378102969705,0,1,73.37406162057937
Uka Tarsadia University,62.66813574860761,0,1,59.1778561461945
Modern Institute Of Engineering And Technology,62.67617759991524,0,0,41.58885857727186
Ganga Technical Campus,62.679193581606015,0,0,55.03038714158663
Skp Institute Of Technology,62.6817601352201,0,1,52.59975411357812
Shree Jaywantrao Bhosale Polytechnic,62.70403309761486,0,0,54.74474019753449
Mahatma Phule Krishi Vidyapeeth,62.72201805571676,0,0,46.68803297629556
Annamalai University,62.7342745225542,0,0,50.69182257508896
Odaiyappa College Of Engineering And Technology,62.74656601576649,0,0,42.27845727326014
Ganesh Institute Of Engineering And Technology,62.75023041903466,0,0,54.93328486984072
Kakinada Institute Of Technological Sciences,62.786891407637285,0,0,60.40906957332204
Miet Polytechnic College,62.79396507124729,0,0,50.73241350748926
Shri Rawatpura Sarkar Institute Of Technology And Management,62.79662746655248,0,0,48.22452640699676
Om Engineering College,62.810449699995424,0,0,56.19733774640298
Arulmurugan College Of Engineering,62.82374703651683,0,0,44.341094139633306
School Of Planning And Architecture Delhi,62.82653234638206,0,2,58.11614475886406
Opjs University,62.82704592543302,0,0,51.213431766614654
Maratha Mandal Polytechnic,62.84011776990437,0,0,48.85664520046292
Shri Jaykumar Rawal Institute Of Technology,62.84777689810157,0,0,72.245588904199
Icl Institute Of Engineering And Technology,62.84856571273615,0,0,50.08608199351519
Lr Institute Of Technology And Management,62.86388957067493,0,0,40.63916625072195
Sreenivasa College Of Engineering And Technology,62.86846699043484,0,0,69.62389044983797
Sd Shanti Niketan Institute Of Engineering And Technology,62.89008069457878,0,0,48.5775272351633
Bhupendra Narayan Mandal University,62.89582751190986,0,0,53.59621963024991
Hindusthan Institute Of Technology And Management,62.909175447521406,0,2,61.67126108607401
Dr Paul Raj Engineering College,62.95748709173415,0,1,46.276128492142654
Sree Narayana Guru College Of Engineering And Technology,62.96507539937409,0,2,75.38064463099616
Bharati Vidyapeeth College Of Architecture,62.98157633185858,0,0,59.78587901803888
Vidya Pratishthan'S Kamalnayan Bajaj Institute Of Engineering And Technology,62.984706419146136,0,0,59.215018216740624
Vivekananda Group Of Institutions,62.99448569323745,0,0,53.33182045993836
Satyam Institute Of Engineering And Technology,62.99986732985339,0,0,48.73257549496012
Jeppiaar Institute Of Technology,63.0011015662062,0,0,76.1325599569804
Darbhanga College Of Engineering,63.00998438144521,0,0,43.77725844783559
Seth Jai Parkash Mukand Lal Institute Of Engineering And Technology,63.0101552765373,0,0,42.121705261017176
St Peter'S University,63.015275495216784,0,0,67.37766579951527
Tkm College Of Engineering,63.01838242069344,0,0,46.83685584696491
Ramarani Institute Of Technology,63.02964597145426,0,1,54.27022751530092
Narayani Institute Of Engineering And Technology,63.03683741303492,0,0,43.23002609180748
Shanti Institute Of Technology,63.04688880626074,0,0,73.36043140040547
Csi College Of Engineering,63.06390695490583,0,2,71.84025268608089
Universal Engineering College,63.08021188520077,0,0,63.18963270935
Sri Mittapalli Institute Of Technology For Women,63.10796631893639,0,0,53.12725096769706
Acharya Shrimannarayan Polytechnic,63.11989358961304,0,0,64.53148145906232
Hms Institute Of Technology,63.12772960198287,0,0,62.67830401185493
Sri Sai Institute Of Technology And Science,63.13874504363184,0,1,56.97466669323041
Shri Sai Polytechnic College,63.14329582151589,0,0,51.12969128257655
Sree Visvesvaraya Institute Of Technology And Science,63.14942935090972,0,0,60.05078486576103
Kls Gogte Institute Of Technology,63.1663625627201,0,0,66.23115160074039
Mauli Group Of Institutions,63.16767009948256,0,0,75.79706712165228
Government Women'S Polytechnic,63.17289662412357,0,0,60.5182762575738
Sagi Ramakrishnam Raju Engineering College,63.185630054704944,0,0,55.38566711485228
Jawahar Education Society'S Ac Patil College Of Engineering,63.188903506841285,0,0,43.73816077470788
Ses Polytechnic,63.20354890564229,0,2,61.97473013467882
Gouthami Institute Of Technology And Management For Women,63.208305905566334,0,0,46.63275764715023
Apex Institute Of Engineering And Technology,63.21246133188059,0,1,45.86496675122874
Gurukula Institute Of Technology,63.23258211474193,0,0,43.03499913820373
K Ramakrishnan College Of Technology,63.246001145759,0,0,41.19098617885869
Dr Mc Saxena Institute Of Engineering And Management,63.24666045365933,0,0,41.72174769918731
Saint Joseph College For Technical Education,63.25565262160337,0,0,79.55204700025192
Hi Tech Institute Of Engineering And Technology,63.26925257615039,0,1,52.842403547612136
Lourdes Mount College Of Engineering And Technology,63.27663214722902,0,0,41.33684776367747
Velalar College Of Engineering And Technology,63.30053148221515,0,0,60.57878735261323
Sanjivani College Of Engineering,63.31983481008365,0,1,60.53225144721486
Bsf Polytechnic,63.31991105105647,0,0,44.246825174139865
Contai Polytechnic,63.32329594344732,0,0,43.18608028603342
Basavakalyan Engineering College,63.32477361528602,0,2,45.53958215882985
Khandelwal College Of Architecture And Design,63.344367096301056,0,2,70.899677345779
Bandari Srinivas College Of Engineering And Technology,63.36880049708298,0,1,51.79325381055891
Holy Mary Institute Of Technology And Science,63.39942240562242,0,0,53.04369825878212
Bennett University,63.40200435702817,0,1,73.95650493883858
Mahatma Gandhi Mission'S Jawaharlal Nehru Engineering College,63.40372699270022,0,0,71.80651606019808
Dr Nagarathinam'S College Of Engineering,63.43088013009708,0,1,50.56640860152174
Kr Mangalam University,63.44828333890791,0,0,78.34282617897972
Babu Banarasi Das Engineering College,63.4664484592296,0,0,63.03892037094515
Dy Patil College Of Engineering,63.47201534111972,0,1,74.3484696970471
Nr Vekaria Institute Of Technology,63.48630282450725,0,0,79.66899893068971
Kar Polytechnic College,63.49590348872091,0,0,71.73381517461841
Vns Group Of Institutions,63.51256763687495,0,0,77.63027300048995
Svs Polytechnic College,63.5150340996277,0,2,66.1968727395459
Ambedkar Institute Of Advanced Communication Technologies And Research,63.53003133783716,0,2,62.52968681213386
Metropolitan Institute Of Technology And Management,63.5432594387285,0,0,70.08628283971578
Bearys Institute Of Technology,63.55039572752082,0,0,40.478229415859566
Shetty Institute Of Technology,63.56951996749709,0,0,69.97544309240175
New Horizon College Of Engineering,63.57087264736352,0,0,75.35842580174673
College Of Fisheries Engineering,63.572583904964674,0,0,78.42446672104577
Rkdf University,63.5820791666047,0,1,45.64398008258061
Akole Taluka Education Societys Faculty Of Polytechnic,63.59035372059708,0,0,47.73407759401905
Shram Sadhana Bombay Trust'S College Of Engineering And Technology,63.59201779908069,0,1,61.20589084226188
Sankar Polytechnic College,63.59314360122893,0,0,42.723072886647145
Department Of Ship Technology,63.60204909936675,0,0,75.13865655313981
Vikash Polytechnic,63.6185588078006,0,0,57.96823912681477
Laxminarayan Institute Of Technology,63.63648628158694,0,1,76.72421270212294
Institute Of Engineering And Technology,63.64719575259107,0,0,66.56072833008704
Iimt Engineering College,63.65283725747205,0,0,40.4618616936141
Padmabhooshan Vasantdada Patil Institute Of Technology,63.65688230689126,0,0,45.53741402821129
Pollachi Institute Of Engineering And Technology,63.684344602018086,0,0,53.976647119379095
Eluru College Of Engineering And Technology,63.705463034881205,0,0,73.84601659731896
Heera College Of Engineering And Technology,63.71079026810988,0,0,58.48360551005155
Pa College Of Engineering,63.718924504102816,0,0,71.95078173059375
Gandhi Academy Of Technical Education Polytechnic,63.72292666687905,0,0,61.02576907245145
School Of Architecture,63.72313068294388,0,0,55.8011899798808
Srm Valliammai Engineering College,63.72391702119524,0,1,47.76811760547778
Drona'S Polytechnic College,63.74796433640809,0,2,68.33380368029388
South Point Institute Of Technology And Management,63.7536665527062,0,0,51.03245963194064
Mangalmay Group Of Institutions,63.75933970446973,0,0,68.509802279757
Maharana Pratap College Of Engineering,63.76258518465316,0,0,48.44876648725261
Muthayammal Engineering College,63.76973107673728,0,0,41.89254264388087
Ms Polytechnic College,63.777090254838015,0,0,74.35367268842126
Baruipur Government Polytechnic,63.79933548322704,0,0,60.956780732131946
Nbkr Institute Of Science And Technology,63.80986761592024,0,0,53.56104650671213
Maharashtra Animal And Fishery Sciences University,63.81169789207377,0,0,49.10200538399725
St Andrews Institute Of Technology And Management,63.814091383295576,0,0,47.71806117936905
Hkbk College Of Engineering,63.81956171520128,0,0,61.28474318140472
Technocrats Institute Of Technology,63.8241803225749,0,0,76.6783391845588
Arvindbhai Patel Institute Of Environmental Design,63.83357982567126,0,1,44.063550838161305
Rourkela Institute Of Technology,63.86830315689766,0,1,74.93566886534447
Sree Narayana Gurukulam College Of Engineering,63.87876392940829,0,1,49.67909978937597
Mahatma Gandhi Universe Institute,63.88273061481475,0,0,78.85155118786864
Hindustan Institute Of Technology And Science,63.88947209614865,0,1,62.80521740657368
Truba College Of Science And Technology,63.898038470652295,0,0,60.775908330096016
Anjuman-I-Islam'S Kalsekar Technical Campus,63.90975050491341,0,0,75.38772858707607
Azmet College Of Engineering And Technology,63.91435478608656,0,1,67.05300543158504
Kanpur Institute Of Technology,63.914635288020335,0,0,57.29713670206056
Pcps Girls Polytechnic,63.917559339721016,0,0,68.85266652989873
Tayyib Muslim Polytechnic College,63.94429280203692,0,1,60.913905936205055
Sam College Of Engineering And Technology,63.950665065808565,0,0,45.17386944127209
St Mariam Polytechnic College,63.95105046973004,0,2,41.35409081002668
Tr Abhilashi Memorial Institute Of Engineering And Technology,63.96276522927866,0,0,40.702147539232776
Mother Theresa Institute Of Science And Technology,63.97095214474368,0,0,59.293023695698096
Kle Technological University,63.97530505772487,0,0,42.8689955638561
School Of Electronics,63.99226574105786,0,0,71.79554103366321
Institute Of Technology Marine Engineering,64.01014669522559,0,0,57.69388964047261
Dusi Polytechnic College,64.01892825975779,0,0,74.97168582050719
Sri Ramanujar Engineering College,64.02710060085977,0,0,65.85738984450455
Bellamkonda Polytechnic College,64.02800460547381,0,1,63.71143968994829
Ik Gujral Punjab Technical University Campus,64.06173681747313,0,1,79.96315747199986
Central Institute Of Technology,64.06948927911537,0,0,40.71562919489563
Tudi Ram Reddy Institute Of Technology And Science,64.08136752982145,0,0,60.13366369157935
Rishi Ms Institute Of Engineering And Technology For Women,64.12190323937995,0,1,72.61716906655826
Shree Vinayaka Polytechnic,64.13328477509829,0,0,77.9997083375327
Marudhar Engineering College,64.15008655952066,0,0,64.44633819438906
Gwalior Institute Of Information Technology,64.16929596533245,0,0,72.61479036184028
Rao Bahadur Y Mahabaleshwarappa Engineering College,64.1916086612114,0,0,46.14707177206644
Mauli Institute Of Technology Polytechnic,64.19275605222319,0,1,42.56548760039091
Thaai Polytechnic College,64.20082659903315,0,0,50.40158687102104
Sona College Of Technology,64.20539311784965,0,0,47.10800839997814
Atmiya Institute Of Technology And Science,64.21569774428822,0,0,63.3923081415748
Bonam Venkata Chalamayya Institute Of Technology And Science,64.21877967244504,0,1,76.97520465996192
Millia Institute Of Technology,64.22303124851463,0,0,50.48922553486696
Gh Raisoni College Of Engineering,64.22364587372967,0,0,69.54528841650301
Mahavir Institute Of Engineering And Technology,64.23039751140958,0,0,56.987548653156296
Lbs College Of Engineering,64.23629961689039,0,1,59.151937803075214
Vaish College Of Engineering,64.24195864789817,0,1,56.48935382157407
Kurinji College Of Engineering And Technology,64.24405247456882,0,0,62.85821741309099
Hr Institute Of Engineering And Technology,64.2734346799221,0,2,60.77116840424804
St Gregorios College Of Engineering,64.276987600524,0,0,47.32774178385433
Nehru Institute Of Engineering And Technology,64.27909592862972,0,2,71.24367759834593
Prestige Institute Of Engineering Management And Research,64.30291297836409,0,0,57.16061901662073
Shatabdi Institute Of Technology,64.3120990624778,0,0,47.545405974517
Vikrant Institute Of Technology And Management,64.31647999581129,0,0,42.10548171326919
Bharati Vidyapeeth'S College Of Engineering,64.33314617483714,0,2,44.62927350166253
Nalanda College Of Engineering,64.33361778510925,0,0,45.73843513214831
Ayya Nadar Janaki Ammal Polytechnic College,64.36519120282651,0,0,42.90957991656935
Shiva Rama Krishna College Of Engineering And Technology,64.36667965127158,0,0,49.284935206429445
Dr T Thimmaiah Institute Of Technology,64.36933789919274,0,0,42.76971927556432
Dumka Engineering College,64.37264952262376,0,1,77.08190796279082
Loknete Gopalraoji Gulve Polytechnic,64.37501001751825,0,1,65.35530339003759
Camellia Institute Of Polytechnic,64.39003557490915,0,0,61.16570508911981
Gargi Institute Of Science And Technology,64.39061140222387,0,0,51.30744008888418
Sri Ranganathar Institute Of Polytechnic College,64.40417965315271,0,0,65.31924571086311
Premlila Vithaldas Polytechnic,64.4115068045566,0,0,74.13661730073528
Sunrise Institute Of Engineering Technology And Management,64.41327957333878,0,0,54.89488699475488
Devi Mahalaxmi Polytechnic College,64.43358848938523,0,2,50.26960457821378
Jld Engineering And Management College,64.4389395107078,0,0,54.06607045762296
Galgotias University,64.46151814282807,0,0,61.57521725879634
Indian Institute Of Petroleum And Energy Visakhapatnam,64.48285602509362,0,0,49.24177393505916
Mar Ephraem College Of Engineering And Technology,64.49095642787499,0,0,45.91225722968717
Sms Polytechnic College,64.49526811400202,0,0,53.862991920449474
Bv Raju Institute Of Technology,64.50203809560182,0,0,53.338555542067965
Quba College Of Engineering And Technology,64.51257093994138,0,0,48.07592420640251
Cooch Behar Polytechnic,64.52077749631393,0,2,44.36743602497571
Ramgarhia Polytechnic College,64.5225121954539,0,0,70.34201888175323
Institute For Design Of Electrical Measuring Instruments,64.52845616586208,0,0,53.163297530952704
Kmm Institute Of Technology And Science,64.53207556166046,0,1,58.71099621640996
Indira Gandhi Institute Of Engineering And Technology,64.57638067004409,0,1,55.23518830534694
Don Bosco Polytechnic College,64.57911354905931,0,0,55.48210522857316
Nandha Engineering College,64.58449489327734,0,0,76.85586094576347
Roorkee Engineering And Management Technology Institute,64.5951490831015,0,0,61.86458208491855
Deepshikha College Of Technical Education,64.60085851875499,0,0,61.82126250729897
Mangalmay Institute Of Management And Technology,64.61308221479558,0,0,66.54096561525216
Swarnandhra Institute Of Engineering And Technology,64.62650388891909,0,0,72.9807240271085
Csmss Chh Shahu College Of Engineering,64.6293792426116,0,0,60.52892869135047
Sri Muthalamman Polytechnic College,64.63133773431821,0,0,42.85206955092845
Government Institute Of Chemical Engineering,64.63645767898389,0,0,41.84450652867321
Gh Raisoni Institute Of Engineering And Technology,64.64872711837944,0,0,53.80893233220634
Lakshmi Narain College Of Technology And Science,64.6508374132242,0,1,65.47887962097113
Bangalore University,64.6875741605195,0,2,43.08097505579416
Dmi College Of Engineering,64.70938175660416,0,0,77.9030451199186
Cu Shah Polytechnic,64.71668860534024,0,0,49.92434454175596
Thakur Shivkumarsingh Memorial Engineering College,64.73887681970554,0,0,48.8177164621185
Sri Lakshmi Ammal Engineering College,64.75607819169834,0,0,67.6199604258326
Symbiosis Institute Of Technology,64.7790326545375,0,0,58.64708267121978
Ndrk Institute Of Technology,64.78540839522773,0,0,51.19233898430097
Sjm Institute Of Technology,64.78728838721074,0,0,47.61529742598435
Sb Institute Of Engineering And Technology,64.78733328345686,0,0,67.08350134732332
Periyar Maniammai Institute Of Science And Technology,64.8003366683771,0,0,77.48522145565789
C Abdul Hakeem College Of Engineering And Technology,64.81936083732211,0,0,44.21304564902958
Sri Krishna College Of Engineering And Technology,64.82105744172301,0,1,41.81747581375579
Jayawantrao Sawant College Of Engineering,64.84282962857591,0,0,52.27690096010814
Chintalapudi Engineering College,64.84566668844927,0,0,74.45686372846012
Veer Bahadur Singh Purvanchal University,64.84965988478547,0,1,48.646825441786326
Shri Sapthagiri Institute Of Technology,64.87868434820172,0,0,72.99175586581585
Sjb Institute Of Technology,64.88325593176019,0,1,44.64297150849753
Rungta College Of Engineering And Technology,64.88349968870762,0,0,55.02191042190484
Navjeevan Education Society'S Polytechnic,64.89195716227634,0,0,69.76002048351705
Sanskar College Of Engineering And Technology,64.90652399472677,0,0,47.06040523799552
Sirda Polytechnic,64.90760417831136,0,0,73.48615252823336
Tgl Gopalsetty Polytechnic,64.91287138885582,0,1,49.38530287507454
Vidya Vikas Institute Of Engineering And Technology,64.9158820421847,0,0,75.89866953595546
Jecrc Udml College Of Engineering,64.92076414839708,0,0,64.74794336533344
Medha College Of Engineering,64.9417235271934,0,0,71.58530763580718
Sachdeva Engineering College For Girls,64.95324499694628,0,2,63.740220765966086
Shri Bajrang Polytechnic College,64.95597354945434,0,1,48.27082459875268
Late Annasaheb Patil Polytechnic,64.95737535606898,0,1,70.05333832452123
Krishna Engineering College,64.96814473952941,0,0,59.37556687228966
Clg Institute Of Engineering And Technology,64.97246771376214,0,1,40.28718422219568
Canara Engineering College,64.9793854710928,0,0,57.136955918353856
Vp Muthaiah Pillai Meenakshi Ammal Engineering College For Women,64.99444424668475,0,2,58.3140841276518
Jawaharlal Institute Of Technology,65.01803573728233,0,0,58.69778459059302
School Of Engineering,65.03276283544596,0,0,71.32554848514417
Sai Nath College,65.03695514059233,0,1,50.83943693130185
Annamacharya Institute Of Technology And Science,65.04457620883842,0,0,54.7510689035076
Mvn University,65.0446146884214,0,1,43.22411974925584
Sri Sukhmani Institute Of Engineering And Technology,65.04659258759091,0,0,64.2711501720728
East West College Of Engineering,65.0611363434495,0,1,46.54291389892653
Sam Higginbottom Institute Of Agriculture Technology And Science,65.07538470036425,0,0,64.69572837057582
Chhatrapati Shivaji Institute Of Technology,65.07560596360057,0,0,65.58834785622322
University Institute Of Technology Rajiv Gandhi Proudyogiki Vishwavidyalaya,65.08119266111866,0,1,71.63287665747417
Shree Sant Muktabai Institute Of Technology,65.08141267843283,0,0,44.03906573226521
Manipur Institute Of Technology,65.08792237939045,0,0,74.92692715945309
St Anns Engineering College,65.10434724737394,0,0,78.71755533367404
Gulzar Group Of Institutes,65.13286086237476,0,2,55.83659524938327
Kashi Institute Of Technology,65.13512991729124,0,0,64.70038849797987
Sakthi Mariamman Engineering College,65.13660387274423,0,0,45.6851835799506
Vishnu Institute Of Technology,65.14286814876169,0,1,53.54126316649288
Aamdar Kashinathji Mengal Polytechnic,65.1446344741622,0,0,67.81275416328127
Kalawatibai College Of Engineering And Technology Polytechnic,65.14580911243895,0,0,43.8704091117802
Symbiosis University Of Applied Sciences,65.15372689029141,0,2,67.07966490349146
Sriram Engineering College,65.15823318516104,0,1,49.063492454382725
Shree Ram Mulkh College Of Technical Education,65.19413350264414,0,0,49.73106387560191
Gnit Girls Institute Of Technology,65.19883625332122,0,1,72.0608280721413
Shri Krishna Institute Of Technology And Management,65.20083099338919,0,1,59.08146863101588
Thapar Institute Of Engineering And Technology,65.20263181824369,0,0,75.41936283151719
Delhi Institute Of Tool Engineering,65.20494384523593,0,1,75.14512529613862
Sardar Bhagwan Singh University,65.20940048624124,0,1,65.01066928500575
Sri Polytechnic College,65.2120208165993,0,0,40.27818432061948
Annasaheb Dange College Of Engineering And Technology,65.22145960927257,0,0,49.84780038356762
Rajasthan Institute Of Engineering And Technology,65.2281427481544,0,0,44.46964884663901
Khurana Sawant Institute Of Engineering And Technology,65.23034964222053,0,0,57.2723614561604
Everest College Of Engineering And Technology,65.23408870621483,0,0,45.288381096695446
Sir Jc Bose School Of Engineering,65.2379864040607,0,1,41.03059013333338
Indira Gandhi National Open University,65.25939087144201,0,1,65.5935601027824
Narasaraopeta Engineering College,65.25940001020265,0,1,65.22917504297787
Priyadarshini Institute Of Technology And Management,65.26498256888536,0,0,45.123884660371125
Teri School Of Advanced Studies,65.26619279358783,0,0,50.21018368700753
Vsb Engineering College,65.26652061147796,0,0,72.33847784173568
Sri Sarathi Institute Of Engineering And Technology,65.27429751311251,0,0,76.16062775899393
Global Institute Of Technology,65.28356869692227,0,0,52.392254959670574
Neotia Institute Of Technology Management And Science,65.29490393346012,0,0,63.340395007083615
Vins Christian College Of Engineering,65.30338960825088,0,2,59.57565209232586
Rawal Institute Of Engineering And Technology,65.31903746944917,0,0,77.62129092224102
Malout Institute Of Management And Information Technology,65.33007609436577,0,1,46.78889126043519
Kings Group Of Institutions,65.33333857977897,0,0,64.41283800041825
Priyadarshini Institute Of Technology And Science,65.34198368944418,0,0,48.968185190055536
Delhi College Of Technology And Management,65.34906211917571,0,0,51.22841446875054
Columbia Institute Of Engineering And Technology,65.34917556446001,0,0,72.54538196564437
Sri Sukhmani Polytechnic,65.35994645186582,0,0,43.65516719247997
Hjd Institute Of Technical Education And Research,65.39319168604337,0,1,60.73645599518005
Late Vasantdada Polytechnic,65.39495897726546,0,1,48.20411827905646
Smt Kashibai Navale College Of Architecture,65.4007482477274,0,0,65.95913350786671
Thandra Paparaya Institute Of Science And Technology,65.4074270632287,0,0,78.00102272987976
Visakha Institute Of Engineering And Technology,65.41087673993235,0,0,53.41512735389329
Jd College Of Engineering And Management,65.41096153794085,0,1,52.12116921143225
Swamy Vivekananda Engineering College,65.42236222815606,0,0,69.65202337763273
Aryabharathi Polytechnic,65.42615196591599,0,0,76.13603484179512
Sanghvi Institute Of Management And Science,65.42937646803438,0,0,53.87167671998124
Priyadarshini College Of Engineering,65.43808811897458,0,2,44.7477605420897
Sant Longowal Institute Of Engineering And Technology,65.46377908938639,0,0,67.12859653855502
Aryans College Of Engineering,65.46445633198051,0,0,58.987460533889255
Gyan Ganga Polytechnic,65.47868522235402,0,0,49.828640092772616
Mit Polytechnic College,65.49619907219454,0,2,55.43017242894187
Shriram Institute Of Information Technology,65.50083753068598,0,0,54.57910036677191
Indo Global College Of Architecture,65.5142545093134,0,0,56.725375750778
Rajshree Institute Of Management And Technology,65.51727735705987,0,0,72.93191318123061
Veerappa Nisty Engineering College,65.52370576008045,0,0,78.68025185487957
Mit College Of Engineering And Management,65.52622895009985,0,0,46.8841117279758
Scad Institute Of Technology,65.52764585285982,0,0,79.25107120674326
Sant Tukaram Polytechnic,65.56427196635919,0,0,62.39687266528027
Snjb'S Shri Hiralal Hastimal Jain Brothers Polytechnic,65.56987229964793,0,0,76.32024097456802
Gsfc University,65.57110054921871,0,2,61.85124119931017
Doaba Women Institute Of Engineering And Technology,65.57520428547537,0,0,74.8500751505155
Srm University Ap,65.57937016117695,0,1,67.31039013347703
Garv Institute Of Management And Technology,65.58750510146368,0,0,56.6011413181195
Marathwada Mitra Mandal'S College Of Engineering,65.62535042954887,0,0,69.8319372936681
Gudiyattam Polytechnic College,65.62955555483167,0,0,50.19750524356565
Excel Polytechnic College,65.6297128761939,0,0,56.24297038452221
Lenora College Of Engineering,65.65101389950442,0,0,48.65673046368476
Al-Ameen Engineering College,65.66315024053513,0,1,49.35089666880465
Sardar Patel University Of Police Security And Criminal Justice,65.6701853701992,0,0,50.34136585855475
Shri Krishan Institute Of Engineering And Technology,65.67022080827618,0,0,72.7625700956174
Sunder Deep College Of Architecture,65.67151080211403,0,0,58.41139287569968
Chaitanya Engineering College,65.68216537465268,0,1,65.08618568958107
Audisankara College Of Engineering And Technology,65.69372566698082,0,0,71.91922682161137
Bis College Of Engineering And Technology,65.69570712213772,0,0,42.73882704430878
Bheemanna Khandre Institute Of Technology,65.70214757819403,0,0,47.20396111875746
Leela Krishna Babuji Polytechnic,65.71557928042357,0,0,40.51015737338281
Assam Down Town University,65.71815930713692,0,0,45.58573112959476
Rl Institute Of Nautical Sciences,65.74172423936957,0,2,68.83165798720984
Sardar Patel College Of Engineering,65.74206608165741,0,0,72.31225732550664
Aditya Polytechnic,65.74614963881466,0,1,76.99876949988169
Hasvita Institute Of Science And Technology,65.74735479402094,0,1,61.500689070493976
Dr Virendra Swarup Memorial Trust Group Of Institutions,65.77243453039117,0,1,77.70548397211121
Arkay College Of Engineering And Technology,65.77646450243891,0,0,78.8565782815374
Priyadarshini Jl College Of Engineering,65.77936973366714,0,0,70.08264559093473
Al Azhar Polytechnic College,65.79863933447425,0,0,43.46392359829203
Deen Bandhu Chhotu Ram University Of Science And Technology,65.79866775840054,0,1,50.33696811075857
Arunai Engineering College,65.8041345517936,0,0,62.2476261861726
Shambhunath Institute Of Engineering And Technology,65.8072635714255,0,1,43.67099596948069
Akshara Polytechnic College,65.81706139152149,0,0,47.52567546968945
Ponjesly College Of Engineering,65.81868192667233,0,0,44.31395003767318
Mehr Chand Polytechnic College,65.81870471018651,0,0,67.45955773365326
Rajiv Gandhi Polytechnic,65.83485525451759,0,1,58.18051934348993
Csmss College Of Polytechnic,65.83813432575873,0,0,61.64585595591931
Pk Technical Campus,65.85569865021388,0,0,77.56427162235298
Samarth College Of Engineering And Technology,65.85605706449559,0,0,40.42795272977951
Bhivarabai Sawant College Of Engineering And Research,65.85760348760397,0,0,52.2966579786501
Vijnan Institute Of Science And Technology,65.89866321409278,0,0,72.42476911370454
Vjp Polytechnic College,65.91174232821547,0,0,57.06496445103242
Women'S Polytechnic,65.91528426933283,0,0,50.50171793645674
Jms Group Of Institutions,65.92084790195892,0,0,67.20339093516316
Cv Charantimath Rural Polytechnic,65.92471213144043,0,0,63.78448611315133
Bharat College Of Engineering,65.94836766269064,0,0,72.08154860043919
Bharati Vidyapeeth College Of Engineering,65.97040153478184,0,0,73.0507615157361
Royal School Of Engineering And Technology,65.97856521770363,0,2,73.30035064893198
Anand Charitable Sansta'S Diploma In Engineering And Technology,65.99684831885487,0,0,66.2565837240979
Kalam Institute Of Technology Polytechnic,66.00442946798002,0,0,43.440561078402425
Maharaja Prithvi Engineering College,66.0066829285414,0,0,77.54049248627628
Mgm'S Polytechnic College,66.01611328556231,0,0,57.233958559958815
Ips College Of Technology And Management,66.02329872859596,0,1,52.35868356549514
Shri Someshwar Shikshan Prasarak Mandal,66.03014289308942,0,1,74.83224610752876
Abes Engineering College,66.03502852735704,0,0,74.2028738541139
Dr S And Ss Ghandhy College Of Engineering And Technology,66.04415625505291,0,0,45.25468569637134
Shree Ganpati Institute Of Technology,66.06838638703402,0,0,44.62302500948206
Siddharth Institute Of Technology,66.07639979103547,0,2,66.78814633154637
Suresh Deep Polytechnic,66.07723746300032,0,0,43.686962556326094
Vivekanand Polytechnic,66.08574125158755,0,0,60.74016768793738
Shri Guru Hargobind Sahib Government Polytechnic College,66.09466355756396,0,0,47.47382285502774
Wainganga College Of Engineering And Management,66.09882461193524,0,0,59.907962653911184
Yamuna Institute Of Engineering And Technology,66.10032031379453,0,0,67.13129763121808
Vivekananda Institute Of Technology And Science,66.1101718857866,0,0,44.08724341564822
Svpes Faculty Of Engineering,66.11930451671074,0,0,55.96065632474237
Bharath Niketan Polytechnic College,66.13499989892442,0,2,63.33050229152232
Kg Engineering Institute,66.15809670336891,0,2,47.35444443860296
Ysr Engineering College,66.15892290841576,0,1,58.56743798195441
Shree Kapildhara Polytechnic,66.16634723491539,0,0,41.77413965378191
Pillai Hoc College Of Architecture,66.17525159318485,0,2,62.77500837307535
Vel'S Institute Of Science Technology And Advanced Studies,66.17690741547801,0,0,76.98820501000938
Netaji Subhas Chandra Bose Institute Of Pharmacy,66.21824672210965,0,0,52.0476044607632
Future Institute Of Engineering And Technology,66.21898821738678,0,0,61.31187237022926
Meerut Institute Of Technology,66.22051614169362,0,2,77.05665544004647
St Mary'S Polytechnic College,66.22882767850747,0,0,40.89417647409291
Infant Jesus College Of Engineering And Technology,66.23632229029712,0,0,63.26001977871766
University Institute Of Engineering And Technology,66.24083087258597,0,0,64.53806380266538
Priyatam Institute Of Technology And Management,66.27304310476602,0,0,68.57009076465059
Balaghat Engineering College,66.29807035032147,0,0,71.74110169708294
St Joseph Engineering College,66.32893945247774,0,0,78.13688913001543
Chanakya Technical Campus,66.34631477180162,0,1,52.16805467168058
Sardar Raja College Of Engineering,66.34661476020531,0,1,56.11697206599966
Gk Bharad Institute Of Engineering,66.34776227800522,0,0,69.28757989542578
Bhubaneswar Institute Of Technology,66.34888711027054,0,0,79.50845012492559
Sahakari Vidya Kendra Polytechnic,66.36638796092953,0,0,49.78473493529021
Annamalaiar College Of Engineering,66.38210874280489,0,0,40.16296034782882
Maharashtra Institute Of Printing Technology,66.3927490109588,0,2,57.52864194658304
Ahalia School Of Engineering And Technology,66.44111933401392,0,0,61.01696385846965
Matoshri Pratishthans Group Of Institutions,66.44668472900139,0,0,51.96538453791986
Sri Balakrishna Polytechnic College,66.45506439364542,0,0,56.32976355608449
Nshm Knowledge Campus,66.45895688189799,0,0,52.4942950255852
Government College Of Engineering,66.46462049142296,0,0,67.84083981644667
Dr Bheem Rao Ambedkar Polytechnic College,66.46591232111082,0,0,69.5322281469447
Shri Kashi Chandradev Yadav Polytechnic,66.47538443042765,0,0,51.66214023249699
Velagapudi Ramakrishna Siddhartha Engineering College,66.50428683865297,0,0,50.09112650935194
Vnr Vignana Jyothi Institute Of Engineering And Technology,66.50748071153768,0,0,79.61472233311062
Siksha 'O' Anusandhan,66.51992048904954,0,0,63.09944746717037
Rama Engineering College,66.54549355996335,0,0,59.4443866732955
Jai Bharath College Of Management And Engineering Technology,66.55337441006785,0,0,48.54312861874613
Jawaharlal Nehru Technological University,66.55375555815327,0,1,41.36930249123674
Ag Patil Institute Of Technology,66.55426212330865,0,0,40.8477897393311
Viit College Of Technology And Management,66.57145143737634,0,0,49.27007450029309
University Institute Of Technology,66.5783576823339,0,0,75.20815519611651
Shree Pandit Nathulalji Vyas Technical Campus,66.59983893107494,0,1,57.35506820296999
Odisha Polytechnic,66.60612134238143,0,0,71.60162208152846
Gla University,66.61431321922461,0,0,42.87482651948424
Birla Institute Of Applied Sciences,66.62485020474499,0,0,41.87254306505574
Dr Ambedkar Institute Of Technology For Handicapped,66.63398763955172,0,0,52.14294013456788
Vidya Pratishthans School Of Architecture,66.67294783751865,0,0,57.05967523600374
Ishwarchand Vidya Sagar Institute Of Technology,66.6734097418733,0,0,54.3315209879227
Dr Lankapalli Bullayya College Of Engineering For Women,66.69214117744947,0,0,45.78932124962239
Hindu Institute Of Technology,66.69805336204763,0,0,77.26619832342197
Malik Sandal Polytechnic,66.69879575644062,0,0,65.76517772059358
Engineering College Nowgong,66.73059743442701,0,0,64.22040171630735
Jawaharlal Nehru National College Of Engineering,66.73319596501794,0,0,75.39764679470622
Bms College Of Engineering,66.73503654719352,0,0,70.7800104769148
Apeejay Stya University,66.74435331406512,0,0,51.78546582962717
Iasscom Fortune Institute Of Technology,66.7614109544706,0,0,68.71156321479296
Its Engineering College,66.7619926760869,0,0,64.03950399692495
Jayamatha Engineering College,66.77256312915102,0,0,47.419379233417565
Idhaya Engineering College For Women,66.77956105790004,0,2,64.16344909002366
Visakha Technical Campus Varaha Lakshmi Narasimha Swamy Educational Trust Group Of Institutions,66.78610403272853,0,0,75.90004519823296
Arambagh Government Polytechnic,66.79346099041649,0,0,54.0532860112788
Gna University,66.79784738872078,0,1,66.97464530042318
Galaxy Global Imperial Technical Campus,66.80120534385541,0,0,68.95530961327746
Pondicherry Engineering College,66.80267700284503,0,0,59.21496473541267
College Of Engineering Roorkee,66.81546252604056,0,0,70.50452538354843
Scient Institute Of Technology,66.81570024263743,0,0,73.06404950462763
Advait Vedanta Institute Of Technology,66.81963652011714,0,0,54.78959043867088
Pdm University,66.82998131907517,0,0,50.52693627590328
Narsee Monjee Institute Of Management Studies,66.83161713674733,0,0,40.546235186485966
Itm Institute Of Technology And Management,66.83625508604719,0,0,74.95560472697682
Atmiya Institute Of Technology And Science For Diploma Studies,66.84114801153082,0,0,44.36091548458055
Karan Institute Of Technical Education,66.84303510911843,0,0,61.188345901441934
Djr College Of Engineering And Technology,66.84792361107472,0,1,69.44067431241983
Kruti Institute Of Technology And Engineering,66.85741793389599,0,0,75.62833418531235
Raak College Of Engineering And Technology,66.8621964632672,0,0,78.07494897613736
Dev Bhoomi Institute Of Polytechnic,66.86328737427576,0,0,42.7163518586103
Theni Kammavar Sangam College Of Technology,66.87907599437855,0,0,54.92738141064418
Jyothy Institute Of Technology,66.88284410733442,0,1,79.28405548348559
Tolani Maritime Institute,66.88332002696424,0,0,45.39994661493584
Shadan Women'S College Of Engineering And Technology,66.88416326158757,0,0,50.38922110288589
Imperial Institute Of Polytechnic And Technology,66.8888127353812,0,1,68.22727034933465
Loknayak Jai Prakash Institute Of Technology,66.91279943596493,0,0,48.970984040284485
Mayurbhanj School Of Engineering,66.91305994529361,0,0,72.23430727588993
Giet Engineering College,66.92395965635815,0,0,45.08705980354715
Jai Narain College Of Technology,66.92734681931624,0,0,79.44742119016433
Djr Institute Of Engineering And Technology,66.92789615053682,0,0,47.41671439663806
Jan Nayak Ch Devi Lal Memorial College Of Engineering,66.9367245326813,0,0,57.45278794073211
Vishwabharati Academy'S College Of Engineering,66.93865154895629,0,1,62.16258651677279
Amity School Of Distance Learning,66.94322284352504,0,0,74.94746644565757
Kashmir Government Polytechnic College,66.94659421767548,0,0,53.26796493948256
Suman Ramesh Tulsiani Technical Campus Faculty Of Engineering,66.94805868692347,0,0,41.64488285213452
Paavai Engineering College,66.95199948627116,0,1,44.60113792767609
Kailash Narayan Patidar College Of Science And Technology,66.96146016753713,0,1,71.50869703472736
University Of Mumbai,66.98119722330252,0,1,52.58063609981032
Kce Society'S College Of Engineering And Information Technology,66.98338523316691,0,0,49.91739571260996
Shree Lr Tiwari College Of Engineering,67.00340232879331,0,1,49.04316429132656
Madha Institute Of Engineering And Technology,67.00340809003654,0,0,79.20922662461803
Shri Sant Gadge Baba College Of Engineering And Technology,67.00762756510672,0,0,46.60525846900796
Rcc Institute Of Information Technology,67.02876794692597,0,0,58.727864337612445
Vitthal Patil Polytechnic,67.04379862318271,0,0,46.111297209741856
Aarushi Group Of Institutions,67.05245813045303,0,0,75.22697332857652
Kg Reddy College Of Engineering And Technology,67.06043504029691,0,0,46.23746837949424
Dr Kn Modi Engineering College,67.07878184946362,0,0,54.16394148148847
Netaji Subhas University Of Technology,67.08907297900087,0,0,71.20841350267897
Gayatri Vidya Parishad College For Degree And Pg Courses,67.09318916451969,0,2,69.71441609589725
Sri Chandrasekharendra Saraswathi Viswa Mahavidyalaya,67.10388264441326,0,0,55.35392762633774
Sanmati Engineering College,67.14486824240811,0,0,74.40689141677214
Maa Vaishno Maa Sharda Polytechnic,67.1488737017267,0,2,73.47950657552362
Meerut Institute Of Engineering And Technology,67.15067032712395,0,0,44.814273145943126
Hosur Institute Of Technology And Science,67.15091772041424,0,0,70.26824983282188
Ck College Of Engineering And Technology,67.17338779276938,0,0,71.16520036247013
Shri Chhatrapati Shivaji Maharaj College Of Engineering,67.184932925577,0,0,61.56479778641644
Drk Institute Of Science And Technology,67.1867093014749,0,1,51.36702039016274
Late Gn Sapkal College Of Engineering,67.1940055283325,0,2,52.67520925009302
Ramchandra Chandravansi Institute Of Technology,67.20890826106924,0,0,70.82888006574932
Coimbatore Institute Of Technology,67.21846335763416,0,1,50.6673657609509
Al Kabir Polytechnic,67.22166388027722,0,1,55.0197793832547
Cb Kolli Polytechnic,67.23372831879061,0,0,72.92659432133416
Pt Ravishankar Shukla University,67.24835802771352,0,0,50.62182512695971
Walchand College Of Engineering,67.25202882030399,0,0,66.66776602097666
Sreepathy Institute Of Management And Technology,67.26825559746024,0,0,68.47835107380867
Rao Pahlad Singh Group Of Institutions,67.26948620952578,0,1,68.61200988627654
Shanthiniketan Polytechnic College,67.27558294220398,0,1,41.31187117920899
Bhagwan Parshuram Institute Of Technology,67.27824582455662,0,0,49.62572512472647
Royal Global University,67.27901252452884,0,1,44.04526850118952
Ptr College Of Engineering And Technology,67.28181735454321,0,0,71.12389297578395
Sri Jayaram Institute Of Engineering And Technology,67.28197456649623,0,0,56.45448444850273
Dr Kv Subba Reddy Institute Of Technology,67.28583880347948,0,0,73.72570118200024
Maharaja Agrasen University,67.29019621859504,0,1,79.22124932596066
Motihari College Of Engineering,67.31503224378774,0,0,56.12913691702124
Tirumala Polytechnic College,67.31734044102723,0,0,71.12094077725274
Tulsiramji Gaikwad Patil College Of Engineering And Technology,67.3384266562587,0,0,68.16274935121653
Guru Premsukh Memorial College Of Engineering,67.35174816507475,0,2,72.77401560943551
Shri Andal Alagar College Of Engineering,67.38140292579268,0,0,74.894108410532
Drk College Of Engineering And Technology,67.38146058053061,0,1,55.48067088786145
Divine Institute Of Engineering And Technology,67.38357353928588,0,0,69.25873231564051
Ram Singh College Of Engineering And Technology,67.40263463405068,0,0,55.99091341307536
Jauhar Institute Of Engineering And Technology,67.40550420687407,0,0,60.49885454276543
Pacific College Of Engineering,67.41900339007688,0,0,57.306547083962656
Saffrony Institute Of Technology,67.4215754439666,0,0,44.53649247809102
Moti Babu Institute Of Technology,67.43146605087165,0,1,61.946090802352224
Shree Sathyam College Of Engineering And Technology,67.43691790779168,0,1,54.67260997014203
Pes University,67.4381133273717,0,0,44.17812978535687
Vaageswari Engineering College,67.44070349722742,0,1,41.435685097911296
North Malabar Institute Of Technology,67.44080504821234,0,0,49.01949694297316
Viswajyothi College Of Engineering And Technology,67.46586790426721,0,0,72.72237604729474
Mother Terasa Polytechnic College,67.47040039898926,0,0,66.27859103944293
Sb Polytechnic,67.47466198326153,0,0,53.62815036842562
Baba Mastnath University,67.47547710675587,0,0,47.61570758982111
Sree Dattha Group Of Institutions Integrated Campus,67.47919984810834,0,1,42.01754535413232
Bharat Polytechnic College,67.50213430308882,0,0,75.05911657544846
Christ University,67.50728819525469,0,2,56.4185544069439
Shivalik Polytechnic,67.50923210518691,0,0,65.5386729687191
Bhubanananda Orissa School Of Engineering,67.51012544859307,0,0,53.65631178574303
Tkm Institute Of Technology,67.51747937422768,0,0,55.01486647577804
Jkp Polytechnic,67.51913604428717,0,0,73.86904698560826
Mahatma Gandhi Mission'S College Of Engineering And Technology,67.52060386413565,0,0,45.777739125933664
Maryland Institute Of Technology And Management,67.52280297010313,0,1,55.95646834624475
Impact Polytechnic,67.53345731295252,0,2,46.31473169602624
Parvatha Reddy Babul Reddy Visvodaya Institute Of Technology And Science,67.5399356066662,0,0,45.61347918159686
Government Residence Women Polytechnic,67.54479843104458,0,0,45.44474003625259
Bm Group Of Institutions,67.54958270650398,0,0,44.564114889947135
Tamil Nadu Veterinary And Animal Sciences University,67.56839065921773,0,1,53.11253264990253
Aditya Engineering College,67.57529586263567,0,0,67.69733918165859
Neelam College Of Engineering And Technology,67.61342253978147,0,0,75.60031880015711
College Of Technology,67.61572536392401,0,0,51.82060137890715
School Of Research And Technology People'S University,67.62387460394322,0,0,57.417878073478406
Brindavan Institute Of Technology And Science,67.64129134780123,0,0,43.38059356396486
Beehive College Of Engineering And Technology,67.66655324018319,0,0,60.86235255286992
Malineni Perumallu Educational Society'S Group Of Institutions,67.66993468498376,0,0,44.46658815369575
Sagar Institute Of Science Technology And Engineering,67.69211239376634,0,0,40.99722078690084
Rajaji Institute Of Technology,67.69358666901601,0,1,57.045832887731926
Rise Krishna Sai Prakasam Group Of Institutions,67.69733248948472,0,0,63.684643628007166
Rajasthan Engineering College,67.70100509593004,0,0,57.54115463327903
Indus College Of Engineering,67.70599418111227,0,0,46.77997815338048
Maharana Pratap Engineering College,67.71307179472444,0,0,45.534495073476
Christian Polytechnic College,67.7191384411917,0,0,51.08836706283242
Bes Institute Of Technology,67.72351002063827,0,0,40.04252533781766
Jawaharlal College Of Engineering And Technology,67.72642310130557,0,0,58.85966621978197
Hindustan College Of Engineering,67.72732777634886,0,2,56.729635813250994
Rr Institute Of Technology,67.73347076211742,0,0,64.04908277116397
Dr Dy Patil Technical Campus,67.73650419825702,0,0,67.69515567448012
Roorkee Institute Of Technology,67.74833393589998,0,0,56.6842768236526
Ingraham Polytechnic,67.75748914065619,0,0,47.73345077480228
Institute Of Engineering And Rural Technology,67.7656738901085,0,0,47.19249017341488
Shillong Polytechnic,67.77195531606358,0,0,42.20074636798419
Kai Sau Sunitatai Eknathrao Dhakane Polytechnic College,67.77315362845343,0,1,46.68746760466733
Universal Polytechnic College,67.78227283456397,0,0,59.96787652908196
Saint Kabir Polytechnic College,67.78313241990634,0,0,50.43960585043251
Radical Polytechnic College,67.78886803254473,0,0,61.25897384486211
Mangalore Marine College And Technology,67.79205078922259,0,0,54.17046707035363
Center For Spatial Information Technology,67.79634371503124,0,1,40.84952404573202
Kle Institute Of Technology,67.82652369299177,0,0,43.58985476237071
Jai Shriram Engineering College,67.83286759010329,0,1,57.03285516445314
Shri Sai Polytechnic,67.8509824467609,0,0,63.62246039720712
Pankajakasthuri College Of Engineering And Technology,67.86389187008332,0,2,77.03074030876834
Stallion College For Engineering And Technology,67.88186457674068,0,2,62.25679453032978
Indian Institute Of Carpet Technology,67.88215592851046,0,1,79.01235832458867
Kj Somaiya Polytechnic,67.88494098862252,0,0,42.10484347994702
Indian Statistical Institute Kolkata,67.88643980944461,0,0,65.9976816776983
Maha Manav Gautam Buddha Polytechnic,67.89174034148597,0,0,75.39035441568079
Swami Parmanand College Of Engineering And Technology,67.89991980298839,0,0,64.85556853759701
Shankara Institute Of Technology,67.9161449116397,0,0,55.60472847936438
Vethamonikam Memorial Csi Polytechnic College,67.91733464230497,0,0,59.24258024618167
Santosh N Darade Polytechnic,67.92124373869686,0,0,62.93487812675359
Impact School Of Architecture,67.9253910783753,0,2,50.43323624621996
Gurukul Polytechnic College,67.96268739386977,0,0,41.44303928349465
Akula Sreeramulu College Of Engineering,67.98371160187631,0,1,58.64406480983239
Raja Kishore Chandra Academy Of Technology,68.02909542840473,0,1,69.27236219875968
Rajas Institute Of Technology,68.03016267784581,0,2,66.24570541797243
Avanthis St Theressa Institute Of Engineering And Technology,68.0311524170514,0,1,78.64588534418239
Patel Institute Of Technology,68.05144704742813,0,0,47.32526562322063
Mewar School Of Engineering And Technology,68.05759501638781,0,0,52.25656086810648
Indian Institute Of Food Processing Technology,68.06000469169804,0,1,42.472636721916
Jowai Polytechnic,68.06793062395947,0,1,52.04139062877806
Ik Gujral Punjab Technical University,68.0736859151103,0,0,56.07796780140982
International Maritime Academy,68.07637158912787,0,1,57.01872931639436
Aditya College Of Engineering And Technology,68.07702225339433,0,2,65.15788168154941
Rama Institute Of Engineering And Technology,68.11119273712768,0,0,60.29855976615453
Godavari College Of Engineering,68.11389019263194,0,0,60.80579717306743
Indore Institute Of Science And Technology,68.14926621559512,0,0,41.27787561800031
Gokula Krishna College Of Engineering,68.16825785150291,0,0,71.28667703526601
Tdr Polytechnic,68.17124008503194,0,0,67.58510642437783
Kongunadu Polytechnic College,68.173648164642,0,0,65.45726433827798
Shri Vasantrao Potdar Polytechnic,68.17391676023699,0,0,76.11003577184704
Ggs Polytechnic College,68.17894739837155,0,2,73.02417782168362
Rrs College Of Engineering And Technology,68.18719055289924,0,0,49.24797387206337
Sai Nath University,68.19961620333328,0,1,61.17645455858671
Sinhgad Institute Of Technology,68.20054383062919,0,0,72.94705190159037
Flora Institute Of Technology,68.20717363838288,0,0,67.18972428353322
Vizag Institute Of Technology,68.20977888969449,0,1,50.6759172872802
Mona College Of Engineering And Technology,68.22203014162695,0,0,46.90326646129674
Sri Chundi Ranganayakulu Engineering College,68.24598003449809,0,2,43.21986376989855
Shree Swaminarayan Polytechnic,68.25668154874847,0,0,60.68938063161793
Trichy Engineering College,68.25833378129872,0,2,56.95614217919805
Bnm Institute Of Technology,68.27805133952305,0,1,50.46481918214891
The Assam Kaziranga University,68.2842720256597,0,0,67.53192217883489
Swami Vivekanand College Of Engineering,68.28612312292452,0,1,40.97506548357388
Hi-Tech Polytechnic,68.28953046418602,0,0,52.49963711874485
Banaras Hindu University,68.29281264026513,0,0,79.8216342038867
Mayurakshi Institute Of Engineering And Technology,68.29909914724293,0,0,74.15776602717729
Genesis Institute Of Technology,68.31145518313872,0,0,41.300861772008815
Thanthai Periyar Ev Ramasamy Government Polytechnic College,68.31312049435064,0,1,64.22553407067682
Sri Rajiv Gandhi Polytechnic College,68.31891120947122,0,2,65.88701457202687
Shibani Institute Of Technical Education,68.32192523829028,0,1,47.49774530424342
Md College Of Polytechnic,68.33361261263204,0,2,54.8102186799742
Shri Balasaheb Mane Shikshan Prasarak Mandal Ashokrao Mane Polytechnic,68.33542524811034,0,0,50.96941245572567
Yashwantrao Bhonsale Polytechnic,68.3436970166633,0,0,50.853204483947735
Teerthanker Mahaveer College Of Computing Sciences And Information Technology,68.34395584558885,0,0,75.70907269831531
Mar Baselios Christian College Of Engineering And Technology,68.34436306196741,0,0,52.40003702316093
Gidc Degree Engineering College,68.34711445267104,0,0,52.456654983275655
The Selvam Women Excellence Engineering Technology,68.35423646109516,0,0,40.19651356480756
Kongu Hi Tek Polytechnic College,68.35538006462491,0,2,59.90644939642685
Shri Ram Polytechnic,68.37901805102358,0,0,53.054685174784936
Amrita Sai Institute Of Science And Technology,68.41749515061991,0,0,65.32271644341452
Dr Dy Patil College Of Architecture,68.44542468360176,0,0,70.3974620103132
Nm Institute Of Engineering And Technology,68.44556759651995,0,2,43.111560454057816
Sandip Institute Of Technology And Research Center,68.4490609620526,0,1,44.1042429244703
Ssld Varshney Institute Of Management And Engineering,68.4492959869541,0,0,75.65509001434026
Agnel Polytechnic,68.46443754371421,0,0,71.17099573454473
Orissa Institute Of Engineering And Technology,68.46725275004174,0,0,56.47183575221577
Vedica Institute Of Technology,68.47131951765164,0,0,45.89335557040202
Vignan'S Institute Of Information Technology,68.48377490826311,0,0,77.91076575773312
Sb Patil College Of Architecture And Design,68.51543830196596,0,0,55.95164561718661
Arya College Of Engineering And Research Centre,68.54010464718486,0,0,57.83060673374322
Adhiparasakthi Engineering College,68.54563288491593,0,1,70.57513833697752
Prabhat Engineering College,68.5461436926866,0,0,53.23826234349768
Peoples University,68.55466335177746,0,1,51.50036020371473
Hasmukh Goswami College Of Engineering,68.56119667479359,0,2,58.77515475263132
Gandhigram Rural Institute,68.56889742042614,0,0,64.69797157236228
Zeal Polytechnic,68.57141349447642,0,0,70.30247953813291
Maharana Pratap College Of Technology,68.57175889497478,0,0,70.51583641101277
Madhav University,68.57250478204817,0,0,63.26853712945655
Truba Institute Of Engineering And Information Technology,68.58275537879429,0,0,55.10219162671244
Bharathiyar Institute Of Engineering For Women,68.58293323302283,0,0,76.10410159230685
Raj Engineering College,68.58486163745835,0,0,56.90878747071133
Tawi Polytechnic,68.5926382696442,0,0,74.46801644452466
Triguna Sen School Of Technology,68.60054384010107,0,2,79.48366630036111
St Peter'S College Of Engineering And Technology,68.60833572605605,0,0,59.27050988027675
Indo Danish Tool Room,68.61210471692831,0,1,48.193563050614586
Sri Venkateshwara Institute Of Engineering,68.6419880463072,0,0,50.74052509352412
Seacom Marine College,68.6428689946989,0,0,48.43102806234382
Dr Rizvi College Of Engineering,68.67889682271804,0,1,66.8515748576136
Paramveer Polytechnic College,68.68186784078321,0,0,70.80139882343182
Bankura Unnayani Institute Of Engineering,68.694461299133,0,0,59.10914705684252
Sri Venkateswara Engineering College,68.6955757664514,0,0,65.85465303549418
Mes College Of Engineering,68.6975092095412,0,0,75.58169406980095
Csir-Central Electrochemical Research Institute,68.70026304332241,0,0,52.71555886772372
Mes Polytechnic,68.70264361511887,0,0,52.36463204516684
Jodhpur National University,68.70880042075464,0,0,54.61603675530442
Madhav Institute Of Technology And Science,68.71607203092493,0,0,51.726074712804845
James College Of Engineering And Technology,68.72609190846516,0,1,54.06323993326688
Loyola Institute Of Technology,68.72935790987958,0,0,52.16085512452214
Sree Vidyanikethan Engineering College,68.73619088698352,0,0,55.14694632968574
Sree Chitra Thirunal College Of Engineering,68.75937071172133,0,0,77.36139063441072
Regent Education And Research Foundation Group Of Institutions,68.75971458968253,0,0,54.68967205775587
Lumbini Group Of Institutions,68.7631817436741,0,1,42.74104949323433
Pandit Dev Prabhakar Shastri College Of Technology,68.76741235078109,0,0,42.57240519255078
Adi Shankara Institute Of Engineering And Technology,68.78223580286871,0,0,51.33611744236566
Indore Institute Of Science And Technology-Ii,68.78883057289026,0,0,58.98537042314129
Panipat Institute Of Engineering And Technology,68.79460388815548,0,0,75.78363340102086
University Institute Of Information Technology,68.80078800461624,0,0,47.01582390639991
Shree Institute Of Technical Education,68.80179537205024,0,0,73.00988093331046
Maharaja Aggarsain Institute Of Technology,68.80270056249122,0,0,62.87377557258204
Sree Vahini Institute Of Science And Technology,68.80426308733968,0,0,60.69577754515072
St Joseph'S College Of Engineering And Technology,68.82123170684953,0,0,68.33668483527404
Seacom Engineering College,68.8365016456219,0,0,62.30056775230649
Rajeev Gandhi Memorial College Of Engineering And Technology,68.83836018250953,0,2,75.36380262044241
Rayat And Bahra Institute Of Engineering And Nano Technology,68.84081538444491,0,0,55.12173666751834
Vaagdevi College Of Engineering,68.84742840385202,0,0,47.470511912924216
Nizam Institute Of Engineering And Technology,68.87461055393887,0,0,72.37489401407787
East Point College Of Engineering And Technology,68.87915278646486,0,0,44.96660767353725
Keystone School Of Engineering,68.88092453243313,0,0,66.3514250490857
Newton'S Institute Of Science And Technology,68.887113093269,0,0,57.71543040756913
Gyan Vihar School Of Applied And Bio Sciences,68.89546183242565,0,2,76.92372789948286
Aks University,68.89648445268092,0,0,55.44146747517367
Adarsh Institute Of Technology,68.928383953187,0,0,77.71761905377961
Maharishi Arvind Institute Of Engineering And Technology,68.928610639387,0,1,57.69907974486799
Applied College Of Management And Engineering,68.92995383925941,0,2,67.05918258601275
Rashtrasant Tukadoji Maharaj Nagpur University,68.95069040089004,0,1,42.529090301336325
Krishna Vidyapeeth Of Management And Technology,68.95549074956762,0,2,54.676937427685246
Snjb'S Late Sau Kantabai Bhavarlalji Jain College Of Engineering,68.96385365546914,0,0,41.709338562604486
Ballari Institute Of Technology And Management,68.97958479792207,0,1,41.14353617691562
Reddyjana Sangha Polytechnic,68.98002693102792,0,0,53.84511759457445
Gh Raisoni College Of Engineering And Management,68.9953007012928,0,1,66.49370464411354
Pimpri Chinchwad Polytechnic,69.0139377338709,0,2,68.32358971390664
Kct College Of Engineering And Technology,69.01912051235736,0,2,40.49013382724785
Girijabai Sail Institute Of Technology,69.02582375828257,0,1,40.68866616335217
Moghal College Of Engineering And Technology,69.02929966569626,0,1,43.581106643933786
Islamic University Of Science And Technology,69.03294347929427,0,0,58.905863535603885
Orphanage Polytechnic College,69.04641114542554,0,2,48.15705189134795
School Of Environment And Architecture,69.0601587227969,0,0,56.09308754424832
Apex Institute Of Management And Technology,69.06868117543495,0,0,47.26970310759484
Adarsha School Of Engineering And International Polytechnic,69.08120912291922,0,0,59.47211464483811
Feroze Gandhi Institute Of Engineering And Technology,69.09150592544464,0,1,62.91667784398305
Sant Baba Prem Singh Memorial Government Polytechnic College,69.09590140808632,0,0,69.86214490074815
Rajiv Gandhi University,69.10689124074717,0,0,52.53866991684943
Loknete Gopinathji Munde Institute Of Engineering Education And Research,69.1280411244341,0,1,49.47063032363485
Bfit Group Of Institutions,69.13067403160204,0,0,42.446650608873085
Chilkur Balaji Institute Of Technology,69.13691922918102,0,0,58.61877884299003
Devasya Polytechnic,69.14174577814327,0,0,71.77652289828481
Dumkal Polytechnic,69.159949562923,0,0,70.48693730536706
Dr Rn Lahoti Polytechnic College,69.1920909157898,0,0,67.8133814581507
Mar Baselios College Of Engineering And Technology,69.19617829231098,0,0,41.94354259279538
Sir Cv Raman Institute Of Technology And Sciences,69.21070456100793,0,0,60.60102101146707
Sjes Polytechnic,69.23157393262998,0,0,65.53885219199346
Golden Valley Integrated Campus,69.2327428829273,0,1,74.20232367268176
Abhilashi University,69.24548702767053,0,0,79.11929162137005
Mewat Engineering College,69.2535017488847,0,2,66.34935658513382
Roever Engineering College,69.26550670586565,0,0,46.35448826971879
Vivekanandha Institute Of Engineering And Technology For Women,69.2867801526173,0,0,74.50153412117291
V Ramakrishna Polytechnic College,69.29316237752649,0,0,60.05721508371296
Kle Dr Ms Sheshgiri College Of Engineering And Technology,69.29577452011051,0,0,65.07661854580604
Hrh The Prince Of Wales Institute Of Engineering And Technology,69.30559294927545,0,0,71.22875471413415
Sampoorna Institute Of Technology And Research,69.30577733829217,0,0,72.35947564603322
Karunya Institute Of Technology And Sciences,69.33024439098898,0,1,76.79012579534019
Future Institute Of Technology,69.34551325642934,0,0,76.35007434632922
Gandhi Institute Of Excellent Technocrats,69.36745749538952,0,0,46.24551814492241
Mam College Of Engineering,69.36846545999794,0,2,53.64938235703519
Bit Sindri,69.3778208968452,0,0,48.94284809185779
Sd College Of Engineering And Technology,69.38062159261005,0,0,58.74945848375784
Dronacharya Group Of Institutions,69.385001555621,0,2,71.49185281271633
Vandayar Engineering College,69.3885628034114,0,1,48.78864130092195
Navrachana University,69.41363089159657,0,0,63.85081359958197
Rajiv Gandhi College Of Engineering And Technology,69.41638731158034,0,0,53.540641834491744
Gcrg Group Of Institutions,69.41850761143381,0,0,55.03453003804073
Government Leather Institute,69.43602525252521,0,2,75.1745859153726
Baba Sahab Dr Bhim Rao Ambedkar College Of Agricultural Engineering And Technology,69.44684564505731,0,0,47.7364276582789
Smt Sr Patel Engineering College,69.44722240218663,0,0,47.31704118567124
Arasan Ganesan Polytechnic College,69.44954366957506,0,0,65.33116742159373
Dr Br Ambedkar Government Polytechnic,69.45248363277474,0,0,51.80531387927945
Saroj Institute Of Technology And Management,69.46866290238833,0,0,50.76911547892496
Erode Sengunthar Engineering College,69.47067888339376,0,0,68.71733008942167
Maharaja'S Technological Institute,69.47221388574914,0,1,73.55872673200476
Dy Patil College Of Engineering And Technology,69.49446356859019,0,0,46.937160448794295
Bhopal Institute Of Technology And Science,69.49864494271756,0,2,48.38378565285032
The Oxford College Of Engineering,69.49999410274413,0,0,42.19452477664842
Prof Ram Meghe Institute Of Technology And Research,69.51054125168753,0,1,45.136011540006734
Acharya Polytechnic,69.51921758860574,0,0,45.424971326815246
Sai Vidya Institute Of Technology,69.52452840110378,0,0,52.85045918219648
Oxford College Of Engineering And Management,69.5335737346935,0,1,42.65965606122264
Shaheed Virendra Singh Sirohi Institute Of Technology,69.54886960651152,0,1,63.37206229377185
Vellore Polytechnic College,69.55970248209877,0,0,62.43275498952136
Gayatri Institute Of Engineering And Technology,69.56412687339309,0,0,42.55588926758422
St Joseph College Of Engineering,69.56540792851425,0,0,78.44394534276998
Raffles University,69.56970961103649,0,0,77.6353885776072
Late Babasaheb Phadtare Polytechnic College,69.58426587007376,0,1,66.19288138965267
Brahma Valley College Of Technical Education,69.60467144777628,0,1,62.48466987929085
Sir Dr Ms Gosavi Polytechnic Institute,69.60749125497756,0,0,48.49191448545061
Global Institute Of Management And Emerging Technologies,69.63142088249677,0,1,42.10882866229456
Priyadarshini Institute Of Science And Technology,69.63343373342838,0,0,53.4858143413729
Intell Engineering College,69.64516336481529,0,0,64.46454885297999
Hanagal Sri Kumareshwara Polytechnic,69.66333509902623,0,0,74.69486040647402
Karpaga Vinayaga College Of Engineering And Technology,69.68369141028259,0,1,58.49263052131192
Sinhgad College Of Engineering,69.68541504369304,0,1,50.39037383933463
Majhighariani Institute Of Technology Science,69.70123052558077,0,1,54.05766761768185
Anjuman E Islam Polytechnic,69.7018388156831,0,2,43.10604969850402
Aalim Muhammed Salegh College Of Engineering,69.70600430428283,0,2,50.73637487350474
Nagarjuna Institute Of Technology And Sciences,69.70795034749585,0,2,65.04146132108657
Met Faculty Of Architecture,69.7194922485304,0,0,71.74426630576654
Ttaadc Polytechnic Institute,69.72384509847204,0,0,76.48271042398936
Yellamma Dasappa Institute Of Technology,69.72498206625446,0,1,58.88552616178923
Shri Govind Guru University,69.7257693175451,0,2,56.576799837695184
Dr Ad Shinde Institute Of Technology,69.72752260869568,0,0,58.51312377514999
Balasore School Of Engineering,69.73180075138461,0,0,40.41189984880964
Shri Vishnu Engineering College For Women,69.75242084806474,0,1,47.94193035239429
Cbs College Of Engineering And Management,69.75761868432123,0,0,68.49064284971406
Ludhiana Polytechnic College,69.7590017528019,0,0,58.88491831164514
Mit College Of Engineering,69.7623267190441,0,0,69.66357023931145
International Centre Of Excellence In Engineering And Management,69.78958676098046,0,0,43.80603389540282
Priyadarshini College Of Engineering And Technology,69.78978747211252,0,0,61.616328871212986
Pet Polytechnic College,69.79105438350626,0,0,45.24353029611712
Valivalam Desikar Polytechnic College,69.81919555753618,0,0,52.808280548100726
Murshidabad College Of Engineering And Technology,69.82120423408435,0,0,62.5675828402539
Bahra Polytechnic College,69.8252378969405,0,0,57.444680527238106
Chhattisgarh Institute Of Management And Technology,69.8308966342008,0,1,79.94057274104398
Indus Institute Of Engineering And Technology,69.83311381084762,0,0,62.96620722570552
Rajaram Shinde Institute Of Engineering And Technology,69.84980398838046,0,0,60.59496612685262
Maharaja Agrasain Institute Of Technology,69.84982335471055,0,2,61.05018687762432
Women'S Institute Of Engineering And Technology,69.85661427737233,0,0,75.45164754861305
Iimt College Of Engineering,69.86026901938357,0,0,70.38749745019301
Swetha Institute Of Technology And Science,69.86241172647168,0,1,76.51817432878298
Dr Bhim Rao Ambedkar Institute Of Technology,69.89095696500235,0,0,78.77009010688312
Shri Anar Devi Khandelwal Mahila Polytechnic,69.89377467813193,0,0,67.60452967487055
Shri Usb College Of Engineering And Management,69.89714295194946,0,0,61.1905543174252
Pacific Polytechnic College,69.91041841740807,0,0,47.64687213504335
Millennium Institute Of Technology,69.91850269403525,0,1,74.86404177800422
Hi Tech Institute Of Information And Technology,69.92400849689258,0,0,57.42674831044911
Shree Ramchandra College Of Engineering,69.9344274827217,0,0,76.1362099406055
E-Max Institute Of Engineering And Technology,69.93528487061407,0,0,42.365868948369794
Lj Institute Of Engineering And Technology,69.9648794408245,0,0,48.09562293058493
Rathinam Technical Campus Institute Of Technology,69.9920074181435,0,0,79.24279078154166
Takshshila Institute Of Engineering And Technology,69.99702673678122,0,0,47.695812507388
Anuradha Polytechnic,70.00533727114104,0,0,48.49399494180373
Rajas Engineering College,70.00697447707361,0,0,49.72235128193383
Rai University,70.0111562271791,0,0,59.27712504809037
Dhanalakshmi Srinivasan College Of Engineering,70.01679686908864,0,0,49.88756202343826
Shivajirao S Jondhale College Of Engineering,70.0234164512281,0,1,44.08683136108857
Aishwarya College Of Engineering And Technology,70.05434266291195,0,2,57.85086491603536
Dr Dy Patil College Of Engineering And Innovation,70.08749387409924,0,0,74.87161319938006
Ask College Of Technology And Management,70.09860668085004,0,1,53.58956692155581
Tula'S Institute The Engineering And Management College,70.1009273856496,0,0,46.89689479110591
Bhargava College Of Engineering And Technology,70.10747471306038,0,0,43.91602442778353
Hooghly Engineering And Technology College,70.10845100973387,0,0,73.62876042897636
College Of Engineering And Technology,70.12277884529745,0,0,60.483344956574776
Pandian Saraswathi Yadav Engineering College,70.16630508979398,0,0,73.01607169656553
Dr Sudhir Chandra Sur Degree Engineering College,70.16715999105128,0,0,73.42618587460701
Lukhdhirji Engineering College,70.17118135536089,0,0,54.87513474282055
Syed Hashim College Of Science And Technology,70.18353605173748,0,0,75.49407910752193
Aayojan School Of Architecture,70.18677583971481,0,2,41.658019984743206
Swami Vivekanand Institute Of Engineering And Technology,70.1879171999934,0,0,70.62688578914967
Trr College Of Technology,70.19032222814735,0,0,51.16870080167598
Cmra Government Polytechnic,70.19490994818368,0,0,46.53747090373827
Thakur Polytechnic,70.19639978275671,0,0,58.26422595934492
Vishweshwarayya Abhiyantriki Padvika Mahavidyalaya,70.19988660100705,0,0,70.34226183172048
Shaheed Bhagat Singh Polytechnic For Engineering,70.21078086858583,0,0,61.68760152330249
Government Polytechnic College For Girls,70.21300958371216,0,0,71.31506964203932
Sushila Devi Bansal College Of Engineering,70.2149894698687,0,0,59.76854083331169
Thiru Seven Hills Polytechnic College,70.21761964478091,0,2,40.66104123012151
E-Max Group Of Institutions,70.2182334965868,0,0,47.23305329984475
Maratha Mandal Engineering College,70.220429594555,0,0,79.00337041440369
Balajee Polytechnic College,70.22282924121053,0,0,66.93849321379382
Prabhakar Patil Education Society'S Polytechnic,70.22696625995547,0,1,60.83072533232604
John Cox Memorial Csi Institute Of Technology,70.22850586509296,0,0,69.5932055699729
Puri Engineering School,70.23932355788864,0,1,70.85519639310976
Christ College Of Engineering,70.24057601308806,0,1,74.23527571001608
Chandigarh Group Of Colleges,70.25775830239773,0,1,43.50944145581819
Sdncres'S Late Narayandas Bhawandas Chhabada Institute Of Engineering And Technology,70.28668972040481,0,0,61.12890009776935
Institute Of Science And Technology,70.30444689653773,0,0,74.52341024804355
Js Institute Of Management And Technology,70.3098786421204,0,0,41.47900021300647
Gayatri Vidya Parishad College Of Engineering For Women,70.32233595014205,0,0,59.526534335493295
Gems Polytechnic College,70.33232904943584,0,0,59.767033629589605
Rimt Institute Of Engineering And Technology,70.34783331117401,0,0,75.56841136757222
Radha Govind Group Of Institutions,70.35561133936386,0,0,59.030248931704726
Mata Mahakali Polytechnic,70.36800540285226,0,0,44.49508804730129
Mea Engineering College,70.374986532791,0,0,62.45997436102317
Mjp Government Polytechnic College,70.37892573149685,0,0,61.54685032846498
Radhaswami Institute Of Technology,70.42775291831822,0,0,58.2255510623396
Kkr And Ksr Institute Of Technology And Sciences,70.43156796396718,0,0,43.65282483889522
Shri Rawatpura Sarkar Institute Of Technology And Science,70.43710516721539,0,0,53.97095103845672
Shreejee Institute Of Technology And Management,70.44239328857313,0,0,60.02835764494522
Kmct Polytechnic College,70.47200534977766,0,0,54.736603835496354
Bharat Institute Of Engineering And Technology,70.47268126797184,0,1,74.38050329465827
Vidyalankar Institute Of Technology,70.48280994922031,0,1,79.95606905953537
Mahabir Engineering College,70.48561390361898,0,0,66.97107314029951
Rk University,70.51860823105213,0,0,61.49626855631364
Bharat Institute Of Polytechnic,70.52136569164296,0,1,79.98406975217459
National Fire Service College,70.52649264048594,0,0,71.17714174058794
Yaduvanshi College Of Engineering And Technology,70.5279385667836,0,0,48.61507003710905
S Veerasamy Chettiar College Of Engineering And Technology,70.55088987979491,0,0,62.53954456434448
Asian College Of Engineering And Technology,70.56447441475277,0,0,77.56980841766699
Shankersinh Vaghela Bapu Institute Of Technology,70.57028814480785,0,1,42.06301946547255
Tezpur University,70.58422325440506,0,1,70.04749450642989
Guru Hargobind Polytechnic College,70.58931955823769,0,2,43.20978388813849
Hitkarini College Of Engineering And Technology,70.60196309007927,0,0,76.2152102643418
Aar Mahaveer Engineering College,70.60316553074273,0,1,64.32981185450558
Bsm College Of Polytechnic,70.60476588211098,0,0,64.68512326376195
Cbs Group Of Institutions,70.60599289159964,0,0,69.6034631372873
Met Institute Of Technology Polytechnic,70.61058610726256,0,1,51.16313752044777
Kvg College Of Engineering,70.61140566785787,0,0,71.19471178002235
Jlu School Of Engineering And Technology,70.61424982980553,0,2,66.77580825145509
Surya Polytechnic For Engineering And Technology,70.64307418432172,0,0,50.74033919136399
Vidhyadeep Institute Of Engineering And Technology,70.65885020887619,0,0,42.5501828450907
Tawi Engineering College,70.66886834679117,0,1,45.12642746539625
Baldev Ram Mirdha Institute Of Technology East Campus,70.67111850407757,0,0,75.7362506665331
Siddhartha Institute Of Engineering And Technology,70.67767248236447,0,0,70.68741042402
Kalaignar Karunanidhi Institute Of Technology,70.68604468838497,0,0,75.74135383969517
Sakthi Polytechnic College,70.70019363900178,0,1,56.52350095891599
Jharkhand Rai University,70.7153062251289,0,0,40.69679415267024
Orissa School Of Mining Engineering,70.7176612268338,0,0,54.93444569110587
Ct Polytechnic College,70.7201727500375,0,0,55.78646871656319
Gs Mandal'S Marathwada Institute Of Technology,70.72625065160774,0,2,71.14137482252323
Ojaswini Institute Of Management And Technology,70.72906851186282,0,1,73.87674131260854
Behara Polytechnic,70.74155172855215,0,0,56.50691745241237
Gandhi Institute Of Advanced Computer And Research,70.75754874070316,0,0,65.47253549443617
Padmashree Dr Dy Patil Polytechnic,70.75941742838486,0,0,50.79138551167591
Aaa College Of Engineering And Technology,70.76895745951737,0,0,45.03209477763499
Trinity College Of Engineering And Research,70.77848489478023,0,0,78.93550172766993
Amrita Institute Of Computer Technology,70.78376279579523,0,1,61.04526970009096
Himachal Pradesh Technical University,70.78386474138827,0,0,52.40940381573357
Annai Vailankanni College Of Engineering,70.79183788755608,0,0,75.80451120108887
Poornima Institute Of Engineering And Technology,70.80476749388737,0,0,68.80453559702889
Annai College Of Engineering And Technology,70.81512964737257,0,2,45.19897220679968
Brcm College Of Engineering And Technology,70.82064234382764,0,0,40.32153583025895
Sardar Vallabhbai Polytechnic College,70.82613030144249,0,0,69.10799319283383
Sagar Institute Of Technology,70.8262790364381,0,1,41.35792824445439
South Calcutta Polytechnic,70.8525216164806,0,0,67.06162012383467
Rajeev Gandhi Prodyogiki Mahavidyalaya-2,70.88390244928968,0,0,53.77659906409189
Savita Devi Institute Of Technology,70.89559034151304,0,0,63.63304354253516
Jeeva'S Polytechnic College,70.89786980205128,0,0,73.16276828124859
Scms School Of Engineering And Technology,70.89942436968222,0,0,74.21225819031955
Corporate Institute Of Research And Technology,70.90507862895078,0,0,68.93060355761708
Kdgm'S Dr Uttamrao Mahajan Institute Of Engineering And Technology,70.91891437248081,0,1,79.09162630601513
Jalpaiguri Government Engineering College,70.92338317291639,0,0,75.17634698496454
Iec University,70.93830359432923,0,1,69.08642790673724
Rvs Padhmavathy College Of Engineering And Technology,70.96644995245056,0,0,47.36740365633025
Satya Group Of Institutions,70.98045434432731,0,0,50.09141047620884
Om Polytechnic,70.9816922302054,0,0,66.60822332533243
Maharaja Ranjit Singh Punjab Technical University,70.98435605267133,0,0,43.43016014196123
Raja Balwant Singh Polytechnic,70.99546293189685,0,1,64.0848993875336
Sri Bharathi Engineering College For Women,70.99702437147775,0,1,47.850964236034905
Vignan'S Lara Institute Of Technology And Science,71.00092585848351,0,0,75.58295206142432
College Of Applied Science,71.00549369103594,0,0,68.38712585669074
Swathi Institute Of Technology And Sciences,71.02027911035407,0,1,71.93070776811567
Bhutta Polytechnic College,71.02662641375987,0,1,53.11333172536955
Shriram College Of Engineering And Management,71.03518129111623,0,0,40.21208075812604
Centurion University Of Technology And Management,71.05846535602647,0,0,76.1591335862533
Tirumala Engineering College,71.06638042434751,0,2,71.954363907629
Jayaram College Of Engineering And Technology,71.08691646415377,0,0,56.80593854703211
Vif College Of Engineering And Technology,71.09566470248701,0,0,73.85835801266269
Allenhouse Institute Of Technology,71.10387669068587,0,0,54.14181700138966
Acharya Ng Ranga Agricultural University,71.11092512092088,0,2,64.4610400868509
Thirumalai Madhanur Polytechnic College,71.14212504214899,0,0,51.98493501519947
Aecs Pavan Polytechnic,71.15731718308285,0,0,59.4427566562868
Toms College Of Engineering For Startups,71.16200586434196,0,0,61.76524937603455
Jntuk University College Of Engineering,71.16426583849515,0,0,76.78330109364784
Keltron Toolroom Research And Training Centre,71.16874004069555,0,0,69.78986521146462
Chandy College Of Engineering,71.17361037649589,0,1,54.37705372569764
Balaji Engineering College,71.19566909255757,0,0,48.19715873742194
Saraswati Higher Education And Technical College Of Engineering,71.19623030887553,0,0,52.35418945027527
Sphoorthy Engineering College,71.23270663285135,0,2,70.38626244897083
Camellia Institute Of Engineering And Technology,71.24745887053754,0,0,66.47706458820971
Surya School Of Planning And Engineering Management,71.26161503633939,0,0,76.66713131158312
Central College Of Engineering And Management,71.26524759783514,0,2,67.06974003039696
Jawaharlal Nehru Institute Of Technology,71.27892615578395,0,1,54.794580354047866
Dr Ambedkar Institute Of Technology,71.27946313999469,0,0,76.3918438607304
Srs Government Polytechnic College For Girls,71.28731236528668,0,0,58.86503792429816
Akt Memorial College Of Engineering And Technology,71.31400471683712,0,1,58.93391651987757
Chaitanya Institute Of Science And Technology,71.35428463869782,0,0,69.67844178795806
Maharani Polytechnic College,71.36537031057652,0,2,56.85876689493794
Marathwada Mitra Mandal'S College Of Architecture,71.37100024181429,0,0,57.50825913301121
Panimalar Polytechnic College,71.3977108328641,0,2,47.62621992020369
Karnal Institute Of Technology And Management,71.40457471496133,0,0,43.64742835522491
Parala Maharaja Engineering College,71.41477304634022,0,0,74.23307847609452
Prince Institute Of Innovative Technology,71.44041795955464,0,0,64.72570289986862
Shri Prince Shivaji Maratha Boarding House'S New Polytechnic,71.4422362744052,0,1,63.703538129236655
Arya Institute Of Engineering And Technology,71.45504962265433,0,0,79.79347802164338
Apollo Engineering College,71.45548119222175,0,1,60.47354739338955
Ideal School Of Architecture,71.46415317890495,0,1,73.56773180565492
Bharath Institute Of Higher Education And Research,71.46417505312209,0,0,55.54415151473137
Plastic Waste Management Centre,71.47111217167055,0,0,49.6006005473057
Kk Wagh College Of Agricultural Engineering And Technology,71.47420807443028,0,0,69.41645598900585
Shri Shankaracharya Institute Of Engineering And Technology,71.50281039706843,0,0,66.55281738036318
Gh Raisoni Institute Of Engineering And Technology For Women,71.5042272887196,0,0,48.07979817331472
Parul Institute Of Technology,71.5151834841075,0,0,42.79477270867732
Dharampeth Education Society'S Dharampeth Polytechnic,71.52694312389976,0,0,51.479489961284486
Aditya Silver Oak Institute Of Technology,71.5525195256635,0,0,47.62810306436884
Arjun College Of Technology And Sciences,71.5628651116959,0,0,71.68222819737174
Asian Institute Of Management And Technology,71.56447944916505,0,0,53.48365494651973
Geethanjali Institute Of Science And Technology,71.565281819393,0,1,74.24249167152608
Jawahar Lal Nehru Polytechnic,71.56690199471264,0,0,50.158305344763605
Himachal Pradesh University,71.57181911338778,0,1,66.19897808430066
Mangalore Institute Of Technology And Engineering,71.5762994805291,0,0,77.08899289727827
Girija Devi Polytechnic College,71.58911411153011,0,0,64.98209416588182
Sasurie Academy Of Engineering,71.60733696187388,0,0,52.04092917102796
Sasmira Institute Of Man Made Textiles,71.61100813040558,0,0,48.049055665564765
Trinity College Of Engineering,71.65369350491798,0,0,64.39051331764688
Golden College Of Engineering And Technology,71.6569563528718,0,0,52.56647034851695
Ganapati Institute Of Engineering And Technology,71.66061031753863,0,0,78.30282700143447
Grg Polytechnic College,71.67248812396049,0,1,55.06766467644887
Klr College Of Engineering And Technology,71.67428031928782,0,0,74.50884319342971
Itm College Of Engineering,71.6772718224886,0,0,42.40936043925756
Nawab Shah Alam Khan College Of Engineering And Technology,71.68596818117578,0,0,50.356714693526506
Berhampur School Of Engineering And Technology,71.70273939947883,0,0,75.00951762251854
Swami Darshnanand Institute Of Management And Technology Polytechnic,71.70510447570486,0,0,52.555714123675166
Star Academy Of Technology And Management,71.7059051050153,0,0,65.44333618608903
Anand Engineering College,71.70972359979802,0,1,47.08766834823515
Kasireddy Narayan Reddy College Of Engineering And Research,71.71676599215093,0,1,44.48630198048991
Sudharshana Polytechnic College,71.72655587085264,0,0,70.85277314657631
Rimt University,71.7288391278426,0,0,73.32975944461583
Chamber Of Commerce Manali Ramakrishna Polytechnic College,71.72994600651535,0,0,70.70199407237749
Bsm College Of Engineering,71.73767204102994,0,0,65.81384559188558
Jainee College Of Engineering And Technology,71.75617474188982,0,0,52.46478900773678
Thanapandiyan Polytechnic College,71.75909460938945,0,2,79.46831627951477
Chadalwada Venkta Subbaiah College Of Engineering,71.76371938306649,0,0,55.72251029370132
Vishwakarma Government Engineering College,71.76407015339122,0,1,59.09816123369506
Babu Banarasi Das University,71.7722785058194,0,0,40.34727228685606
Kallam Haranadha Reddy Institute Of Technology,71.78934002092743,0,0,49.84371466839178
Abmsp'S Anantrao Pawar College Of Engineering And Research,71.79163184904259,0,0,71.92492234624282
Amruta Institute Of Engineering And Management Sciences,71.79563646409781,0,0,44.49010269667653
Bhaskar Engineering College,71.80485222677846,0,0,54.0820276161571
Easwari Engineering College,71.80572278447326,0,0,49.35451098066464
Mansa Polytechnic,71.80937674630724,0,0,74.65696721045325
Shri Bhavani Niketan Institute Of Technology And Management,71.81046160756105,0,0,60.0769189874235
Kps Institute Of Polytechnic,71.82097540090263,0,0,71.06211366170746
Yashvir Memorial Technical Institute,71.82175285223514,0,1,50.34076415968176
Navodaya Institute Of Technology,71.8385912628407,0,0,66.02967995726323
Stella Mary'S College Of Engineering,71.83940232828552,0,1,60.435508416453786
Abhinav Education Society'S College Of Engineering And Technology,71.85141835325383,0,0,49.38499950795391
Babu Banarsi Das Institute Of Technology,71.85644828639833,0,0,52.50428471434135
Prasanna Polytechnic,71.85768298745955,0,0,72.01354400905669
Institute Of Textile Technology,71.8582121227096,0,0,77.32305102760138
Indira Gandhi Polytechnic,71.85902507471548,0,0,40.70084939446339
Raja Desingh Polytechnic College,71.85911956716143,0,0,47.66296617578653
Dr Dy Patil School Of Engineering,71.86696367186839,0,0,71.09246652911969
Shreenivasa Engineering College,71.88148783047822,0,1,54.94183111913311
Adamas University,71.8908981161396,0,2,66.11261775144504
Arignar Anna Institute Of Science And Technology,71.90274529049512,0,2,42.22881023977618
Fd Mubin Institute Of Engineering And Technology,71.90797950864714,0,0,43.30598296547026
Svs Group Of Institution,71.90901822645296,0,0,66.09047986891974
Shree Swami Atmanand Saraswati Institute Of Technology,71.90936080789487,0,0,70.77579322290389
Mckv Institute Of Engineering,71.90942875306561,0,0,65.82068508443288
Kakinada Institute Of Technology And Science,71.92694098277411,0,0,64.2154126939684
Ramireddy Subbarami Reddy Engineering College,71.94179916212187,0,1,59.144877223685626
Dr Samuel George Institute Of Engineering And Technology,71.94196114058323,0,0,61.49644472636146
Gharda Institute Of Technology,71.96758429871647,0,0,60.529598803296594
Accurate Institute Of Architecture And Planning,71.97975756971398,0,0,43.87197974328191
Aum Sai Institute Of Technical Education,71.98981232942512,0,2,57.71815911693992
Tufanganj Government Polytechnic,72.00085892164422,0,0,69.77292253269087
Apeejay Institute Of Technology,72.00709335772467,0,0,59.56735724086616
Chandubhai S Patel Institute Of Technology,72.01377390113981,0,0,58.9496889036204
St Martin'S Engineering College,72.04363938293562,0,1,56.6846754800266
Sri Raaja Raajan College Of Engineering And Technology,72.0561089918757,0,1,59.59214074135394
Aissms College Of Engineering,72.05772184422369,0,0,60.086852344236846
Bangalore College Of Engineering And Technology,72.0684215016542,0,1,41.74620475559574
Gav Polytechnic College,72.07255989478543,0,0,55.0001501757519
Govind Ballabh Pant Institute Of Engineering And Technology,72.0867547388625,0,1,57.62542522453482
Peri Institute Of Technology,72.10060655054549,0,0,73.47874773923347
Meenakshi Ammal Polytechnic College,72.10833690248813,0,0,45.24482912132523
Karpagam Institute Of Technology,72.11272498360034,0,1,43.253721934336674
Pragati College Of Engineering And Management,72.11732318057878,0,0,79.77690310701311
Sardarkrushinagar Dantiwada Agricultural University,72.12489012827731,0,0,66.31476003259786
Mvsr Engineering College,72.137807286096,0,0,61.29513727702561
Dr Dy Patil Institute Of Engineering Management And Research,72.14429327102346,0,0,79.55570919221272
Maheshwara Engineering College,72.14453377335037,0,1,67.71244838679593
Malwa Polytechnic College,72.14953471232994,0,1,62.19786206417116
Farah Institute Of Technology,72.15497997367936,0,0,54.49131538501999
Laxmi Narayana Polytechnic College,72.16793432596731,0,0,50.21135488973596
Matha College Of Technology,72.21679464405412,0,0,79.08782418320243
Psn Institute Of Technology,72.22731129929994,0,0,62.94015849416832
Arvind Gavali College Of Engineering,72.22953671157933,0,0,73.2695386694464
Dibrugarh University Institute Of Engineering And Technology,72.24211137450183,0,0,67.61630283231987
Guru Teg Bahadur Institute Of Technology,72.2442190740123,0,0,41.21528777366832
Kalyan Polytechnic,72.24673924293228,0,0,77.48118973335755
Malla Reddy Engineering College,72.25208538289549,0,0,72.57341279637166
Longowal Polytechnic College,72.25211049014564,0,0,64.15715907931403
Arpit Institute Of Engineering And Technology,72.25274324814549,0,0,44.47724611614604
Shinde Polytechnic College,72.2534272355816,0,0,75.62438234566142
Sarada Institute Of Science,72.26104868986268,0,0,67.50131907454286
Singhania University,72.26232609710746,0,0,74.71909074217923
Goa College Of Architecture,72.2944531094484,0,0,62.497705758414384
Dewan Vs Institute Of Engineering And Technology,72.29793167379665,0,0,58.56007398473047
Vinayaka Mission'S Research Foundation,72.2985632922949,0,1,43.031782175454495
Himalayan Polytechnic,72.30206948915692,0,0,69.68815817934589
Sri Ramakrishna College Of Engineering,72.31812549620744,0,1,54.30571394070266
Baba Kuma Singh Ji Engineering College,72.33050630060355,0,0,64.24705778790027
Sri Sai University,72.33063411042643,0,0,40.489330049748354
Pa College Of Engineering And Technology,72.3316683219615,0,0,76.6377003686678
Jagannath Institute For Technology And Management,72.33986753126105,0,0,67.06782849228266
Techno International New Town,72.35489020504676,0,1,73.42808457619621
Cmrb Government Polytechnic College,72.37422779809964,0,0,59.46145229819452
Swami Vivekanand College Of Science And Technology,72.37586824329094,0,0,51.86052742607792
Malabar Polytechnic Campus,72.37696886185267,0,1,79.06491027954925
Guru Nanak Institutions Technical Campus,72.38684626373222,0,0,47.1265043368083
Trr College Of Engineering,72.39026667245783,0,0,40.746757209745006
Gcrg College Of Polytechnic,72.39485874847335,0,0,75.50245915539878
Albertian Institute Of Science And Technology- Technical Campus,72.39939315098488,0,0,45.37465360816171
Institute Of Technology,72.40966524632991,0,2,53.69760099031312
Acropolis Technical Campus,72.42170751508459,0,2,60.86008822975916
Krishna Polytechnic,72.45819784641876,0,0,54.70607076636264
Continental Institute Of Engineering And Technology,72.45975114301129,0,0,53.78073827341012
Bharath College Of Engineering And Technology For Women,72.4712477987754,0,0,76.2301701191213
Orissa School Of Engineering,72.47971175909717,0,0,56.7454405654769
Gayathri Institute Of Technology And Sciences,72.4854842018047,0,0,70.79548044114809
Krishna Murthy Institute Of Technology And Engineering,72.48645140356169,0,2,44.86785837496868
Institute Of Management And Information Technology,72.50295209026991,0,0,57.542041143593465
Globus Engineering College,72.52765689258862,0,0,78.06803732419999
Bvm College Of Technology And Management,72.53906020545732,0,0,58.68737452852223
Kmea Engineering College,72.54457077107719,0,1,69.10473239625503
Rajaram Shinde Degree College Of Architecture,72.56391592837714,0,0,74.1001353303551
Ideal Institute Of Technology,72.564885436272,0,0,53.96308998677885
Saheed Jageshwar Nagar Government Polytechnic College,72.56932591003418,0,0,40.07035688738864
National Engineering College,72.57942498370404,0,0,62.605886751161
Dr Babasaheb Bhimrao Ambedkar Government Polytechnic,72.59741680869917,0,1,63.35097923521883
Pt Ram Adhar J Tiwari College Of Polytechnic,72.6049950187978,0,1,74.46256129102828
Jind Polytechnic College,72.61573111001601,0,0,58.3100425994494
Matoshri College Of Engineering And Research Centre,72.6161087993263,0,0,72.44639373869322
Seth Vishambhar Nath Institute Of Engineering And Technology,72.65735838226959,0,0,49.99061489264983
Shri Tirupati Tantra Niketan,72.6723333929799,0,0,60.7377687801644
Vishwaniketan'S Institute Of Management Entrepreneurship And Engineering Technology,72.71263865814838,0,0,49.28212714793096
Swami Vivekanand Institute Of Technology,72.72388768820836,0,1,41.2818987958096
Krishnaveni Engineering College For Women,72.72457359572965,0,0,47.1690945823001
Sv Institute Of Engineering And Technology,72.7287111270656,0,0,61.07045879191191
Shri Shivaji Vidya Prasarak Sanstha'S Bapusaheb Shivajirao Deore College Of Engineering,72.73161590928997,0,0,47.89460750455238
Ilahia College Of Engineering And Technology,72.76118952674953,0,0,54.146100657195504
University College Of Engineering Bharathidasan Institute Of Technology Campus Anna University,72.77977886707401,0,0,49.5021510676014
Vivekananda Institute Of Technology East,72.79102423794542,0,0,74.70009009919056
Manipal University,72.81133735128532,0,0,43.75612146037005
Brahmanand Institute Of Research Technology And Management,72.82454526302514,0,0,50.07364567391181
Lendi Institute Of Engineering And Technology,72.82540763981146,0,2,79.64841448062592
Swami Sachchidanand Polytechnic College,72.83733898675511,0,0,55.99137496234995
Swami Vivekananda Polytechnic College,72.84940075435321,0,0,43.7186496811045
School Of Management Sciences,72.85521507814676,0,1,52.19275930978056
Psb Polytechnic College,72.87313569053286,0,0,73.18114354167423
Silicon Institute Of Technology,72.88095998648653,0,0,78.44522388643418
Skn Sinhgad College Of Engineering,72.88680376191942,0,0,74.84916867124241
Kiet Group Of Institutions,72.88725532751079,0,0,76.04677065110508
Dpc Polytechnic College,72.89287793822615,0,0,47.574869040846
Six Sigma Institute Of Technology And Science,72.91125505372963,0,0,67.63175853079139
Rishi Ram Naresh Technical Institute,72.92123044705679,0,0,78.95774011019876
Esc Government Polytechnic,72.92637954687157,0,0,43.87631697705714
Shree Balaji College Of Polytechnic,72.94833800484616,0,1,57.07629834184673
Templecity Institute Of Technology And Engineering,72.953308958149,0,2,57.34391033184221
Trimurti Institute Of Technology Polytechnic,72.96462267731562,0,0,57.50584360284906
Lnm Institute Of Information Technology,72.96963799288136,0,1,74.74255208603414
Gv Acharya Institute Of Engineering And Technology,72.97201798571628,0,0,49.22500485410688
Dnyaneshwar Polytechnic,72.97328979589372,0,0,79.64255169818318
Balaghat Polytechnic,72.97470296669029,0,1,52.79111339267442
Shree Mahavir Education Society'S Institute Of Technology Polytechnic,72.97977214802756,0,0,68.45451823142727
Sri Subramanya College Of Engineering And Technology,72.9831521873199,0,0,48.23800355436308
Hmr Institute Of Technology And Management,72.99286020727246,0,0,41.94445058965079
The Northcap University,73.07013461570821,0,0,42.208828850207766
Avvaiyar College Of Engineering And Technology For Women,73.07288393964002,0,1,64.4339781928143
Gurukul Education Society Institute Of Engineering And Technology,73.08797447414932,0,1,75.32022160152052
Maharana Institute Of Technology And Sciences,73.09831989761909,0,0,70.70651347669035
Vamanrao Ithape Polytechnic,73.09844606262752,0,2,64.87790384605222
Institute Of Road And Transport Technology,73.11703711591466,0,1,44.13881740509099
Pratnam Rajendar Reddy Memorial College,73.11885772973983,0,1,64.6013311135584
Shri Guru Sandipani Institute Of Technology And Science,73.13430406619858,0,0,69.55272202283686
Ashoka Institute Of Engineering And Technology,73.13573635574774,0,0,76.28547964497069
Klu School Of Architecture,73.13575577358594,0,0,60.44414415986069
Proudadevaraya Institute Of Technology,73.14445600532807,0,0,57.202886093709566
Institute Of Chemical Technology,73.14730808219929,0,0,72.97457110541772
Hindusthan College Of Engineering And Technology,73.18522804839205,0,0,65.45799611263513
Chaitanya Institute Of Technology And Science,73.18661398532768,0,0,70.63995125600532
Mahatma Gandhi Institute Of Technical Education And Research Centre,73.20967291385278,0,2,49.07943807762876
Raman Polytechnic College,73.24173975681177,0,0,74.91087433663745
Bvvs Sr Vastrad Rural Polytechnic,73.2447838699216,0,2,75.11904402303453
Arifa Institute Of Technology,73.27688030599249,0,2,47.6881939459558
Delhi Engineering College,73.27988056971107,0,0,47.34280213609165
Meenakshi Sundararajan Engineering College,73.28933567552296,0,0,73.73135069024377
All Saints' College Of Technology,73.28950792275707,0,0,49.38938492267637
Shri Ram Murti Smarak College Of Engineering And Technology,73.29859484714481,0,0,43.34110810114899
Union Christian Polytechnic College,73.30938766610788,0,2,73.48768339606754
Annamalai Polytechnic College,73.31786243362481,0,0,42.39199855660252
Vishnu Sree Institute Of Technology,73.31802793099172,0,0,48.60068946171511
Ponnaiyah Ramajayam College Of Engineering And Technology,73.31889438473215,0,1,67.38556532510543
Hindusthan Institute Of Technology,73.32344947568187,0,0,45.70513381153509
Maulana Mukhtar Ahmad Nadvi Technical Campus,73.32760603006673,0,0,60.29862326418008
Sushganga Polytechnic,73.33897782806937,0,2,64.73904255064006
Nikam Institute Of Technology Polytechnic,73.34860648278672,0,0,44.25388011692337
Saraswathi Velu College Of Engineering,73.35238470293609,0,0,66.67529585167736
Sri Vignesh Polytechnic College,73.35523190279322,0,0,73.53705922322176
Shri Ram College Of Technology,73.37265380665919,0,0,62.34711823778595
Guru Kripa Polytechnic College,73.38060513641696,0,1,45.79884698053177
Benaiah Institute Of Technology And Sciences,73.39163220118871,0,1,51.32053886688608
Jayaraj Annapackiam Csi College Of Engineering,73.40152426080587,0,0,71.30137209402213
Princeton Institute Of Engineering And Technology For Women,73.41209419730151,0,0,55.51882827804165
Sree Chitra Tirunal Institute For Medical Sciences And Technology Trivandrum,73.4278377195638,0,0,53.13863253848183
Senthur Polytechnic College,73.43028683759125,0,0,69.13493930200576
Ksr College Of Engineering,73.43471065460818,0,0,75.23987226331793
Sudharsan Polytechnic College,73.46313232972454,0,0,58.57398367124173
Npa Centenary Polytechnic College,73.47650537479228,0,0,43.751194860745706
Thakur School Of Architecture And Planning,73.49663499705673,0,0,64.29924386926132
Dpg Institute Of Technology And Management,73.51155804158998,0,0,78.01509497198414
Sri Annamalai Polytechnic College,73.5161879205245,0,1,73.19555856521384
Mangayarkarasi College Of Engineering,73.5380440890819,0,0,72.24652713342135
Professional Institute Of Engineering And Technology,73.54308360101099,0,0,76.47623115622214
Narnarayan Shastri Institute Of Technology,73.56253173343396,0,0,50.20946570331188
Jaya Engineering College,73.56591906092252,0,1,69.22527615889372
Ldc Institute Of Technical Studies,73.58108099487148,0,1,52.22482888377967
Kp Patil Institute Of Technology,73.58174913116758,0,0,46.688356327961735
Babasaheb Gawde Institute Of Technology,73.59628939425505,0,0,55.59389900864721
Navsari Agricultural University,73.60210119747424,0,0,69.6652227887224
Quantum School Of Technology,73.63654230989138,0,2,40.19204352407605
Shree Tontada Siddhalingeshwar Kalyan Kendra Polytechnic,73.64982180475386,0,0,62.13267067079882
Aryanet Institute Of Technology,73.67290255762262,0,0,75.11101483816088
Annai Jkk Sampoorani Ammal Polytechnic College,73.68203923029948,0,0,78.23368584426677
Kala Vidya Mandir Institute Of Technology,73.6995986526043,0,0,74.99767330695812
Bhai Gurdas Institute Of Engineering And Technology,73.72167263116145,0,2,50.148380309518025
Jhunjhunwala Pg College Faculty Of Engineering And Technology,73.78217733788962,0,0,53.10245735164232
School Of Computer Science And Information Technology,73.78386787170876,0,0,71.84192628875118
Bhubaneswar Engineering College,73.78396794993023,0,0,78.6921473707595
Srinix College Of Engineering,73.79330501441052,0,0,59.55005052047242
Malhotra Technical Research Institute,73.79996212574113,0,1,76.86494953630725
Laxmi Institute Of Technology,73.81636737350496,0,0,71.25739048682698
All Saints' College Of Engineering,73.8177852399203,0,0,54.806919801819376
Royal College Of Engineering And Technology,73.82014942189149,0,0,45.26135689927536
Haralaiah Polytechnic,73.82679624462628,0,0,71.41704834456722
Bbs College Of Engineering And Technology,73.83904568508888,0,1,42.23445816137656
Sidhartha Institute Of Engineering And Technology,73.86728640774936,0,0,66.73271181212053
Vaageshwari College Of Engineering,73.86956588660595,0,0,52.54782763862407
Indo Global College Of Engineering,73.87526882560631,0,0,50.97515441358626
Ms Ramaiah University Of Applied Sciences,73.87945169213677,0,1,41.54077928055814
Adesh Institute Of Engineering And Technology,73.90154564643612,0,0,46.92963219972676
Thiagarajar College Of Engineering,73.90323839167154,0,0,52.92822316750656
Government Maharaja College,73.90758060309219,0,0,72.68052596278909
Government Institute Of Printing Technology,73.9118606628163,0,0,55.78403679348689
Gwalior Engineering College,73.93444553393101,0,1,43.017023607885456
Sundargarh Engineering College,73.93659087163803,0,0,64.15947920999548
Sureya College Of Engineering,73.9517475790211,0,0,49.20299092273699
Central University Of Jharkhand,73.98065114742424,0,0,46.79195888540841
Ramya Sathianathan Polytechnic College,73.99730886156304,0,1,50.47092406092241
Kavikulguru Institute Of Technology And Science,74.00115882697997,0,2,69.27917111046253
Kvcm Nri Polytechnic College,74.04051225010342,0,0,56.72225261145208
Thdc Institute Of Hydro Power Engineering And Technology,74.04535399430563,0,0,45.90187169074847
Srinivas Institute Of Technology,74.07278442187783,0,0,41.15306170477603
Alpha College Of Engineering And Technology,74.0758506568521,0,1,75.01631268344072
Dg College Of Architecture,74.0795808063425,0,1,64.90052386063475
Dav College Of Engineering And Technology,74.08082787151275,0,0,65.30973912251237
Sardar Patel College Of Technology,74.0810443522428,0,0,75.87805918592466
Dr Dashrath Chaudhary National Polytechnic,74.10880062887384,0,1,74.03321797710615
Gb Pant Government Engineering College,74.1345783928359,0,0,61.27174744450373
Ambedkar Institute Of Technology,74.14853125641449,0,0,43.6301400684646
Daita Madhusudana Sastry Sri Venkateswara Hindu College Of Engineering,74.16051711458744,0,2,49.615681273687926
Anjalai Ammal Mahalingam Engineering College,74.17209221249462,0,0,60.63518629297694
Ms Engineering College,74.17930141862982,0,0,50.78155862413868
Genba Sopanrao Moze College Of Engineering,74.17996124645938,0,0,56.78698114945667
Amity School Of Engineering And Technology,74.18497767492235,0,0,79.93441315852505
Raja Ranajit Kishore Government Polytechnic,74.19594592914052,0,1,60.84598789132633
Samarth Group Of Institutions,74.19751361081018,0,0,74.10812948430112
Sahyadri Valley College Of Engineering And Technology,74.19960874890629,0,2,69.11061849283391
Vel Tech Rangarajan Dr Sagunthala R And D Institute Of Science And Technology,74.21712271282068,0,0,71.4480231251909
Central University Of Kashmir,74.22084664501227,0,0,58.13315998570136
Kj Somaiya Institute Of Engineering And Information Technology,74.24701795594703,0,0,54.06728397696965
Carmel Polytechnic College,74.25372311846282,0,0,53.70146566649785
Veer Kunwar Institute Of Technology,74.27374414986704,0,0,56.07906019465261
Sandip Institute Of Engineering And Management,74.32901441497803,0,0,52.066684870960245
Deogiri Institute Of Engineering And Management Studies,74.34057867977143,0,2,42.5206079682409
Cms Polytechnic College,74.37356176178979,0,0,61.37276268840058
Durgapur Polytechnic College,74.37841031094118,0,0,41.02502979983053
Sethu Institute Of Technology,74.37923419721861,0,0,50.52450209595813
Bharathiar College Of Engineering And Technology,74.39506944836353,0,0,78.64908804689075
National College Of Polytechnic,74.40143524626151,0,0,68.89667651420999
Musaliar College Of Engineering,74.42396644065403,0,0,47.87673962692411
Global Engineering And Management College,74.4297771905658,0,0,70.00587825947981
Institute Of Aeronautical Engineering,74.43252270395931,0,0,75.52565312128758
Government Polytechnic For Girls,74.4554526128284,0,0,68.52388413750744
Prasad Polytechnic,74.48328734081977,0,2,62.61463386075539
Shivalik Institute Of Engineering And Technology,74.50582362698248,0,2,65.07793921686348
Mes College Of Engineering And Technology,74.51389097104982,0,0,66.90332366771497
Sumathi Reddy Institute Of Technology For Women,74.52355649114031,0,1,52.0778302684086
Gm Vedak Institute Of Technology,74.53901058366864,0,0,69.92727960035667
World Institute Of Technology,74.53941334599776,0,0,78.08174933442086
Dhaya College Of Engineering,74.54051522402973,0,0,42.57364855125713
Vetri Vinayaha College Of Engineering And Technology,74.54908171345359,0,0,42.12272662544749
Pr Engineering College,74.55148614292355,0,0,55.46025577963596
Central University Of Punjab,74.56020048356797,0,0,49.1343192190765
Poornima College Of Engineering,74.56268223772796,0,0,40.096136010931794
Kakinada Institute Of Engineering And Technology,74.59975265976291,0,0,46.31170313072328
Annamacharya Institute Of Technology And Sciences,74.6068275660925,0,0,55.26534444232514
Ratneshwari Institute Of Polytechnic,74.60850737697139,0,0,57.81231643826895
Kathir College Of Engineering,74.62089413703359,0,0,43.179474056126274
Feroze Gandhi Polytechnic,74.62144995262855,0,0,67.19775033667659
Princeton College Of Engineering And Technology,74.62350693290229,0,1,51.99625719567555
Matu Ram Institute Of Engineering And Management,74.63836866224389,0,1,57.11953111319758
Solamalai College Of Engineering,74.64711356742524,0,0,56.10006247722694
Swetha Institute Of Technology And Science For Women,74.65873043552172,0,0,60.61339084654621
Psit-Pranveer Singh Institute Of Technology,74.67538858150164,0,0,48.37462723422144
Southern Academy Of Maritime Studies,74.68774188572458,0,0,40.54271985318097
Rr Polytechnic,74.68810184157695,0,0,47.7678683174198
Nimra Institute Of Science And Technology,74.69483794636483,0,0,45.62859386772861
Cmr Institute Of Technology,74.7028865671983,0,0,65.69869599058543
Techno College Of Engineering,74.70543458100857,0,0,65.84692686734502
Shri Shivaji Education Society'S College Of Engineering And Technology,74.71829083603235,0,0,76.04420696146934
Moodlakatte Institute Of Technology,74.7271108045913,0,0,64.78656983819178
Shri Shubhas Nagur Memorial Polytechnic,74.72719405087942,0,0,58.926841338815805
Sree Narayana Institute Of Technology,74.74147483015437,0,2,45.36935691079919
Mohamed Sathak Aj College Of Engineering,74.74477761769899,0,0,69.95615528770637
Pink City Engineering College And Research Centre,74.77085760277342,0,0,58.56723151374602
Technocrats Institute Of Technology And Science,74.77242469588566,0,0,72.07352573396497
Dr Sau Kamaltai Gawai Institute Of Engineering And Technology,74.77477357218073,0,0,63.74136085341495
Shri Rawatpura Sarkar Institute Of Technology,74.78062488208744,0,0,55.35764246750692
Institute Of People'S Science And Technology,74.81364936394502,0,0,43.67413166494707
Ks Jain Institute Of Engineering And Technology,74.82893122621189,0,0,40.29222486867113
Don Bosco Institute Of Technology,74.83173559917402,0,1,68.41066211081201
Dwarkadas J Sanghvi College Of Engineering,74.84095171687393,0,0,44.937134783997
Ct Institute Of Technology,74.84636205852358,0,0,54.17617720995142
Anurag Engineering College,74.84657402046676,0,0,52.58434401975977
Imps Polytechnic College,74.86144403855047,0,0,70.02586988695934
Shri Moti Smriti Institute Of Technology,74.87083119378221,0,0,67.38551679828785
Northern Regional Institute Of Printing Technology,74.89460016183486,0,1,64.15186906023916
Srinivasan Polytechnic College,74.9073853957446,0,0,72.16820912672912
Marudhara Polytechnic College,74.93981346497748,0,0,50.7862171677927
Hindu College Of Engineering And Technology,74.94171255262557,0,0,57.023473899774736
Indira Gandhi Delhi Technical University For Women,74.94243984437702,0,0,67.0850153555131
Yenepoya Institute Of Technology,74.94882052329638,0,0,54.59406629441257
Kanchi Pallavan Engineering College,74.95219944693321,0,0,47.15610927321175
Itm School Of Architecture And Town Planning,74.95532627320158,0,0,52.29386205006285
Sheth Shri Otarmal Sheshmal Parmar College Of Diploma Engineering,74.97493565684952,0,2,59.89401741387894
Sri Venkateswara Institute Of Science And Technology,74.9941546625488,0,2,75.71213602799855
Prakasam Engineering College,75.02560136250545,0,2,60.895303820027486
Gyan Sagar College Of Engineering,75.03723026920831,0,0,77.77982101760682
Netes Institute Of Technology And Science,75.03774946426354,0,0,48.69173710534739
Jis School Of Polytechnic,75.03856343225016,0,0,64.20973701973236
Aryan Institute Of Engineering And Technology,75.0639953274196,0,1,70.1980646633402
Avanthi Institute Of Engineering And Technology,75.06796669084727,0,0,41.7889033185304
Sreenidhi Institute Of Science And Technology,75.07332984312397,0,1,49.38579380501999
Kakinada Institute Of Engineering And Technology For Women,75.0877961402386,0,0,46.12047514022047
Ssm Polytechnic College,75.08842760744892,0,0,53.477243135928354
Alakh Prakash Goyal Shimla University,75.09609703998561,0,1,75.59797057918674
National College Of Engineering,75.10493909023089,0,0,73.8180433586491
Paavai Polytechnic College,75.10907831711617,0,1,61.08360630405207
Coorg Institute Of Technology,75.11118940275139,0,0,59.95398868881279
Chalapathi Institute Of Technology,75.12394182529991,0,2,65.15166108032616
Chhotu Ram Polytechnic,75.12554877663753,0,2,56.51692472509015
Dns College Of Engineering And Technology,75.12875781056138,0,0,51.90699133050907
Sriguru Institute Of Technology,75.13235154669226,0,0,54.21909928086258
Ar Engineering College,75.13469725828794,0,0,75.42077124514893
Holycross Engineering College,75.13750203128882,0,0,64.81460799587728
Adarsha College Of Engineering,75.15191082644657,0,0,78.65820171149389
Koustuv Institute Of Self Domain,75.16694581775948,0,0,63.184879043710296
Nc College Of Engineering,75.17414027185472,0,0,70.9907995703638
Vignesh Polytechnic College,75.18738392251291,0,1,63.16859391035208
Dr Apj Abdul Kalam Women'S Institute Of Technology,75.20844537090593,0,1,61.90065473163637
Shri Shivaji Institute Of Engineering And Management Studies,75.21689588503857,0,0,47.9262625199446
G Pullaiah College Of Engineering And Technology,75.21746626770394,0,0,71.52850018853134
Sctr'S Pune Institute Of Computer Technology,75.22798396749562,0,0,59.20298213058288
Icfai Tech School,75.24374098540959,0,1,62.069159372382686
Jaipur Institute Of Engineering And Technology,75.24390878489645,0,0,73.41775483998308
Uttarakhand Technical University,75.2546015732562,0,1,50.86626618636491
Sai Ganapathi Engineering College,75.25968063516311,0,1,62.01846629934554
Roland Institute Of Technology,75.26113388877039,0,0,59.89869490458845
Amk Technological Polytechnic College,75.2641851671998,0,0,69.15741255617459
Indian Institute Of Information Technology Design And Manufacturing Jabalpur,75.26696745827317,0,0,60.52817506275295
Women Polytechnic,75.3379254714151,0,0,50.58292446869556
Brindavan College Of Engineering,75.34392946460042,0,0,62.29732817606611
Bsf Institute Of Technology,75.349721270071,0,2,49.85587253727593
Jagannath Institute Of Engineering And Technology,75.35242446457639,0,1,62.58924085517149
Gmr Institute Of Technology,75.37894582021431,0,1,72.57855635581635
Pace Institute Of Technology And Sciences,75.38029310434294,0,0,74.23051442696107
Shaheed Udham Singh College Of Engineering And Technology,75.39679649735997,0,0,41.47474532724314
Birla Technical Training Institute,75.39924493767546,0,0,64.31796443281655
Loyola Institute Of Technology And Management,75.40733014305648,0,0,72.25037715450568
Jspms Bhivarabai Sawant Institute Of Technology And Research,75.40868928849588,0,2,41.16824790771527
Bm College Of Technology,75.41775244930528,0,0,54.06160434445201
Anu College Of Engineering And Technology,75.4367187034847,0,2,73.74104886800632
Apex Polytechnic Institute,75.4384637361344,0,1,51.07780071276537
Swami Divyanand Polytechnic Of Engineering,75.46751965537223,0,2,76.55468698408635
Park Maritime Academy,75.47082911005577,0,0,53.11937684701621
Sdm College Of Engineering And Technology,75.48596810278727,0,2,77.72484131423668
Jp Institute Of Technology,75.500929903756,0,0,47.36889112426883
Mg Institute Of Management And Technology,75.5096204502118,0,0,71.34700766706857
Bhagalpur College Of Engineering,75.5107303355633,0,0,73.61159311995365
Government Residential Women'S Polytechnic College,75.54012397897367,0,0,65.18571025324748
Arni School Of Technology,75.54465052344287,0,0,56.9125632967401
Federal Institute Of Science And Technology,75.59675793386798,0,2,63.99649171901203
Kc College Of Engineering And Management Studies And Research,75.60050730370052,0,1,70.35965112116173
Achutha Institute Of Technology,75.61718850993086,0,0,48.543925051921306
Satara Polytechnic,75.62816705024647,0,0,64.26270586466659
Vyas Institute Of Engineering And Technology,75.64415478536755,0,2,43.20859764299762
Punjabi University Regional Centre For Information Technology And Management,75.64486807704483,0,2,77.90861293635281
United Institute Of Technology,75.67874201978431,0,2,54.65575426574328
Dr Babasaheb Ambedkar College Of Engineering And Research,75.68310499098445,0,1,62.943494197518
Ansal University,75.68597364619131,0,0,53.58347341712635
Bengal College Of Engineering,75.69059345151894,0,0,67.15821711549026
Sri Sai College Of Engineering And Technology,75.69474164887862,0,0,41.62456407722571
Maharishi Ved Vyas Engineering College,75.69601422515368,0,1,48.954185625734695
Sukhjinder Technical Campus,75.71981860975995,0,0,61.177580090872056
Tantia University,75.73304373573978,0,0,65.02113775052763
Aadishwar College Of Technology,75.736565272516,0,0,64.85483552219024
Gh Patel College Of Engineering And Technology,75.73666102329912,0,0,69.88240458095854
Jayamukhi Institute Of Technological Sciences,75.73677080882555,0,0,44.15918633942852
Vashisth Polytechnic College,75.74334394100057,0,1,77.9596125425957
Dhanalakshmi College Of Engineering,75.74630350189379,0,0,50.02783037891452
Ganadipathy Tulsi'S Jain Engineering College,75.75983984208261,0,0,63.90307613110955
Megha Institute Of Engineering And Technology For Women,75.76477943966086,0,0,77.1636020228382
Guru Brahmanand Ji Government Polytechnic,75.76728527852279,0,0,69.24976132907898
Scad Polytechnic College,75.77237113639742,0,2,54.18710035298376
Ansal Institute Of Technology And Management,75.78893053308526,0,0,64.61608942414946
Gandhi Institute Of Technology And Management,75.79916075449003,0,0,75.79519006509977
Indo German Tool Room,75.81830418688472,0,0,73.84769678199358
Haryana Institute Of Engineering And Technology,75.82971293342906,0,0,47.00416765415178
Camellia Institute Of Technology,75.84038188134454,0,0,66.63253232780562
Dr Panjabrao Deshmukh Girls Polytechnic,75.84734847940749,0,0,62.922124798896846
Indian Institute Of Information Technology Design And Manufacturing Kancheepuram,75.86022875036065,0,0,74.32780744751122
Pydah College Of Engineering And Technology,75.87604718978494,0,0,58.49808983793697
Rn College Of Polytechnic,75.88234712318959,0,0,67.4804765148842
Yashwantrao Chavan School Of Rural Development,75.91720413955008,0,0,55.644923888540674
Jhulelal Institute Of Technology,75.9207064837039,0,0,50.11530137613062
Thapar Polytechnic College,75.92282316500356,0,2,40.438562262069205
Loyola-Icam College Of Engineering And Technology,75.92638325548943,0,1,59.367483978786325
Harcourt Butler Technical University,75.92858869119928,0,0,68.06783836364254
Isb And M School Of Technology,75.92866454984656,0,2,54.2813040099408
Ramanand Institute Of Pharmacy Management And Technology,75.9286892042025,0,0,61.36128730458691
Younus Institute Of Technology,75.9394002617129,0,0,65.88035270684095
School Of Information Technology,75.9408523961054,0,0,45.1708677927676
Hindu College Of Engineering,75.94627421970642,0,1,42.32129810768777
Malla Reddy Institute Of Technology And Sciences,75.95180866471961,0,0,75.84008294413613
Cambridge Institute Of Technology,75.9705180789636,0,2,75.81309429913202
Rvs College Of Engineering And Technology,75.99104445340075,0,0,60.42047011322003
Indira Gandhi Engineering College,76.02231211961809,0,0,53.94878302000764
Crv Institute Of Technology And Science,76.0337982818219,0,0,47.00784411782103
Vkk Vijayan College Of Engineering,76.04846276948561,0,0,72.89198230203255
Kmea College Of Architecture,76.05860051233576,0,0,69.42417471070722
Spintronic Technology And Advance Research,76.05867705479557,0,0,64.7261784121917
Sambhram Institute Of Technology,76.05957470698148,0,0,65.54748889285682
United College Of Engineering And Research,76.06043121520614,0,0,47.1118596427828
Emerald-9 Institute Of Management And Technology,76.07356723453658,0,0,71.63903544876196
Suraj College Of Engineering And Technology,76.07991624625342,0,2,76.54969532076242
Balaji Institute Of Engineering And Technology,76.09226850690291,0,0,68.58017182184597
Vishwakarma Institute Of Technology,76.10697550637781,0,1,51.062237880901804
Vidyalankar Polytechnic,76.1263906473803,0,0,44.547058167702566
Rd Foundation Group Of Institutions,76.1279886219255,0,0,66.71155982676972
Sanjeevan Engineering And Technology Institute,76.14120388243938,0,1,77.37518395364432
Shri Sitheswarar Polytechnic College,76.15138736414242,0,2,70.08703605852652
Bcm Polytechnic,76.15494636177799,0,0,76.79283644882497
Andhra University College Of Engineering,76.16061866264428,0,1,75.1623450255527
Sri Venkatesa Perumal College Of Engineering And Technology,76.17505672392139,0,0,52.968081589461946
G Pulla Reddy Engineering College,76.19579134341117,0,0,59.61428791751253
Accurate Institute Of Management And Technology,76.19773436445203,0,0,42.99697281084974
Sanjaybhai Rajguru College Of Diploma Engineering,76.21510750537396,0,0,61.29563952699641
Guntur Engineering College,76.24671914155071,0,0,50.43526260964714
Jain Polytechnic,76.2576473687287,0,2,71.53709205388171
Jayvantrai Harrai Desai Polytechnic,76.26241479564881,0,0,59.298876416055
Sikkim Manipal Institute Of Technology,76.26516341310904,0,0,46.811235926940086
Thadomal Shahani Engineering College,76.28447731766249,0,0,77.17742689818859
Hewett Polytechnic,76.29042252369584,0,1,72.90451266209972
Sri Venkateshwaraa College Of Enginering And Technology,76.29150999349432,0,0,71.65413413497593
Nagnathappa Halge College Of Engineering,76.29443092722073,0,0,74.118671622299
Aklia Polytechnic College,76.31591264059367,0,0,43.26533683996128
Nilasaila Institute Of Science And Technology,76.31736355625186,0,0,46.383649178909685
Ktvr Knowledge Park For Engineering And Technology,76.31855847765408,0,0,40.53826486970589
Engineering College,76.32673456680325,0,0,54.46414571150833
Krishna College Of Engineering,76.33187577987223,0,1,40.58032593965788
Modern Group Of Colleges,76.34527410520394,0,0,53.88753326562156
Durgapur Institute Of Polytechnic,76.34830035555802,0,0,45.996209360831166
Bhonwal School Of Engineering Polytechnic,76.36700700155254,0,1,68.04466660461877
Pimpri Chinchwad College Of Engineering And Research,76.36929764607139,0,0,69.93032010301343
Lord Krishna Polytechnic Institute,76.37526760102439,0,0,73.30497517082173
Marine Engineering And Research Institute,76.37703865490596,0,2,43.93331167143438
Shri Usb Polytechnic College,76.38180201316757,0,0,70.41962565294536
Guru Nanak Dev Engineering College,76.39031142528518,0,1,54.03353918122612
Indra Ganesan College Of Engineering,76.42386799823231,0,0,51.91899635849454
Sb Patil Polytechnic,76.42482757626867,0,2,60.61529503711807
Seethi Sahib Memorial Polytechnic College,76.4367556357758,0,0,48.836567819589504
Rp Educational Trust Group Of Institutions,76.4566818756124,0,0,77.7513818272985
Cochin Institute Of Science And Technology,76.4622038492841,0,1,43.74130131860575
Jawaharlal Nehru Government Engineering College,76.47835095609395,0,1,79.53921945903781
Shree Dhanvantary College Of Diploma Engineering,76.47952871383576,0,0,49.192787498777705
Gt Government Polytechnic College,76.48867915661027,0,0,53.97619235876645
Shri Sai Institute Of Technology Polytechnic,76.49543980544138,0,1,70.06800634121379
Dr Gs Melkote Rural Polytechnic,76.50250892349297,0,0,56.079344508300906
Maharana Pratap Institute Of Technology And Management,76.50731561609182,0,1,62.37927486937921
Sri Parashuram Institute Of Technology And Research,76.50992779785244,0,0,74.45322306767206
Mepco Schlenk Engineering College,76.51350464715046,0,0,65.77057042400367
Dr Vrk Womens College Of Engineering And Technology,76.51470047304923,0,0,55.30646724817628
Lord Krishna Polytechnic College,76.52327661391453,0,0,44.26889707114275
Punjab Institute Of Technology,76.52468762111903,0,2,68.45075175631123
Bal Krishna Institute Of Technology,76.53943316601658,0,1,65.36955747552841
Jyothi Engineering College,76.54016012280326,0,0,79.19993353996526
Asifia College Of Engineering And Technology,76.54411049978165,0,0,78.06223491966261
Jeppiaar Maamallan Engineering College,76.55721719258159,0,1,68.41758035447103
Konark Institute Of Science And Technology,76.56849080872996,0,1,77.13510558024964
Banasthali Vidyapith,76.581388682826,0,2,64.61484379106884
Priyadarshini Engineering College,76.59456431991511,0,0,59.81451765521551
Elenki Engineering College,76.6025000874836,0,0,58.63201682195557
Vit-Ap University,76.62331547481415,0,0,63.34340836997728
Sams College Of Engineering And Technology,76.6252132562659,0,2,56.94937849739249
B K Birla Institute Of Engineering And Technology,76.6286075254976,0,0,64.05914900598646
Bharti College Of Polytechnic,76.62936085117005,0,0,58.43193405341663
Travancore Engineering College,76.64173409258525,0,2,40.63147864207482
Seshasayee Institute Of Technology,76.64390293053475,0,0,70.93874499797349
Central India Institute Of Technology,76.6480856610726,0,2,75.08364785365146
Sana Polytechnic,76.64857624496328,0,0,78.21398685248082
Rv Reha Polytechnic College,76.67592163961842,0,0,70.05300156263465
Bn College Of Engineering And Technology,76.69486561064255,0,0,79.94534310896557
Sri Mahalakshmi Polytechnic College,76.69838116869872,0,0,60.84090591081993
Srm University,76.71964831037826,0,0,49.88123360746235
Rvs College Of Engineering,76.72615434964379,0,0,57.25314727085885
Girijananda Chowdhury Institute Of Management And Technology,76.72752388715253,0,0,50.84506461953131
Oriental Institute Of Science And Technology,76.73531168852985,0,0,68.57844863308738
St Joseph'S College Of Engineering,76.73924336646242,0,1,54.13403177187541
Brahma Valley College Of Engineering And Research Institute,76.7421622831555,0,0,58.531948234202176
Government Women Engineering College,76.75122384544942,0,0,71.8075162287761
Bhuvan Polytechnic,76.75839683940242,0,1,55.65483966109899
Srk Institute Of Technology,76.75913812326783,0,0,67.82877313317162
Amity School Of Architecture And Planning,76.7636183845491,0,0,63.32589064179591
Techno India Njr Institute Of Technology,76.77099726901942,0,0,46.55297921246422
Gudlavalleru Engineering College,76.77152697931933,0,0,62.265858294325
Aarooran Polytechnic College,76.77831009185712,0,1,71.95932900239143
Gurukulam Institute Of Technical Education,76.79173766324044,0,0,55.97854841163651
Sirda Institute Of Engineering And Technology,76.79494776028778,0,1,67.35490101803843
Pr Patil Education And Welfare Trust'S Institute Of Polytechnic And Technology,76.81282388200326,0,1,55.19040235705988
Sophia Polytechnic,76.82326916408064,0,0,55.25676523550464
Swarnadhara College Of Engineering And Technology,76.82405981730584,0,0,53.43600705257892
Sri Basaveshwara Institute Of Technology,76.82859564020002,0,0,73.73713897167607
Gaya College Of Engineering,76.83117844586178,0,0,43.70279249532275
Maharishi Markandeshwar University,76.83220054028092,0,1,61.06685690003511
Rohini College Of Engineering And Technology,76.83265598317155,0,0,46.02561131816708
Apex Institute Of Technology,76.83268624146218,0,1,77.65235512682959
Vet Bvl Polytechnic,76.83666057841297,0,1,74.63866882585239
Itm- School Of Architecture Art And Design,76.83789881268021,0,0,79.92482572340253
Mahatma Gandhi Institute Of Engineering And Management,76.85619496844718,0,0,60.848539312677445
Medha Institute Of Science And Technology For Women,76.86608001884716,0,2,53.38618526331823
Niit University,76.90758984490287,0,0,72.99853734163696
Vardhaman College Of Engineering,76.91783362919256,0,2,58.78440457072058
Gulzar College Of Engineering,76.9186316840611,0,0,73.39989365869201
Shivajirao S Jondhle College Of Engineering And Technology,76.92075570386875,0,1,56.68179737110933
Dhabaleswar Institute Of Polytechnic,76.94029927841035,0,0,69.55561335632991
Quantum University,76.94224359230289,0,0,60.37258136081601
Alpha College Of Engineering,76.94669824297542,0,0,63.9449316938613
Dhivya Polytechnic College,76.95131327508845,0,0,63.85652768271434
Ysps Polytechnic,76.95164814333648,0,0,40.128417663856375
Vel Tech,76.9525405449634,0,0,48.28497971690521
Shri Ram Institute Of Science And Technology,76.95849559171789,0,0,64.03124892208106
Pacific School Of Engineering,76.99252147805977,0,1,46.909669696127445
Nuzvid Polytechnic,76.99333584699536,0,1,57.97523783665368
Mahakal Institute Of Technology,76.99618239211625,0,0,50.41753546798863
East West Institute Of Technology,77.0101470888797,0,0,49.9256190007618
Sect Group Of Institutes,77.01493074354003,0,0,59.02720317259626
St Joseph Polytechnic College,77.02316752497471,0,0,70.08503840423349
Shri Girraj Maharaj Polytechnic College,77.03144856712001,0,0,69.58343895751955
Sri Ramakrishna Polytechnic College,77.03758899451924,0,1,65.93186821142962
Indian Institute Of Information Technology Kalyani,77.04146541256571,0,2,45.494326900967714
Padmabhooshan Vasantraodada Patil Institute Of Technology,77.06219503554124,0,0,62.81762029868729
Amritsar College Of Engineering And Technology,77.06297419950326,0,0,51.49945370466761
Nibedita Institute Of Technology,77.06312239257838,0,0,79.42411486946517
Sree Rama Engineering College,77.06322722034281,0,0,58.17539879759178
Mohandas College Of Engineering And Technology,77.09009078348558,0,1,75.96084310233324
Marathwada Mitra Mandal Polytechnic,77.09374781765212,0,2,60.73084743222808
Ganapathy College Of Engineering,77.10573400890868,0,2,52.191984419019605
Shiv Nadar University,77.1265070956714,0,1,56.4010904425848
Sri Aurobindo Institute Of Technology,77.12860620266636,0,2,51.97648989362518
Sanghavi College Of Engineering,77.13923573559563,0,0,56.11418236076669
Rajeshkumar Wadhawan Polytechnic Institute,77.14415949698895,0,1,40.34812001689797
Nannapaneni Venkat Rao College Of Engineering And Technology,77.15759988095525,0,0,74.53623546985958
Sri Krishna Polytechnic College,77.16695284690763,0,1,78.28637237753784
Dhalai District Polytechnic,77.17181208842035,0,0,71.37223700897411
Tura Polytechnic,77.18801098193002,0,0,67.2503930149864
Sva College Of Polytechnic,77.19542905788549,0,1,78.69897421308538
Atms Group Of Institutions,77.20907215615838,0,0,43.19327597025999
Patnam Rajender Reddy Memorial Engineering College,77.21162973043542,0,1,62.90299745721636
Bhopal Institute Of Technology And Management,77.21245759791219,0,0,66.09182884087048
Prabhu Kailash Polytechnic,77.22664889083211,0,1,68.68243416377322
Chhatrapati Shahu Polytechnic,77.22998469464588,0,0,63.77317099627827
Ndmvp Samaj'S Karmaveer Adv Baburao Ganpatrao Thakare College Of Engineering,77.2315902752002,0,0,68.08624500550698
Savitribai Phule Pune University,77.23484026543767,0,0,75.48095724323747
Shri Shankarprasad Agnihotri College Of Engineering,77.24344825181785,0,1,65.74759978466011
Beant College Of Engineering And Technology,77.2443144525765,0,2,69.62065924083281
Gms Mavmm Polytechnic College,77.24504092841008,0,0,77.25526478751414
Kcg College Of Technology,77.24884782095135,0,0,46.995929695707936
Gurindapalli Devanandam Mary Memorial College Of Engineering And Technology For Women,77.24985341568132,0,1,60.27768521412902
Rizvi College Of Architecture,77.25140340512077,0,1,66.80583205501645
College Of Advanced Technology,77.25260085862895,0,1,68.27366323771264
Axis College Of Engineering And Technology,77.25516539932252,0,0,54.27259337844916
Anand College Of Engineering And Management,77.26926062130093,0,0,68.99072580618468
Mats School Of Engineering And Information Technology,77.2729714957686,0,0,66.54715974714335
Carmel College Of Engineering And Technology,77.28511204147996,0,0,79.03960553466874
Lord Krishna College Of Technology,77.2889670768328,0,0,66.1649859606966
Vidyasagar Institute Of Technology,77.2950803527873,0,1,65.72085041078103
Shri Vaishnav Institute Of Technology And Science,77.29802952155697,0,0,69.79244142966236
Sri Vaishnavi College Of Engineering,77.30197815268133,0,2,71.42650575052194
Pt Lee Chengalvaraya Naicker College Of Engineering And Technology,77.30420448577533,0,0,60.36270639050282
Mahendra Engineering College,77.30471341847007,0,2,68.9222288963793
Jashodaba Polytechnic Institute,77.32400732629327,0,0,77.07942647118995
Minerva Polytechnic College,77.33699053353213,0,1,46.4923616456656
Aryan Institute Of Technology,77.34026301914695,0,0,68.03845597371277
Visvesvaraya College Of Engineering And Technology,77.34082016040358,0,0,48.81295656137277
Chadalawada Venkata Subbaiah College Of Engineering,77.34228811308965,0,2,68.65553020522603
Keonjhar School Of Engineering,77.36317842269193,0,0,70.58448947917806
Dhirajlal Gandhi College Of Technology,77.37497691747706,0,0,72.37805967928395
Avanthi'S Research And Technological Academy,77.37508977380428,0,0,53.35336557225908
Vishveshwarya Institute Of Polytechnic,77.3768927306516,0,0,63.019397568270826
Maharana Pratap University Of Agriculture And Technology,77.39062706937702,0,0,78.77469905389569
College Of Technology And Engineering,77.3948073915172,0,0,61.31396508073881
Saraswati Institute Of Technology And Management,77.39593614370793,0,0,53.32493462708039
Get Group Of Institution Faculty Of Technology,77.39660746187496,0,0,53.00330595237702
Dr Vithalrao Vikhe Patil College Of Engineering,77.39916499283314,0,0,54.44227118258922
Jdt Islam Polytechnic College,77.44245406393759,0,2,70.45882512211091
Shiridi Sai Diploma In Engineering And Technology,77.45574145043267,0,0,61.01857720849895
Bvrit Hyderabad College Of Engineering For Women,77.46712349424035,0,0,68.04517007928533
Kerala University Of Fisheries And Ocean Studies,77.47220267058364,0,1,50.54544280640219
Shiv Shankar Institute Of Engineering And Technology,77.4753743371437,0,0,40.2884574355964
Jindal School Of Art And Architecture,77.49528626358244,0,0,63.875367932911885
Sri Ayyappa Polytechnic College,77.49648984978398,0,1,46.08443211620028
Cochin University College Of Engineering,77.49663413496063,0,0,79.4224516067663
Sagar Institute Of Technology And Management,77.50192058849024,0,0,54.51711548058263
Alpine Institute Of Technology,77.53769582115547,0,0,68.56794674749979
Met'S School Of Engineering,77.5407034818331,0,0,65.8848815722543
Rao Birender Singh State Institute Of Engineering And Technology,77.54627938604638,0,1,45.179679724030784
Sai Tirumala Nvr Engineering College,77.55068153382862,0,0,57.42389898561617
Murugappa Polytechnic College,77.56321014525756,0,0,52.38085601072814
Sri Venkateswara College Of Engineering And Technology,77.58302746652399,0,0,53.75808001767807
Shri Datta Meghe Polytechnic,77.58342940841183,0,1,53.78262632632671
Secab Institute Of Engineering And Technology,77.59566136825939,0,0,54.84823088622312
Nehru College Of Engineering And Research Centre,77.61509645789394,0,0,79.55907399849117
Chandigarh Engineering College,77.625300813098,0,0,60.60233766679948
Prasiddha College Of Engineering And Technology,77.63336247542907,0,1,54.42086951910424
Sri Venkatachalapathy Polytechnic College,77.70617835727396,0,0,63.24187229115887
Vemu Institute Of Technology,77.71496514609892,0,0,62.30808036632889
Sir Vishveshwaraiah Institute Of Science And Technology,77.7166629097031,0,1,55.24096572110743
Neelkanth Institute Of Technology,77.73259835790363,0,0,79.06282719410575
Royal School Of Architecture,77.73773226221164,0,0,45.31238984055204
Kiet School Of Engineering,77.73778149849636,0,0,76.62118073810593
Sri Eshwar College Of Engineering,77.74420311706268,0,0,56.54589308010575
Satyam Institute Of Technology,77.75219010995676,0,0,42.537650373486365
Geeta Engineering College,77.76063912348548,0,0,79.85508540093852
Rc Patel Institute Of Technology,77.77363057707824,0,2,74.03408655566372
Santiniketan Institute Of Polytechnic,77.77791112144006,0,0,47.2304587741481
Pvp Polytechnic,77.78848944340842,0,0,56.35444590540226
Christ The King Engineering College,77.79399017821085,0,0,69.35220601922803
New Government Polytechnic,77.81042629896811,0,1,64.49654606306999
Rajiv Gandhi Institute Of Petroleum Technology Amethi,77.81098023742891,0,1,45.96238585200964
Vi Institute Of Technology,77.81165185536923,0,1,45.79463859062376
Lakhmi Chand Institute Of Technology,77.82885307255151,0,0,72.76224652024693
College Of Architecture,77.83565316972354,0,2,79.95547308383902
St Marys Group Of Institutions,77.85239003429038,0,1,61.19670946540138
Don Bosco College Of Engineering And Technology,77.85277358924247,0,0,70.01650477275149
Cgc College Of Engineering,77.86401362382195,0,0,76.66653656132351
Ves Ahinsa Polytechnic,77.86890012469385,0,0,75.796443639333
Sree Rama Institute Of Technology And Science,77.87052216570216,0,0,42.66418032450164
Smt Fulehra Smarak College Of Polytechnic,77.88083173583195,0,0,43.58069391016964
Anjuman I Islam'S Ar Kalsekar Polytechnic,77.90374544566072,0,0,42.00007567138418
Icl Institute Of Architecture And Town Planning,77.91005648778918,0,1,70.24009615232305
Prannath Parnami Institute Of Management And Technology,77.92778910924378,0,0,43.77385419655291
Himachal Institute Of Engineering And Technology,77.93345848992871,0,0,46.36129311770062
Shaheed Udham Singh Engineering College,77.9437324468314,0,0,69.43958933361027
Prime College Of Engineering,77.97171899421033,0,0,63.29504584407556
Laxmipati Institute Of Science And Technology,77.97423729183015,0,0,53.38794375068808
Viva Institute Of Technology,77.98065619452434,0,0,53.723427756423575
Smt Dharini Anilkumar Shukla Education Campus,77.99384965673104,0,0,42.21865678262167
Punjab Polytechnic College,77.99618099394944,0,0,62.031943354039
Babaria Institute Of Technology,78.00307176087233,0,0,70.86899666355478
Siddartha Educational Academy Group Of Institutions,78.01414131315997,0,0,60.09717808069989
Sana Engineering College,78.04963635072355,0,0,43.10999328419335
Sun Engineering College,78.0614368751313,0,0,55.389046782397656
Nri Institute Of Technology,78.06693437192001,0,0,74.6761568230844
Uday Prasad Uday Government Polytechnic,78.071052986324,0,0,57.01291768875404
Global College Of Engineering And Technology,78.07553078290007,0,1,75.50808932894455
Jalpaiguri Polytechnic Institute,78.08397425842415,0,1,73.22109888427228
Ghousia Polytechnic For Women,78.09448345384249,0,0,44.7632059601949
Sri Durgadevi Polytechnic College,78.103735564321,0,0,61.63407701962771
Blm Institute Of Technology And Management Sciences,78.10456505794699,0,0,76.8142333391083
Mekapati Rajamohan Reddy Institute Of Technology And Science,78.10833676001272,0,0,60.61823429706861
Datta Meghe Institute Of Engineering Technology And Research,78.1115004232942,0,0,71.37227011067024
Ramco Institute Of Technology,78.11444001543502,0,0,77.82553467657581
Dronacharya College Of Engineering,78.11466579791137,0,2,61.045966349308
Sri Andal Nachiyar Polytechnic College,78.11946586568851,0,0,63.60821617985629
Smt Kashibai Navale College Of Engineering,78.12367553518241,0,0,44.40034278250573
Yashwantrao Chavan Maharashtra Open University,78.12838937848642,0,1,56.48595740255949
Pydah College Of Engineering,78.14407124708438,0,0,66.34442177061246
Ravindra College Of Engineering For Women,78.14833370416997,0,1,77.00794503558585
Jodhpur Institute Of Engineering And Technology,78.15358518977459,0,0,47.45181403091105
Bethlahem Institute Of Engineering,78.15580212245243,0,0,46.11475054486094
Santhiram Engineering College,78.16373529052031,0,0,41.82941891130114
Jss Polytechnic For Women,78.2110217725002,0,0,54.21503074460098
Salem College Of Engineering And Technology,78.21110854471175,0,0,60.51459284484279
Saraswathy College Of Engineering And Technology,78.22922040618218,0,1,68.09070669140951
Am Reddy Memorial College Of Engineering And Technology,78.24380847598874,0,0,75.07061146365933
Balasaheb Mhatre Polytechnic,78.2560762151848,0,0,56.59878753354367
Alpine College Of Management And Technology,78.26787978933162,0,0,60.30513434238434
Sunder Deep Engineering College,78.29770144855095,0,0,43.4151099722481
Wainganga Polytechnic,78.31316955732231,0,2,54.12610712732655
Gh Raisoni Institute Of Engineering And Management,78.32792484605869,0,0,45.817617676115
Nehru Gram Bharati,78.33019553625698,0,0,50.38267505878446
Msms Rural Polytechnic,78.34983266062056,0,0,41.10664459712148
Government Girl'S Polytechnic,78.35423723328313,0,0,68.12277800674579
Punjabi University,78.36250469007695,0,0,69.15837362749164
Sigma Institute Of Technology And Engineering,78.3633367941795,0,0,63.09156848607181
Goa College Of Engineering,78.36377468380762,0,0,76.8873873753706
Bundelkhand University,78.38201294617889,0,0,61.54990217207412
Aditya Institute Of Technology,78.39387173246129,0,0,66.00279473749507
Dr Bhausaheb Nandurkar College Of Engineering And Technology,78.41097798862346,0,0,53.28630152447602
Kalinga Nagar Polytechnic,78.4110360577288,0,0,63.96880637289389
Rkdf College Of Technology And Research,78.41318920202409,0,1,70.58089325198868
Ngf College Of Engineering And Technology,78.42209441041933,0,0,64.89760811242171
Shivganga Charitable Trust,78.45481888073004,0,0,60.87973756453003
Ideal Institute Of Management And Technology,78.46368051667346,0,0,58.80351934440648
Amc Engineering College,78.46561302095128,0,0,70.40512723387278
Assam Don Bosco University,78.47912311954687,0,1,59.98952716148217
Ellenki Institute Of Engineering And Technology,78.49212914746698,0,0,72.31417941806467
Vidya Jyothi Institute Of Technology,78.51730914277829,0,1,64.06069272796479
Ammaiappar Polytechnic College,78.52184770664644,0,0,45.86127954758919
Prist University,78.52894101853894,0,0,57.31903376517029
Kmct College Of Engineering,78.5304667691431,0,0,62.00457245298989
Valia Koonambaikulathamma College Of Engineering And Technology,78.53547849530585,0,0,65.74750397268089
The Oxford Polytechnic,78.57420578521236,0,0,50.90766475392275
Vidya Prasarini Sabha'S College Of Engineering And Technology,78.57584030649096,0,0,61.35007589331517
Ganpat University Institute Of Computer Technology,78.6042152474943,0,2,49.39497068814288
Haryana Engineering College,78.60577804527719,0,0,41.53913973942184
Vasantrao More Polytechnic,78.61417691897448,0,2,74.82153507639569
Malla Reddy College Of Engineering And Technology,78.61645726111081,0,1,41.205410810765855
Faculty Of Engineering And Technology,78.63042761455766,0,0,78.72271214506101
Sahakar Maharshi Shankarrao Mohite-Patil Institute Of Technology And Research,78.64537956173089,0,2,63.28412968678161
Bagula Mukhi College Of Technology,78.66235783435471,0,2,73.09052240379386
Punjab College Of Engineering And Technology,78.67263448885684,0,0,71.28833267464861
Vikas Polytechnic College,78.67724482583233,0,0,57.1457233740172
Jnana Vikas Institute Of Technology,78.67764511666877,0,0,47.61431128685831
Coimbatore Institute Of Engineering And Technology,78.69141432719013,0,0,64.79577474360089
Indira Gandhi Technological And Medical Sciences University,78.70493025914607,0,0,67.19349649472531
Vidyavardhaka College Of Engineering,78.7139386431823,0,1,56.370498797127055
Kavayitri Bahinabai Chaudhari North Maharashtra University,78.72311131140266,0,0,72.30199001265208
Hayagriva Polytechnic College,78.7270610544435,0,0,67.22134971119357
Jnan Chandra Ghosh Polytechnic,78.75993443621203,0,0,57.04269586447525
Easa College Of Engineering And Technology,78.76387519259696,0,1,70.52022316311161
Vsm'S Institute Of Technology,78.76602970704812,0,1,64.94701475656586
Prs College Of Engineering And Technology,78.76779787919791,0,0,57.554899511286905
Bhagirathi Institute Of Technology And Management,78.76917393674785,0,0,47.710627691247645
Shri S'Ad Vidya Mandal Institute Of Technology,78.77130524405884,0,1,44.94710268291492
Kk Wagh Polytechnic,78.790367120761,0,1,41.32756546469009
Lakshmi Narain College Of Technology,78.79721773111184,0,0,68.74902960639275
Mahendra College Of Engineering,78.80170158530841,0,1,76.7872022097405
Oriental Engineering College,78.80827228815872,0,0,44.01898280048609
Konkan Gyanpeeth College Of Engineering,78.8250959534133,0,0,51.79418831121825
Er And Dci Institute Of Technology,78.83318022401707,0,0,74.73413289923779
Kottayam Institute Of Technology And Science,78.84291036085466,0,0,56.313524012049136
Khammam Institute Of Technology And Sciences,78.85772980591238,0,1,52.32391311419897
Model Institute Of Engineering And Technology,78.88226301867422,0,0,40.51789280270116
St Anne'S College Of Engineering And Technology,78.89314519414597,0,1,55.3942396922556
St Michael College Of Engineering And Technology,78.90440085785794,0,0,73.19618982978207
Geethanjali College Of Engineering And Technology,78.92603083760108,0,2,79.26969366734791
Guntupalli Venkateswarlu Memorial Polytechnic,78.92715171536096,0,0,73.01150352040169
City Institute Of Technical Education,78.93253828559072,0,0,44.40189537862058
Sbm College Of Engineering And Technology,78.9511377802344,0,0,40.78808798535654
Scope College Of Engineering,78.95797759073159,0,0,40.17997986524055
Ad Patel Institute Of Technology,78.96324175458051,0,0,71.30616536697326
Budge Budge Institute Of Technology,78.96332196205094,0,0,57.229450981938825
Potti Sriramulu Chalavadi Mallikharjuna Rao College Of Engineering And Technology,78.985840187403,0,0,51.43884561734184
Bharat Group Of Colleges,78.98592218833957,0,0,41.29435505567078
Stani Memorial College Of Engineering And Technology,78.9886868625668,0,0,48.379084931783325
Doon Institute Of Engineering And Technology,78.99929891343263,0,0,41.33060071646736
Ayyappa Polytechnic College,79.0002567731301,0,0,46.32458492767233
Gonna Institute Of Information Technology And Sciences,79.0201593061583,0,2,64.97708597432461
Regional College For Education Research And Technology,79.02680419670281,0,2,63.14432926384238
Vasavi Polytechnic,79.0379821718457,0,0,52.21871206661076
Raibag Polytechnic,79.06199980381152,0,0,58.190032986895226
Ekalavya Institute Of Technology,79.07413663263954,0,0,53.44777810969718
Maharana Pratap College Of Technology And Management,79.09742260842512,0,0,66.83139351134443
Pk Polytechnic,79.1161170702917,0,0,43.9374775644399
Vidya Memorial Institute Of Technology,79.11757680964371,0,0,64.41273786353315
Manonmaniam Sundaranar University,79.11948960390733,0,0,46.50129159075035
Diviseema Polytechnic,79.12970092985071,0,1,54.553405977798846
Government Polytechnic College For Women,79.14117023480961,0,0,56.141685910309455
E Max Polytechnic College,79.14571148179665,0,1,56.73872889860263
Ideal Institute Of Engineering,79.164152442794,0,1,44.21055491118376
Shri Ram Group Of Institutions Integrated Campus,79.16770502214047,0,0,54.97045159547675
Alagappa College Of Technology,79.17950680087458,0,0,40.53476736578212
Kalahandi School Of Engineering And Technology,79.18806038830894,0,0,67.32787309528247
Yb Patil Polytechnic,79.19035469906862,0,0,64.7693876931291
Sndt Womens University,79.21640810326276,0,2,42.4334215475703
Shree Ramkrishna Institute Of Science And Technology,79.23541433732888,0,0,77.20745801978609
Padmashree Krutartha Acharya College Of Engineering,79.23837335387587,0,1,72.31921853329413
Mgm'S College Of Engineering,79.24031271009491,0,1,72.7239478319219
Sri Krishna Institute Of Technology,79.25079396431812,0,0,48.230629942100215
Gujarat Institute Of Technical Studies,79.25197416600724,0,0,55.92574855109123
Rajarshi Rananjay Singh Institute Of Management And Technology,79.27462633759316,0,2,42.95462739239839
Annai Mathammal Sheela Engineering College,79.28745236175234,0,1,65.20383592945535
Shree Ganesh Group Of Institutions,79.28874024536942,0,1,42.75470601268785
Kongunadu College Of Engineering And Technology,79.29319513803316,0,2,54.14167027586312
Bansur Polytechnic College,79.30937786546149,0,1,75.58961537582427
Government Womens Polytechnic,79.31104285693485,0,0,69.55964694740294
Rimt- College Of Architecture,79.3135158491019,0,0,54.83392926906076
Jharkhand Government Mini Tool Room And Training Centre,79.31744043558905,0,0,76.51175068282184
Guru Ram Dass Institute Of Engineering And Technology,79.31744788067756,0,0,52.72981417087368
Girdhar Shiksha Evam Samaj Kalyan Samiti Group Of Institutions,79.3213981724641,0,2,62.44125546198386
Vignan Institute Of Technology And Science,79.33507414461567,0,1,66.23680430980384
Pulla Reddy Institute Of Technology,79.36621204750178,0,0,66.68562483081234
Sri Polytechnic,79.36913583358164,0,2,44.88636915100179
Adesh Institute Of Technology,79.36941156457726,0,0,64.75721343293321
Shri Pillappa College Of Engineering,79.36982512265402,0,0,71.45526236979964
Khader Memorial College Of Engineering And Technology,79.37015922135083,0,0,50.28275008799374
Corporate Institute Of Science And Technology,79.37131398061784,0,0,41.26112325630669
Silver Oak College Of Engineering And Technology,79.37209395658729,0,1,71.24337954643217
Meenaakshi Ramasamy Polytechnic College,79.3834999427412,0,0,49.144591048155554
Green Hills Polytechnic,79.38682252577156,0,0,70.69508962344969
Vpms Maharshi Parshuram College Of Engineering,79.38913701544772,0,0,50.96078680636855
Sudharsan Engineering College,79.3931247182908,0,0,60.32316107646233
Vedavyasa College Of Architecture,79.39778662855656,0,0,58.98600041985412
Dhanalakshmi Srinivasan Engineering College,79.39905762122316,0,1,53.50364544892081
Isl Engineering College,79.40167261999375,0,0,49.6607019952466
Vidya Rattan Polytechnic,79.4078317439516,0,0,64.82524993822011
Anant National University,79.40872905619875,0,1,73.4741403698786
Narayana Engineering And Technical Campus,79.40979926483999,0,0,45.78310662642746
Ranganathan Polytechnic College,79.41474783169231,0,2,52.17699835192432
Aishwarya Polytechnic College,79.43376394594712,0,0,55.421336966183055
Ms Bidve Engineering College,79.44975208056704,0,2,47.40360135320967
Vishwa Bharathi Pg College Of Engineering And Management,79.45046585352522,0,1,44.15571065141563
Kommuri Pratap Reddy Institute Of Technology,79.46046680304087,0,0,71.4590241794969
Rajasthan Technical University,79.47388788083067,0,0,68.43723739801378
Remote Sensing Applications Centre,79.47706809967863,0,1,73.546783106781
Dav Institute Of Engineering And Technology,79.47953671923784,0,1,62.51331144200557
Deen Bandhu Sir Chhotu Ram Government Polytechnic,79.4815548148004,0,2,50.66375399929376
Doaba Faculty Of Engineering And Technology,79.49257541171514,0,0,66.7784612588419
Bhadrak Engineering School And Technology,79.49449084253818,0,0,51.09249606694033
Asn Women'S Engineering College,79.50547707686951,0,0,74.12198889967911
Shri Ramdevi Ramdayal Tripathi Mahila Polytechnic,79.52017877233698,0,0,69.17467194520276
Cmj University,79.54483417099178,0,0,44.12433066051428
Shekhawati Polytechnic College,79.55869297983499,0,0,40.70522862133188
Shanmuganathan Engineering College,79.5622127632113,0,0,76.41615506631845
Kali Charan Nigam Institute Of Technology,79.56342325611377,0,0,46.14567145723971
Kl Polytechnic,79.56383438569324,0,0,46.142910156950336
The New Horizons Institute Of Technology,79.56438858348602,0,1,69.11198288845762
Ganpati Institute Of Technology And Management,79.56541146468984,0,2,75.94240088497247
Vaageshwari Engineering College,79.58915928443251,0,0,47.24726244906648
Brahmdevdada Mane Polytechnic,79.59227644933614,0,0,79.84758426735571
Shivaji University,79.59391603683872,0,0,49.60661398128134
Dalia Institute Of Diploma Studies,79.59602992163249,0,0,41.83023446612325
Akrg College Of Engineering And Technology,79.60146828192899,0,1,66.0381530253899
Usp Polytechnic College,79.63485144553538,0,0,43.23307345769948
Annie Institute Of Technology And Research Centre,79.64703885923268,0,0,62.34018415792619
Mda Institute Of Polytechnic,79.64885904080718,0,0,62.68924727058918
Hemchandracharya North Gujarat University,79.65559869251692,0,0,66.58187479273732
Mata Rajkaur Institute Of Engineering And Technology,79.66512998163418,0,2,50.24839005453188
Gv Acharya Polytechnic,79.67741732636199,0,0,62.65475168809628
Mahatma Gandhi Chitrakoot Gramodaya Vishwavidyalaya,79.67992832569558,0,0,42.78271856287609
Nirma University,79.6938169874455,0,0,52.15997178707792
Srinivasa Polytechnic College,79.70390129312091,0,0,61.94549062151427
Pp Savani University,79.71283095961385,0,0,61.69739182989481
Slbs Engineering College,79.71778192791946,0,0,68.29300642488376
Dkte Society'S Yashwantrao Chavan Polytechnic,79.72814764376731,0,0,67.77380383309551
Hke Society'S Polytechnic,79.73524180850504,0,0,56.02510502042455
Anubose Institute Of Technology,79.7388930722425,0,0,64.42056278135831
Dips Polytechnic College,79.75701586218071,0,0,43.45457687045264
Aky Polytechnic College,79.76293707190565,0,1,40.78268705923558
Sree Chaitanya Institute Of Technological Sciences,79.76729757956139,0,0,73.48591929363874
Asra College Of Engineering And Technology,79.77117449986537,0,1,46.83969735813586
Lakireddy Bali Reddy College Of Engineering,79.78294991290605,0,2,57.76988629052855
Shri Ram College Of Engineering And Management,79.79248448102283,0,0,46.85827192360753
Archana College Of Engineering,79.79496012020269,0,0,56.40575712348885
Kuppam Engineering College,79.80287611106635,0,2,65.12086728234507
Kurukshetra University,79.81242242203982,0,0,51.22353475638239
Vedang Institute Of Technology,79.82059142558634,0,0,64.65190214238581
Lbs Polytechnic College,79.82470420598449,0,0,53.29364516374028
Hemwati Nandan Bahuguna Garhwal University,79.82726371111809,0,0,76.55109251197001
Arasu Engineering College,79.83934494473067,0,0,63.719674375814265
Jamia Polytechnic,79.84100743359251,0,0,57.36196365704569
Uv Patel College Of Engineering,79.84159748416556,0,1,76.74104583368818
Govindam Polytechnic College,79.86039118613667,0,0,54.67569449557058
Integral University,79.86605913555036,0,0,76.68857265717904
Karnataka Institute Of Leather Technology,79.86783502553658,0,0,74.45599187898759
Mount Zion Institute Of Science And Technology,79.87905167621368,0,0,41.39761398369882
Terna Public Charitable Trust'S Terna Engineering College,79.91068570375313,0,2,48.46348877310196
Lakshmi Ammal Polytechnic College,79.91282808853879,0,0,63.96828224270058
Excel Institute Of Diploma Studies,79.91297625118133,0,0,54.74833639979965
Dev Polytechnic College,79.93011340669975,0,0,63.31199378181785
Unnati Management College And Technology,79.93468826088476,0,0,79.14913035530131
Vastu Kala Academy,79.94273713874323,0,1,43.8443008481373
Adhi College Of Engineering And Technology,79.94803567387781,0,0,77.24901198440841
Maharaja College Of Engineering,79.94856720498431,0,0,74.37602068553849
Saraswati College Of Engineering,79.9497397641706,0,0,78.7464092922508
Kishanganj College Of Engineering And Technology,79.95484400180588,0,0,59.91559600369745
Lord Ayyappa Institute Of Engineering And Technology,79.9573434034734,0,0,53.44818782808636
Savera Educational Trust Group Of Institutions,79.96671420558445,0,2,64.51933365799393
Maharshi Dayanand Saraswati University,79.96798920944354,0,1,59.91311000121629
Farah Engineering College,79.99155013352873,0,0,65.53691890774029
Shri Jeet Ram Smarak Institute Of Engineering And Technology,80.00392615215387,0,0,60.44227417554493
Chaitanya Bharathi Institute Of Technology,80.00919067090611,0,0,60.01589578674688
Yogi Vemana University,80.02247130574916,0,0,79.44092213088491
Sh Jondhale Polytechnic,80.05403243667894,0,0,53.57680235965455
Vidya Bhawan Polytechnic College,80.06780750264852,0,0,70.7815666944422
Mother Theressa College Of Engineering And Technology,80.07134727560927,0,0,70.890793475196
Minimata Government Girls Polytechnic,80.087286174116,0,0,51.17402378979232
Christ College Of Engineering And Technology,80.0905077337074,0,0,66.71126210126178
Gokaran Narvadeshwar Institute Of Technology And Management,80.09637792717757,0,0,53.58261102756132
Dr Sjs Paul Memorial College Of Engineering And Technology,80.10247725670041,0,0,64.99404900946125
Fr Conceicao Rodrigues College Of Engineering,80.10408058967528,0,2,59.5841929918366
Ldrp Institute Of Technology And Research,80.11979901102758,0,0,78.9914925940195
Bishop Jerome Institute,80.12825524104346,0,0,45.025595801322574
Surabhi College Of Engineering And Technology,80.14380663738754,0,0,45.82489799464826
Jk Institute Of Engineering,80.17590850905196,0,0,77.5003390330607
Jaya Sakthi Engineering College,80.18529134731224,0,0,68.48900416189952
Maulana Abul Kalam Azad University Of Technology,80.19177601266426,0,1,49.62732370621243
Raja Balwant Singh Engineering Technical Campus,80.19556826228515,0,0,55.0640266134225
Sri Prakash College Of Engineering,80.198074519529,0,0,56.94474608128499
Nanasaheb Mahadik College Of Engineering,80.21100619864771,0,2,76.83216256942768
Dreams College Of Polytechnic,80.22178003650575,0,0,47.999671179902805
Suryodaya College Of Engineering And Technology,80.22299590308683,0,0,72.69482286501461
Khaja Banda Nawaz College Of Engineering,80.23465716300916,0,1,74.96659510786034
Ipcowala Institute Of Engineering And Technology,80.240321760291,0,0,63.501467608402486
Sai School Of Engineering And Technology,80.27181521579519,0,0,59.00216924636297
Merit Polytechnic College,80.28085094905947,0,1,51.55860555544747
Mahamaya Institute Of Medical And Technical Science,80.28578120646429,0,0,66.02166291829653
Pt Lr College Of Technology Technical Campus,80.29359668534124,0,0,54.98809140163843
Swamy Vivekananda Polytechnic,80.30796115741143,0,0,58.11477462725634
Narula Institute Of Technology,80.33354318594948,0,0,41.98502742052861
College Of It And Management Education,80.3367594590941,0,0,58.76383968353305
St Xavier'S Technical Institute,80.3483393025287,0,0,66.4950749814674
Tirupati College Of Engineering,80.35102438666283,0,0,77.6176438333259
Universal College Of Engineering And Research,80.35154652882918,0,1,48.97665826483421
Sri Manakula Vinayagar Polytechnic College,80.35333000585481,0,1,51.02642077689122
Rajiv Memorial Institute Of Education And Technology,80.35333814586542,0,0,74.25305435861006
Aditya Polytechnic College,80.38600150525515,0,2,43.25740704298644
Nagaland University,80.39667061116752,0,0,62.14293253003902
Arasu Polytechnic College,80.41173954167365,0,1,52.21292667878525
Shaikh College Of Engineering And Technology,80.4291430716209,0,0,71.58310448751308
Shekhawati Engineering College,80.43030142279106,0,0,78.57871669051487
Met Bhujbal Knowledge City,80.43410520649417,0,0,74.71561983516536
Dr Bhupen Hazarika Regional Government Film And Television Institute,80.43581774555727,0,1,46.20784736062332
Sri Venkateshwara College Of Engineering,80.44060583627848,0,0,65.63719769719222
Einstein College Of Engineering,80.45170782381464,0,0,49.350775124823926
Lingaya'S Vidyapeeth,80.46039121706708,0,0,71.22741021906874
Desh Bhagat Polytechnic College,80.46682526763908,0,0,49.4076910083393
Shah And Anchor Kutchhi Polytechnic,80.47548226718992,0,1,62.33044354400603
Eternal University,80.47786668213305,0,0,76.07045213318193
Amrita Center For Nanosciences And Molecular Medicine,80.48283213273345,0,0,61.56632267022044
Sea College Of Engineering And Technology,80.4833969085665,0,1,64.78825264921525
Gandhi Institute Of Science And Technology,80.48902204053266,0,0,70.90365946413309
Institute Of Knowledge College Of Engineering,80.5006425164797,0,2,43.6296470032876
Veena Institute Of Technical Education Women Polytechnic College,80.50294186942327,0,0,44.88450048379602
Asiatic Institute Of Science And Technology,80.51515375513074,0,0,79.46165760366048
Kings Engineering College,80.52550494719037,0,0,64.15754305072915
Marathwada Mitra Mandal'S Institute Of Technology,80.52672973255513,0,0,48.99189570861206
Gomati District Polytechnic,80.54227156169169,0,0,76.2272090660763
Ideal School Of Engineering,80.54857645093408,0,2,75.89562518822017
Adarsh College Of Engineering,80.5512917431655,0,0,61.09626945088621
Maharishi Markandeshwar Group Of Institutions,80.56711664842547,0,0,72.29472369180687
Vel Tech Multi Tech Dr Rangarajan Dr Sakunthala Engineering College,80.62214223384422,0,0,41.13882635919873
Dattakala Group Of Institution,80.64718212431208,0,1,52.89355718677997
Model Polytechnic College,80.65465001252811,0,0,48.247373044278994
Yaduvanshi Polytechnic,80.65874026584088,0,1,45.07034499329276
Utkal Gourav Madhusudan Institute Of Technology,80.67550340749587,0,0,79.7724922395318
Ajay Binay Institute Of Technology,80.6772162906685,0,0,46.05253677273237
Alice Institute Of Technology,80.67731757725515,0,1,53.8989755938387
Sobhasaria Group Of Institutions,80.67938705810064,0,0,57.253150465460834
Samalkha Group Of Institutions,80.6919935093284,0,0,78.15283708182666
Trr Engineering College,80.6965615583151,0,0,58.88977497379
Karnal Institute Of Polytechnic,80.71198922382706,0,1,46.42532050481986
Invertis Institute Of Engineering And Technology,80.72362832517774,0,1,58.640512244202974
Pm Polytechnic,80.78993350638544,0,0,63.0987344708836
Bhartiya Polytechnic,80.81051016585266,0,0,70.62966808539404
Chadalawada Ramanamma Engineering College,80.84573402261209,0,0,50.19182282800058
Cooch Behar Government Engineering College,80.84705936495837,0,0,57.16614484023691
Capital Engineering College,80.8904833537058,0,0,67.9189560120931
Mizoram Polytechnic,80.89542550384677,0,1,57.634014343340255
Royal Institute Of Technology And Science,80.89771721967354,0,0,66.28515405584525
Shri Shankaracharya Institute Of Technology And Management,80.89974955379508,0,0,43.614905461310485
Bwda Polytechnic College,80.90217688962589,0,0,46.48621280619483
Nandini Nagar Technical Campus,80.92359055705093,0,0,40.96839367861974
Prbs College Of Polytechnic,80.93489042315036,0,0,49.21333729413816
Dvr College Of Engineering And Technology,80.9349755143565,0,0,69.78737269190452
Rajiv Gandhi University Of Knowledge Technologies,80.94265674845614,0,0,62.72139346156175
Kirodimal Institute Of Technology,80.945147279921,0,0,44.23495676415492
Park College Of Engineering And Technology,80.94813417276302,0,0,54.39550345117041
Institute Of Road Transport Polytechnic College,80.95426841528138,0,2,44.04440446281129
Hindustan Institute Of Engineering Technology Polytechnic College,80.96101085043523,0,0,43.97007406140808
Acme College Of Engineering,80.96251945043605,0,0,52.59013141762424
Shree Guru Gobind Singh Tricentenary University,80.96400264591423,0,0,65.70028588645172
Pydah College Of Dairy And Food Technology,80.98388439126772,0,0,53.69881325380037
Karmayogi Engineering College,80.9860929425833,0,2,76.73281854682142
Punjab Aircraft Maintenance Engineering College,81.03218730224769,0,0,55.14902459858527
Pravin Patil College Of Diploma Engineering And Technology,81.03240517882469,0,0,71.92115267178596
Jayalakshmi Institute Of Technology,81.03889603784569,0,0,53.9510762928647
Azad Polytechnic,81.04762074670282,0,0,73.48706227085985
Indraprastha Institute Of Technology,81.05384433825911,0,0,66.5829901973777
Eranad Knowledge City Technical Campus,81.05834817061802,0,2,71.48240553429223
Poornima Group Of Institutions,81.0596150852592,0,1,74.00508297004555
Nelliandavar Institute Of Technology,81.07711873762634,0,0,48.88190166624576
Little Flower Polytechnic,81.08536449682714,0,0,75.98373508145286
Meghnad Saha Institute Of Technology,81.11692439078632,0,0,43.77819948159652
Modern Engineering And Management Studies,81.132758012667,0,2,78.97480024864254
Shri Ramdeobaba College Of Engineering And Management,81.13494689639808,0,0,62.2193162276199
Army Institute Of Technology,81.14183241177332,0,0,76.27482485548049
Konghu Velalar Polytechnic College,81.14455479529086,0,1,53.93938195805063
Bankura Government Polytechnic,81.15858407461656,0,0,67.42245761184151
Satyasai Engineering College,81.16749199808802,0,0,74.44079790852871
Vijaya Vittala Institute Of Technology,81.16749616580836,0,0,60.12444538991504
Sridevi Women'S Engineering College,81.17223678672099,0,0,43.2757076395136
Bhimavaram Institute Of Engineering And Technology,81.18520717815571,0,1,59.83271611203946
Selaqui Academy Of Higher Education,81.18605693946489,0,0,42.38672043129032
Quest Group Of Institutions,81.21105891767864,0,1,61.68809183914402
Sri Shanmugha College Of Engineering And Technology,81.21188721438155,0,2,62.738549860057255
Warangal Institute Of Technology And Science,81.21655148383496,0,0,73.76510002466176
Scms School Of Architecture,81.24400706488026,0,2,69.18416013201512
Bhabha Institute Of Technology,81.25346716792873,0,0,43.425596858434695
Jagadambha College Of Engineering And Technology,81.25848089939564,0,1,43.80150821246751
Nimra College Of Engineering And Technology,81.27924838794593,0,0,62.62975125385461
Baba Institute Of Technology And Sciences,81.28057481464539,0,0,70.06145081794314
Jagan Nath Gupta Institute Of Engineering And Technology,81.34743482689971,0,0,42.67278976565963
Br Mahendra Polytechnic College,81.34934932318143,0,0,47.05969004727478
Younus College Of Engineering,81.3513930011255,0,0,46.10730309742116
Jj Institution Of Information Technology,81.36334287547857,0,2,51.47197744986543
Forth Dimension College Of Architecture,81.36469584866708,0,2,57.59813664604927
Indian Maritime University,81.36639548223684,0,1,71.60554738228589
Institute Of Infrastructure Technology Research And Management,81.38619349524969,0,0,63.043060776670345
Apex Group Of Institutions,81.39673937455997,0,0,79.09665190105463
Swarnandhra College Of Engineering And Technology,81.40858924069965,0,1,65.54378976987624
Sinhgad College Of Architecture,81.41829885167549,0,0,68.49286994818158
Nagpur Institute Of Technology,81.42609240986786,0,0,58.34814304636285
Dr Radhakrishnan Institute Of Technology,81.44476681889448,0,1,64.4465607324279
Devraj Group'S Technical Campus,81.46032910980216,0,1,78.03101248137924
Phonics School Of Diploma Programmes,81.46873468109567,0,0,72.58568078918674
Dr Br Ambedkar University,81.47817959466809,0,0,68.89892421273078
Allahabad College Of Engineering And Management,81.49647458976222,0,0,50.06265662870847
Shri Rawatpura Sarkar Polytechnic,81.51682913082264,0,0,67.28239559986068
Elumalai Polytechnic College,81.52282939954924,0,1,63.44547420208868
Guru Nanak Dev University,81.52660199846298,0,1,55.37415184222359
Muzaffarpur Institute Of Technology,81.53896257066026,0,0,41.02268799435669
Shadan College Of Engineering And Technology,81.54214819288131,0,1,52.6697589938466
Malnad College Of Engineering,81.54280270166146,0,1,63.508088023898736
Gurukula College Of Engineering For Women,81.54357215212042,0,0,41.476217700615166
Vks College Of Engineering And Technology,81.57234294065381,0,0,71.54776488143732
Kodada Institute Of Technology And Science For Women,81.58638583363395,0,0,66.489827119967
Veludaiyar Polytechnic College,81.58676278392858,0,0,56.69395693894021
Indian Institute Of Information Technology Tiruchirappalli,81.60318553082729,0,2,56.21123721936998
Aarav Polytechnic College,81.60819696536969,0,0,63.83173603285277
Raj Kumar Goel Institute Of Technology And Management,81.62174425523054,0,0,57.3997807510751
Bgs Institute Of Technology,81.63971919612376,0,0,51.369093895912215
Maharashtra Institute Of Technology,81.648854896382,0,0,66.0311469579836
Narasu'S Sarathy Institute Of Technology,81.65698336171528,0,0,67.64352389352638
Sri Vengateswaraa Polytechnic College,81.66137107311555,0,0,67.60343067063567
Aerp Itm Polytechnic,81.66294170314984,0,0,48.51824172254156
Narasimma Pallavan Polytechnic College,81.69319120134526,0,1,71.09330471000563
St Johns College Of Engineering And Technology,81.69345502038638,0,0,46.19409722901089
Bansal Institute Of Research And Technology,81.69776366626778,0,0,45.16041113951869
Svs Educational Park,81.70595036566063,0,1,59.56698986371052
Nilachal Polytechnic,81.71210134103744,0,1,57.31530492415519
Ch Bansilal Government Polytechnic,81.71719131639169,0,1,56.41416109194196
Mam College Of Engineering And Technology,81.71798380052556,0,1,44.44656373385017
Sawai Madhopur College Of Engineering And Technology,81.72712351624557,0,0,53.641676383730285
Dhanalakshmi Srinivasan Institute Of Research And Technology,81.72732757420235,0,2,62.6252666697774
Centurion Institute Of Technology,81.72863381527785,0,0,77.33291301860922
Ghani Khan Choudhury Institute Of Engineering And Technology,81.73241719969134,0,0,79.96355218932953
Berhampore Polytechnic College,81.74304313122957,0,0,61.93868429183493
Sjvp Polytechnic,81.77399597389476,0,0,74.93754917404013
Vvp Engineering College,81.78972315624098,0,0,53.47612406583359
Tsm Jain College Of Technology,81.79426388073088,0,1,74.70863209126492
Periyar Centenary Polytechnic College,81.79989670062741,0,0,56.37655380466039
Hindustan Institute Of Maritime Training,81.81264031869362,0,0,71.88263511380643
Dr Apj Abdul Kalam Institute Of Technology,81.82682421957313,0,0,61.731750879832994
Christ Institute Of Technology,81.82692750182261,0,2,77.79692886976724
Methodist College Of Engineering And Technology,81.83505740898619,0,1,55.577462150602734
Gurgaon College Of Engineering For Women,81.83610051931869,0,0,59.00152320831418
College Of Engineering,81.86077958122752,0,1,40.3480413677591
Bhubaneswar Polytechnic,81.86782619386032,0,1,52.12674504574807
St Soldier Institute Of Pharmacy And Polytechnic,81.87765630265127,0,0,41.32824737627371
Institute Of Tool Engineering,81.8777300755734,0,0,50.73301201394354
Sri Sai Ram Engineering College,81.87872885466388,0,0,47.3154986242208
Yrs Polytechnic College,81.91077231531827,0,1,53.44616337723262
Pailan Technical Campus,81.91625510427559,0,1,51.68645416105694
Teegala Krishna Reddy Engineering College,81.91916419514443,0,0,57.71473671814749
Bits College Of Polytechnic,81.92516200568818,0,1,42.35290342679521
Tamilnadu Polytechnic College,81.93682473875297,0,0,64.68314598061849
Gramin Polytechnic Dharmapuri,81.94474380342676,0,0,61.32258335477522
Government Polytechnic For Women,81.94922175700938,0,0,79.0476530595779
Nalgonda Institute Of Technology And Science,81.96124049885381,0,0,49.667921917985055
Teerthanker Mahaveer University,81.9793647608971,0,0,77.4398692073135
Padmashri Dr Vb Kolte College Of Engineering,81.98324994465295,0,0,46.2670518409688
Aliah University,81.99292978026105,0,0,66.62170303846504
Central University Of Rajasthan,81.99418896053119,0,2,63.3790558462816
Francis Xavier Engineering College,82.00465854470187,0,0,55.31855003935775
Atharva College Of Engineering,82.01081311988938,0,1,78.39540014188245
Jawaharlal Nehru Architecture And Fine Arts University School Of Planning And Architecture,82.02393611361072,0,0,44.94319571684791
Shri Yogindra Sagar Institute Of Technology And Science,82.02679104524917,0,1,70.62811380698523
Dy Patil College Of Engineering And Polytechnic,82.03083198475576,0,0,50.22454882786837
Vel Tech High Tech Dr Rangarajan Dr Sakunthala Engineering College,82.03500299999342,0,0,63.52908809398817
Npr College Of Engineering And Technology,82.04538893680845,0,1,57.54389533841999
Cbs College Of Polytechnic,82.04900490194706,0,0,53.73193620559248
National Dairy Research Institute,82.05269813398962,0,0,42.88221967022381
Bishnupur Public Institute Of Engineering,82.05316676171515,0,0,63.94308208097328
Pgp Polytechnic College,82.05773739598266,0,1,46.69188146089972
Sharda University,82.07332754817277,0,0,43.24178221385864
Glocal University,82.07974280715055,0,1,61.05212870893932
Shri Pd Patil College Of Engineering,82.0859585751376,0,0,48.805755907814174
Jt Mahajan Polytechnic,82.09280466146632,0,0,64.51674434965774
Karpagam Academy Of Higher Education,82.09564078034288,0,0,68.38844768764267
Rajeev Institute Of Technology,82.1013978767331,0,1,77.7841185823175
Shetty Polytechnic College,82.10141685495188,0,0,49.8926186340526
Sunder Deep College Of Engineering And Research Centre,82.10680188821576,0,0,48.05421459345794
Atal Bihari Vajpayee Government Institute Of Engineering And Technology,82.13066077140343,0,0,50.34764796315997
Guru Angad Dev Veterinary And Animal Sciences University,82.15292540397232,0,0,71.78234486366262
Panimalar Engineering College,82.16462409573296,0,0,63.430892683260375
Psr Engineering College,82.17876104330557,0,0,58.65665338384765
Dr Ngp Institute Of Technology,82.18504971508742,0,1,57.66146914698671
Katgara Polytechnic Institute,82.19687606668512,0,1,59.90163497941703
Thanthai Periyar Government Institute Of Technology,82.22639989582098,0,2,71.71110542118872
Yashwantrao Chavan Institute Of Polytechnic,82.23085359318789,0,0,63.79628364242714
Guru Nanak Institute Of Engineering And Technology,82.23186974854664,0,1,60.806608586719605
Vrs And Yrn College Of Engineering And Technology,82.2345744160246,0,0,45.44562549933017
Ivs Polytechnic,82.23458251588579,0,2,64.20483510776828
Rajdhani Engineering College,82.2403383950404,0,1,53.55968891767596
Sanketika Institute Of Technology And Management,82.24305419862156,0,0,40.91500889359193
Gsss Institute Of Engineering And Technology For Women,82.24818733080278,0,1,78.03993929800001
Sg Balekundri Institute Of Technology,82.2606997018892,0,0,40.376840966597904
Dr Tma Pai Polytechnic,82.27017068661576,0,0,70.1918200877843
Krishnasamy Memorial Polytechnic College,82.27342977915825,0,0,62.65283818940951
West Bengal University Of Animal And Fishery Sciences,82.27409905261278,0,0,44.24552775933797
Sree Narayana Guru Institute Of Science And Technology,82.28452324232444,0,0,42.217879053736944
Mbs School Of Planning And Architecture,82.29835180996109,0,0,45.99977059129975
Kakatiya Institute Of Technology And Science For Women,82.31764089991701,0,0,45.24599034340172
Jnn Institute Of Engineering,82.3201991589888,0,2,63.44543510121286
Dr Dy Patil Polytechnic,82.32521965210262,0,1,58.66933788662341
Guru Ghasidas Vishwavidyalaya,82.33448901162544,0,0,43.29649604492906
Smt Shantaben Haribhai Gajera Engineering College,82.33950483336321,0,0,71.05533089908884
Patel College Of Science And Technology,82.36313801290159,0,0,69.2326602030845
Calicut University Institute Of Engineering Technology,82.36701960575087,0,0,56.73311165151549
Gurgaon College Of Engineering,82.38960576760252,0,0,79.32066157069676
Guwahati College Of Architecture,82.3898851742571,0,1,52.36543997043406
Shridevi Polytechnic,82.42241374689245,0,0,60.74052341056214
Swami Parmanand Polytechnic,82.42649649364176,0,0,50.112047841849616
Baldev Ram Mirdha Institute Of Technology,82.44780178123719,0,1,62.32574178093024
Tolani Foundation Gandhidham Polytechnic,82.4485883719896,0,0,78.09300683492093
Vivekanand Institute Of Polytechnic,82.45375502504021,0,2,72.32205974795897
Bhajarang Engineering College,82.45679773593025,0,1,59.97584603392784
Babulal Tarabai Institute Of Research And Technology,82.47406687413445,0,0,44.44714008408278
Aj Institute Of Engineering And Technology,82.47744245780078,0,0,77.99597174663225
Adani Institute Of Infrastructure Engineering,82.48428236015036,0,1,78.47466315428028
Cochin College Of Engineering And Technology,82.49888025767378,0,0,59.736253222447246
Synergy Institute Of Technology,82.50376423319281,0,0,67.85347225425284
Ilm College Of Engineering And Technology,82.50848425744425,0,1,73.39125797728457
Haryana Institute Of Technology,82.51356210892621,0,0,43.418365625050704
Hi-Tech College Of Engineering,82.51374572555548,0,0,56.33226180437229
Turbomachinery Institute Of Technology And Sciences,82.51725165601161,0,0,79.81901042866718
Bits Pilani- Hyderabad Campus,82.51988729563405,0,1,46.51106722861691
Sankara Polytechnic College,82.53319068404338,0,0,58.99944439767912
Vijay Rural Engineering College,82.538349591186,0,0,63.25596819408355
Shoolini University Of Biotechnology And Management Sciences,82.56917507336934,0,2,51.74032080737025
Vasavi Jnana Peetha Polytechnic,82.57241212228479,0,0,55.7094268320559
Dnyanshree Institute Of Engineering And Technology,82.5801739041348,0,0,59.56801826282024
Jansons Institute Of Technology,82.58605528291483,0,0,52.31391188455897
Vaagdevi Engineering College,82.60882028605768,0,0,72.2802199654727
Rewa Engineering College,82.61472856503636,0,0,60.678468393091634
Es Engineering College,82.61489301302251,0,0,74.01776281593332
Radical Technical Institute,82.61738356925127,0,1,65.84540350788373
Intellectual Engineering College,82.62388922788801,0,1,66.75005510900114
Karur College Of Engineering,82.62391958863695,0,1,68.1431113730881
Calcutta Institute Of Technology,82.63695384174372,0,1,71.67994432919389
Anurag College Of Engineering,82.64406577352796,0,0,53.53262426576653
Ramrao Adik Institute Of Technology,82.64724442109488,0,1,66.18433643896638
Eshan College Of Engineering,82.65252327632271,0,1,67.09545638956428
Mohamed Sathak Engineering College,82.67128937192987,0,0,40.68820707285593
Buchepalli Venkayamma Subbareddy Engineering College,82.67469669095286,0,0,77.48095377218718
Tamilnadu College Of Engineering,82.680642987082,0,1,67.67813483700195
Shree Saraswati Education Sansthanï¿½S Group Of Institutions- Dept Of Engineering,82.69463167023409,0,1,41.90039950867106
Vadodara Design Academy,82.69798380152662,0,0,78.71077773187085
College Of Architecture And Centre For Design,82.70095270700278,0,1,56.69993754033314
Ng Patel Polytechnic,82.70827368392939,0,1,51.31920181338751
Government College Of Engineering Textile Technology,82.70943894974042,0,0,68.3273018312151
Bansal College Of Engineering,82.72719202141003,0,0,68.64764707191839
Jain Institute Of Technology,82.7327355563433,0,0,50.33182743676636
Madhu Vachaspati Institute Of Engineering And Technology,82.74028817036829,0,2,46.36286831724048
Nmdc Dav Polytechnic,82.7440674796114,0,1,61.30778577278959
Vijayanagara Sri Krishnadevaraya University,82.74499924736594,0,1,52.54175237959198
Rizvi College Of Engineering,82.75700745011096,0,0,66.16980972197562
Psg Institute Of Technology And Applied Research,82.76521306990772,0,1,40.6874934725146
Joginpally B R Engineering College,82.77240861650813,0,0,40.57736836919608
Dnm Institute Of Engineering And Technology,82.78485264781685,0,0,60.20922029516957
Audisankara Institute Of Technology,82.80688273779208,0,0,48.82357794085456
Ssk Polytechnic College,82.82238493176763,0,0,51.43293275321594
Regional Polytechnic College,82.84863227270685,0,0,52.78599224783207
Seth Haribaksh Lohia Jairam Mahila Polytechnic,82.85910984028641,0,2,75.17861507937496
Sbcms Institute Of Technology,82.87276304315832,0,0,53.83755334029623
Khalsa College Of Engineering And Technology,82.87448876298373,0,0,45.76074389650638
Sri Chaitanya Technical Campus,82.87473517136885,0,2,45.196626125572415
Bahubali College Of Engineering,82.87885012441589,0,0,70.68682419202233
Mai Bhago Government Polytechnic College For Girls,82.87892456521266,0,0,61.86243902040404
Rudrapur Institute Of Technology,82.88562959526098,0,0,65.36183605858628
Shri Krishnaa College Of Engineering And Technology,82.88760280828069,0,2,49.0927908437904
Sri Venkateswaraa College Of Technology,82.89240914761984,0,0,70.38234202797362
Akula Sree Ramulu Institute Of Engineering And Technology,82.90915171854004,0,0,44.46703854908129
Indian Institute Of Science Education And Research Bhopal,82.94797060821658,0,0,56.21034262706247
Sri Nandhanam Polytechnic College,82.95711758459674,0,0,56.57461671859286
Dr Dy Patil College Of Polytechnic,82.96240914765849,0,0,46.19542177127939
Nalla Narsimha Reddy Education Society'S Group Of Institutions,82.96908711969061,0,0,51.31017439834637
Marwar Engineering College And Research Centre,82.9927135765619,0,0,69.76311726177164
Mspvl Polytechnic College,82.99284888278194,0,2,74.67838585577135
Vindhya Institute Of Technology And Science,82.99413145294548,0,0,78.07095788492387
Amani Group Of Institutions,82.99799430420585,0,0,79.71085794564543
Bajaj Institute Of Technology,83.00305035174074,0,0,77.38081346319052
Department Of Computer Science,83.01549373271367,0,2,56.515664016165054
Sagar Institute Of Research And Technology-Excellence,83.0248123412605,0,1,46.02344600854988
Fx Polytechnic College,83.02818422935158,0,0,48.36149777773656
Nadimpalli Satyanarayana Raju Institute Of Technology,83.02870383683768,0,0,68.51084694328677
Hke Society'S Pda College Of Engineering,83.03226057864558,0,0,66.33436806983434
Dr Dy Patil University,83.03481921513557,0,0,50.22473648099853
Av Parekh Technical Institute,83.05285676381425,0,0,51.93131766146403
Mvj College Of Engineering,83.07006987289309,0,2,65.92042910787511
Maxim Institute Of Technology,83.070839898896,0,0,43.48401467988529
Gnanamani College Of Engineering,83.0708797110802,0,0,42.51344851240305
Vv College Of Engineering,83.07095036946345,0,0,41.480406433304566
Adyapeath Annada Polytechnic College,83.09814972113105,0,0,62.014496071276206
Bhaavya Technical Institute,83.10631481011222,0,1,47.63307109365458
Saintgits College Of Engineering,83.15708052403122,0,0,77.66259193881943
Residential Girls' Polytechnic,83.16184247313143,0,1,63.7367936844231
Indian Institute Of Information Technology,83.16316938031028,0,1,48.6551449000138
Shree Hari Polytechnic Institute,83.17813905676925,0,2,60.05647135891684
Kalyani Government Engineering College,83.19381554300185,0,1,42.48602652516448
Jorhat Engineering College,83.20730460504171,0,0,74.99353550108063
Vinayaka Mission'S Kirupananda Variyar Engineering College,83.22004257810029,0,0,78.86255351352716
Jv Mandals Polytechnic College,83.23378583182964,0,1,40.48327069414316
Nigama Engineering College,83.23746806315526,0,0,63.4311873550832
Institute Of Advanced Research,83.23914679398935,0,0,63.195611354155474
Smt Lv Government Polytechnic,83.25026855893034,0,0,59.98760092717867
Pk Institute Of Technology And Management,83.26335939084208,0,1,49.88913764462205
Jayoti Vidyapeeth Women'S University,83.26890521003476,0,0,54.94601743193793
Shri Gulabrao Deokar Polytechnic,83.27559761260558,0,0,55.88937677143912
Sri Shakthi Institute Of Engineering And Technology,83.27817222367915,0,0,47.25216772094362
Bhawani Institute Of Technical Education,83.2858008788823,0,0,64.18613977074364
Gopalan College Of Engineering And Management,83.28745227379008,0,2,52.21954880811356
Barkatullah University Institute Of Technology,83.29635363448912,0,0,74.33790188989798
Shri Mata Vaishno Devi University,83.32375160176981,0,0,47.97703149934157
Shri Labhubhai Trivedi Institute Of Engineering And Technology,83.32621745003652,0,0,65.56479673511635
Dr Babasaheb Ambedkar Technological University,83.33219953861847,0,2,43.67408957483368
Aditya College Of Technology And Science,83.33595963196224,0,0,53.0126093935172
Kopal Institute Of Science And Technology,83.37281468827217,0,0,70.21418521157095
Swaminarayan College Of Engineering And Technology,83.37775166043808,0,1,75.33462034019561
School Of Technology And Applied Sciences,83.3890170582423,0,0,57.49241074829612
Uttaranchal Institute Of Technology,83.39288523304658,0,0,65.03282161580034
Latha Mathavan Engineering College,83.3930632147167,0,2,44.35026157575722
Shri Shankaracharya Engineering College,83.40368433816514,0,1,54.14988320560873
Laljibhai Chaturbhai Institute Of Technology,83.40577618517358,0,0,46.78870470748035
Guru Nanak Institute Of Engineering And Management,83.44878156012693,0,0,76.36758799769945
Vsb College Of Engineering Technical Campus,83.46898348587888,0,0,51.15574096509695
Thamirabharani Engineering College,83.46935091119317,0,0,70.14206350253653
Fatima Michael College Of Engineering And Technology,83.47249648150802,0,0,64.54724049818735
Apex Professional University,83.48681298349925,0,0,66.9128728227413
Ges Polytechnic College,83.50560506732971,0,0,45.449120973605226
Rishi Chadha Vishvas Girls Institute Of Technology,83.5173646692519,0,2,64.76529227167077
Sinhgad Academy Of Engineering,83.5178734910476,0,1,51.73549980055017
Smt Premalatai Chavan Polytechnic,83.5254026867633,0,0,78.09944322025443
Bharat Engineering College,83.53586344934227,0,0,79.45380767050102
Shri Shankaracharya Group Of Institutions,83.54641058030347,0,2,70.90987458904405
Sandipani Technical Campus Faculty Of Engineering And Polytechnic,83.55039418511528,0,1,69.13798403621605
Grandhi Varalakshmi Venkata Rao Institute Of Technology,83.55091645926404,0,2,57.16370233780082
Sai Ganapathi Polytechnic,83.58622001608865,0,0,62.145343819379846
Rkdf College Of Engineering,83.59917410618579,0,0,57.80944198709837
Rustamji Institute Of Technology,83.61970913975604,0,2,54.78877392842283
Bineswar Brahma Engineering College,83.62076153431985,0,2,62.734016032010985
Act College Of Engineering And Technology,83.63002137677626,0,0,48.031658836590495
Bengal Institute Of Technology And Management,83.63180980193646,0,0,72.97197283660121
Kalasalingam Institute Of Technology,83.63918048317636,0,0,42.65197875544617
Imayam College Of Engineering,83.64760196078416,0,2,48.97608943105169
Jagadguru Dattatray College Of Technology,83.65394881760876,0,0,45.70048219396232
Neelkanth Institute Of Engineering And Technology,83.70046360544629,0,2,78.04753434668542
Rsr Rungta College Of Engineering And Technology,83.71040888004347,0,0,59.367155927624296
Siga Polytechnic College,83.71377706545536,0,0,55.79828072557526
Trinity Academy Of Engineering,83.72198475025269,0,0,61.57492626393466
Ramakrishna Mission Shilpamandira,83.74275250801712,0,0,79.9232183107087
Birla Institute Of Technology,83.74690976191414,0,2,52.866463252739706
Satyam Polytechnic And Pharmacy College,83.74895425387027,0,2,57.29872004642377
Kings College Of Engineering,83.75032111195219,0,2,53.104080703413885
Ramu Seetha Polytechnic College,83.75658028174226,0,0,50.9582735039161
Dr Pauls Engineering College,83.76087988850358,0,1,73.51709294944934
The Kongu Polytechnic College,83.76130317543742,0,0,54.83479159850019
Selvam College Of Technology,83.76715708177842,0,0,58.08612516238719
M Kumarasamy College Of Engineering,83.77543288011432,0,0,44.12463978383538
Shivalik College Of Engineering,83.78205326956083,0,0,55.72552242808028
Sai Meer College Of Polytechnic,83.78280682900963,0,2,47.56832093181299
Gujarat Forensic Sciences University,83.78750879400945,0,0,51.21516068968017
Chandy Polytechnic College,83.78906863467213,0,0,65.58211072840108
Ramgarhia Institute Of Engineering And Technology,83.7982049116111,0,0,43.96475165975999
Jagannath University,83.81508305926064,0,2,51.00933583239739
Moradabad Polytechnic Institute,83.82911901979304,0,0,54.87745441346571
Bapatla Engineering College,83.83372632178761,0,0,75.47566793304313
Asian School Of Technology,83.83715662139639,0,1,47.48168567312057
Sri Yvs And Sri Brm Polytechnic,83.85925711233435,0,0,69.03106492274125
Balaji Institute Of Technology And Science,83.87807330423844,0,1,62.46121888667582
Aryabhatta College Of Engineering And Research Centre,83.88478153124848,0,0,40.48400966487354
Madin Polytechnic College,83.89110790629383,0,1,62.513729811441024
Dev Bhoomi Group Of Institutions,83.89568390019909,0,0,63.50519362424114
Guru Gobind Singh Government Polytechnic,83.89979347857681,0,0,58.99184161983072
Syed Ammal Engineering College,83.91646545046092,0,1,48.989325627098346
Ganpati Polytechnic For Engineering,83.94585516760728,0,2,57.52701826995787
Modi Institute Of Technology,83.94780185953408,0,0,51.93327894784337
Al Azhar College Of Engineering And Technology,83.99005337882906,0,0,51.54329649032341
Gh Raisoni Polytechnic,84.00052376013284,0,0,49.08148579881991
Amrutvahini College Of Engineering,84.01153233092757,0,2,77.46360986082794
Shri Guru Gobind Singhji Institute Of Engineering And Technology,84.01323736710582,0,1,78.94743820066579
Dmi Engineering College,84.03784615496059,0,1,51.53168202209116
Lj School Of Architecture,84.04174242498443,0,1,40.58681634777895
Advanced Institute Of Technology And Management,84.05139160142357,0,0,61.06130276712448
Agnel Technical College,84.05694547982588,0,0,44.93117739710739
Shyam Institute Of Engineering And Technology,84.05810779239626,0,0,60.53319054339615
Amity School Of Engineering,84.06204843278971,0,2,43.51428091404173
Mount Faran Polytechnic,84.07575486633431,0,0,52.972367263844944
Sangam University,84.10682357238952,0,0,76.98500777659493
Rr Institute Of Modern Technology,84.1298755698533,0,0,72.98499813659673
Rajiv Gandhi College Of Engineering,84.13934047927565,0,0,77.05770417717959
Abha Gaikwad-Patil College Of Engineering,84.15060262385032,0,1,72.94473285346803
Bhai Maha Singh College Of Engineering,84.15242770282546,0,0,66.95082133062884
Janta Polytechnic,84.1558111612581,0,2,54.723959115032535
Leads Institute Of Technology And Engineering,84.16606468235585,0,1,51.85098172591597
Minerva College Of Architecture,84.1675329938659,0,0,50.86383385603656
Siddharth Polytechnic,84.17291459166668,0,0,62.9406419203611
Sri Ramakrishna Institute Of Technology,84.17488013372737,0,2,72.51705063490515
Kk Polytechnic,84.20306484898452,0,0,70.02014380311851
Awh Engineering College,84.20726277492466,0,0,57.07678165192733
Om Institute Of Architecture And Design,84.21066709864924,0,0,50.572508579274064
Vadodara Institute Of Engineering,84.22031671305342,0,0,52.932307806642655
Ram-Eesh Institute Of Engineering And Technology,84.22248391408773,0,2,46.81880177369006
Mount Zion College Of Engineering And Technology,84.22582666235957,0,0,63.00796593419277
Smt Rajshree Mulak College Of Engineering For Women,84.23040319982384,0,0,78.24811931610844
National Sugar Institute,84.23212511125283,0,0,44.410104176109
Gyanmanjari Institute Of Technology,84.23698680583016,0,0,51.13414275995715
Ramachandra College Of Engineering,84.24133723298982,0,0,72.26562610584179
Acn College Of Polytechnic,84.25525345491405,0,0,60.80684163266582
Seth Jaiprakash Mukandlal Polytechnic For Women,84.25941706297569,0,1,75.18769389975672
Sigma Engineering College,84.26149256120758,0,0,73.07960409071447
Dayalbagh Educational Institute,84.27074354384166,0,2,64.60905730413728
Gyan Ganga Institute Of Technology And Sciences,84.29448592648492,0,0,47.319751510458254
Egs Pillay Polytechnic College,84.29557018444575,0,0,45.79642931576095
Ambition Institute Of Technology,84.29708159870074,0,2,49.10290612794533
Kkc Institute Of Technology And Engineering For Women,84.32924020141041,0,1,55.17184374926028
Siddaganga Institute Of Technology,84.34243928863066,0,0,76.90920175095772
University Of Kashmir,84.34911217954328,0,0,62.86486453849207
Agnel Institute Of Technology And Design,84.35422518010202,0,2,56.97567033085472
Vision Institute Of Technology,84.36122879664873,0,0,71.31946316199304
Dibrugarh University,84.36212865211814,0,2,53.98679537257477
T John Institute Of Technology,84.36595188825606,0,2,62.90890904794146
Vijay Pratap Institute Of Technology,84.3665467444984,0,1,67.55923325982576
Viva School Of Architecture,84.37841071788165,0,0,67.2467098265482
St Judes Polytechnic College,84.38142556389488,0,0,75.68606086740098
Arham Veerayatan Polytechnic Institute,84.39403853222274,0,0,51.63292653826166
C Byregowda Institute Of Technology,84.39965916814725,0,0,55.5548644896428
Erode Kongu College Of Polytechnic,84.40872725862468,0,0,72.71447058387702
Jp Institute Of Engineering And Technology,84.41280468742065,0,0,76.24543778744078
Sant Gajanan Maharaj Rural Polytechnic,84.41985843743905,0,2,64.2944634845652
Dr College Of Engineering And Technology,84.43007096963436,0,0,75.54544433934068
Government Sri Krishnarajendra Silver Jubilee Technological Institute,84.45322436526861,0,1,42.37639906363878
Bs Anangpuria Institute Of Technology And Management,84.45363939771316,0,1,59.48521771284343
Maya Institute Of Technology And Management,84.46282877650762,0,0,43.67501980376093
Shobhit Institute Of Engineering And Technology,84.47799959763208,0,0,65.46044698030288
Dsr College Of Polytechnic,84.47811856912327,0,0,75.78124845040928
Sagar Institute Of Research And Technology,84.48281501350344,0,0,41.17180897816647
Rv Institute Of Technology,84.48319073389573,0,0,41.68337097097311
Nandha Polytechnic College,84.485475341288,0,0,70.40744172029373
Raj Kumar Goel Engineering College,84.50616877631246,0,0,69.5688135203232
Smt Indira Gandhi College Of Engineering,84.51402912370037,0,0,41.90673151373097
Rajarshi Shahu Maharaj Polytechnic,84.51729463565789,0,1,55.72111764036229
Mahant Bachittar Singh College Of Engineering And Technology,84.52526009282619,0,1,77.94020073508665
Sri College Of Engineering And Technology,84.53878662000494,0,0,46.72226741175392
Indian Institute Of Information Technology Dharwad,84.53986602531367,0,2,63.33091324205712
Mnsk College Of Engineering,84.55052382151584,0,2,78.61849734764738
Malabar Institute Of Technology,84.55395757303222,0,0,79.41765733149933
Kk Wagh Women'S Polytechnic,84.56816215681995,0,0,73.10657434540937
Pr Patil College Of Architecture,84.5750661386815,0,0,45.42672016122166
Smt Kamala And Sri Venkappa M Agadi College Of Engineering And Technology,84.58801020911028,0,0,67.20775260476002
Biff And Bright College Of Engineering And Technology,84.59929482259659,0,1,41.74905760923684
Baba Ghulam Shah Badshah University,84.6004118198918,0,1,66.53048675901368
Utkal University,84.61880706216024,0,0,44.202084926616095
New Satara College Of Engineering And Management,84.63505395149835,0,1,49.496645388514295
Maharaja Surajmal Institute Of Technology,84.64601696191667,0,0,57.38489558553447
Padmabhushan Sri N Ramaswami Ayyar Memorial Polytechnic College For Girls,84.6493642261184,0,0,66.03797869412499
Tj Institute Of Technology,84.65916316962179,0,1,42.68586284725837
Rayat Polytechnic College,84.6714165939091,0,0,60.79707217223738
Swami Vivekanand Subharti University,84.67894074370992,0,0,65.49208794663541
Avs College Of Technology,84.71773345223656,0,0,75.30553764478108
Omdayal Group Of Institutions,84.72567357758786,0,0,61.55255154198576
Rayagada Institute Of Technology And Management,84.74272237613434,0,2,58.87780145958889
Sri Nandhanam College Of Engineering And Technology,84.74433910922198,0,0,47.54241385712098
University College Of Science,84.74462758170822,0,0,79.23265767032785
Guru Gobind Singh Polytechnic,84.75246347017381,0,0,55.33425547645223
Seshachala Institute Of Engineering And Technology,84.75373308304182,0,0,76.08070882998823
Aryan Mukul Polytechnic College,84.75839139921132,0,0,41.98567726353352
Vishveshwarya Group Of Institutions,84.76735606031474,0,0,50.52147809643138
Sir M Visvesvaraya Polytechnic,84.77934405250437,0,2,65.16625499868567
Doon Valley Institute Of Engineering And Technology,84.79172135231423,0,1,48.14692122264574
Pavendar Bharathidasan College Of Engineering And Technology,84.81670160067577,0,0,54.91693649640694
Hi-Point College Of Engineering And Technology,84.82953545606615,0,0,40.29177327173057
Merchant Engineering College,84.88301793187514,0,1,67.60424099343848
Regional Institute Of Science And Technology,84.88918448043461,0,1,47.89479251297605
Rte Society'S Rural Engineering College,84.89909787425276,0,0,70.00721413721101
Birbhum Institute Of Engineering And Technology,84.90527259024327,0,0,72.97514796056947
Kalinga University,84.90994066459544,0,1,54.36398162557426
Dr Rajendra Gode Institute Of Technology And Research,84.91128216496213,0,0,75.81997541634236
Anwarul-Uloom College Of Engineering And Technology,84.92386437731491,0,1,74.84741699134916
Knowledge Institute Of Technology And Engineering,84.94509429217298,0,0,52.75699910265659
Vasant Polytechnic College,84.9564788806999,0,2,55.92699346163131
Saraswati Polytechnic College,84.97366006579114,0,0,69.57746718547324
Avn Institute Of Engineering And Technology,84.98566350696841,0,1,75.61625020167236
Hastinapur Institute Of Technology And Management,84.9971418831501,0,0,69.71889011934195
Rajkiya Govind Ballabh Pant Polytechnic,84.99825862390483,0,0,64.52495166404621
National Institute Of Technology Meghalaya,90.36591660037853,0,0,96.05598666690356
National Institute Of Aeronautical Engineering Research And Management,90.41539398033358,0,0,94.29425364611586
Indian Institute Of Technology Jodhpur,90.49279823167946,0,0,94.56682577065112
National Institute Of Technology Hamirpur,90.49520944239372,0,0,97.41367870349228
National Institute Of Technology Patna,90.78923031069736,0,0,98.80515403521932
Indian Institute Of Technology Hyderabad,90.8102963157803,0,0,94.71597049443496
Indian Institute Of Technology Gandhinagar,90.838439154914,0,0,98.51271941760884
International Institute Of Engineering And Technology,90.88388348121688,0,0,98.55725860337311
National Institute Of Foundry And Forge Technology,90.89431319616608,0,0,96.08768513771014
National Institute Of Industrial Engineering,91.23216111110447,0,0,98.71690542487518
National Institute Of Technology Delhi,91.31403099755276,0,0,95.02466099273778
National Institute Of Technology Manipur,91.45984546894906,0,0,96.3265454370076
The National Institute Of Engineering,91.85529670209112,0,0,93.08559794307182
National Institute Of Technology Kurukshetra,91.9241825058276,0,0,97.44623850875932
Indian Institute Of Technology Banaras Hindu University Varanasi,92.36909512061186,0,0,95.52145197367108
National Institute Of Technology Nagaland,92.56649610006691,0,0,96.0432104067498
Brm International Institute Of Technology,92.63885757141315,0,0,97.4145479454588
National Institute Of Science And Technology,92.8035165419937,0,0,94.78050124640993
Sine International Institute Of Technology,92.82885810113628,0,0,94.62848634407592
National Institute Of Technology Jamshedpur,92.83229058241824,0,0,97.9285887349846
National Institute Of Technology Andhra Pradesh,93.04025728095796,0,0,98.65948739992538
Indian Institute Of Technology Dharwad,93.24823087142914,0,0,93.94388082809276
Babu Banarasi Das National Institute Of Technology And Management,93.54859181811284,0,0,93.05411215277684
Indian Institute Of Technology Mandi,93.64424512377477,0,0,98.3604851791386
Indian Institute Of Technology Goa,93.689541899262,0,0,93.9971024913187
International Institute Of Information Technology,93.85010013038556,0,0,93.15904138641574
Dr B R Ambedkar National Institute Of Technology Jalandhar,94.2669349058319,0,0,95.38365700543336
Indian Institute Of Technology Indian School Of Mines Dhanbad,94.29839533529348,0,0,97.61676264437288
Dr Shyama Prasad Mukherjee International Institute Of Information Technology,94.51016073027516,0,0,94.73668872236344
International Institute Of Information Technology Bangalore,94.81053138089258,0,0,98.6316843740475
Meerut International Institute Of Technology,94.88003282358378,0,0,93.3390154081934
Indian Institute Of Technology Patna,95.09464521870387,0,0,96.98064246255
International Institute Of Technology And Management,95.17041805185346,0,0,92.97560528408492
National Institute Of Pharmaceutical Education And Research Sas Nagar,95.17145778342784,0,0,98.8886149268874
National Institute Of Technology Raipur,95.24209039081384,0,0,96.88994875064488
Maa Buddha National Institute Of Engineering And Technology,95.42090320438554,0,0,95.75788158423528
Maharishi Arvind International Institute Of Technology,95.4430615634179,0,0,96.41713660974484
National Institute Of Technology Silchar,95.80689330911542,0,0,98.018356723941
National Institute Of Technology Srinagar,95.98391629945988,0,0,98.54299623777304
National Institute Of Electronics And Information Technology,96.3734847500852,0,0,93.9827451974214
National Institute Of Technology Puducherry Karaikal,96.45410114421446,0,0,94.50137730568304
National Institute Of Technical Teachers Training And Research,96.58583148626649,0,0,95.22630458883756
Indian Institute Of Technology Bhubaneswar,96.94724696513772,0,0,98.67858429677776
Indian Institute Of Technology Tirupati,96.97124617571674,0,0,97.7861341205206
Indian Institute Of Technology Indore,97.12203261442102,0,0,92.85097321610353
Indian Institute Of Technology Jammu,97.13997263316404,0,0,98.12384296576676
Indian Institute Of Technology Guwahati,97.3316225069873,0,0,93.28596961577132
Visvesvaraya National Institute Of Technology Nagpur,97.4320456953354,0,0,97.8049969359275
National Institute Of Technology Durgapur,97.44729543677472,0,0,96.23777605316748
Satyam International Institute Of Technology,97.66911586057827,0,0,97.47826345119752
Homi Bhabha National Institute,97.84565306745009,0,0,97.5899012585524
International Institute Of Technology And Business,98.1931895181036,0,0,98.73281566493938
Indian Institute Of Technology Bhilai,98.21717371833752,0,0,92.21538860263374
National Institute Of Fashion Technology,98.7898842184192,0,0,94.05378237354678
Indian Institute Of Technology Palakkad,98.85046939242434,0,0,93.95584435011558
National Institute Of Technology Uttarakhand,98.86883064537328,0,0,95.75342979440784
National Institute Of Food Technology Entrepreneurship And Management,98.9787821472362,0,0,93.22838027444936
National Institute Of Technology Agartala,99.010294906872,0,0,95.71911398425866
National Institute Of Technology Arunachal Pradesh,99.046938890308,0,0,97.09981725772596
National Institute Of Technology Rourkela,99.11812592325862,0,0,94.76655034408807
Malaviya National Institute Of Technology Jaipur,99.17488054095972,0,0,95.48663431406392
Maulana Azad National Institute Of Technology Bhopal,99.37839918871424,0,0,97.2345515872578
Sr International Institute Of Technology,99.45986494468276,0,0,96.19550586230396
National Institute Of Technology Goa,99.53910718804424,0,0,97.02985859433508
Indian Institute Of Technology Ropar,99.81590429237258,0,0,98.01037034020148
Sardar Vallabhbhai National Institute Of Technology Surat,99.8528686894691,0,0,97.17845477140489
National Institute Of Technology Mizoram,99.90332182525972,0,0,93.0154609147912
National Institute Of Technology Sikkim,99.98647900028163,0,0,92.29457100792442
